muhd_msl,
at.mo.m.ch.13.1997,
kiavash.reza13,
navid.asadi.eragh,
sara.shoj,
i.hate.every,
mhds_fd,
fatemeh.m0161,
a_eslami4546,
pooya9139,
shadan_kazemi44,
mahtab_rasuolian,
saghar__abbasi,
fateme._.qn,
ahmad_ashari_74,
reza_shahsavan7697,
ehsawwwnn,
m.pashaeiii,
alireza__97_76,
_zeinabmhm159,
salmasisara42018,
shimafatolahi,
royabaraty08,
habib.mehrabie,
mansoorshekib,
aliasghar.varzideh,
meysamkeyvani_2325,
mohammad_ali_jafartabar_kami,
arrmanizadi,
fatemehmahmudi,
mid_zahra9296,
hessamghasemi,
ghazaleh_mlk,
hadi.karimi.shushtari,
mahhh.m66,
cover.gooshi,
mohaddese.71,
alireza_khishkar1999,
atiyeh_kafi,
zohre_daneshvar_75,
elham1989sor,
fa_str_,
fatemeh.kobari,
bahare.salarabadi,
mokhtar.mohara,
farzad.maah,
navidmerabi,
aminf13699,
amirhossein.sh.2000,
mohseneslamiii,
mi.na5543,
anahita_dokhtare_chelgisebahar,
mohammadzohali98,
_.donyataba._,
ftmh.myr8378,
masiha7778,
elhamfarahanii,
ley.m.mo,
zeinab.borji1994,
mohi_vatandoust74,
fereshte3216,
m.sadegh.74,
abbasiiii_m.m,
paaaaaaaaaarii,
shabnam_farzizadeh,
meysam_alipourr,
eslami_75,
saman_abdolli,
sr.nsrh,
omidgholami1367,
ali.ar10,
nima_teimoori,
zahrajahani63,
mehrbanoo__1373,
maayaphoto,
__mozhgan93,
smyh.mmy,
saray_.___,
saba_sd91,
ava137719,
yashgin.maryam.alipour,
mohammad_zare96,
zahra_khameneh.99,
ali.mizbani,
mehdi_rezaei8,
mehdinikoonam,
amy.mni,
kianibehnam,
fateme_najafizade,
hosein_hoseini,
zahraasalehiii,
siyavashshahram,
ehsanmahdian41,
_amirhosseinshomali_,
masoud.najafzade88,
moh3en.mohammadi,
nazanin.poem,
toktam_kafi,
romina_ghsmi,
maryamkhoshhall2376,
farhad.ws,
fateme.xmn,
forouzan.sayyah,
aryan.nosratyy,
aliiott,
samanbastami8,
hamedbassir,
niiknam,
hope_tu_die_,
sohrabghavidel_org,
tajikmn,
mirza_ali_vaziri,
zahraaaam_76,
karim_hemmatidoust,
saeedsoltanirad,
leila81393,
fariba.safarinejad,
rastgar.nima,
30nabagheri,
farzadsaberi61,
partosazan_psco,
m__t62,
saharyasiin,
mastane_r,
parvaz.65,
hoonam7n,
ashkan_gholami32,
yarifarshid81,
haghdadysoody,
prnz_p,
sina_keivandarian,
poet.fahimehoseynzade,
soda_mohajer,
mostafapaimard,
r.khoshaghideh,
zeynabetemad,
sadeghparvin22,
mehrnoosh_kabiri,
a.rah.gozar,
saeed.talouki995,
arezoo.khoie,
ali.maalinia,
azadeh.nika,
mehran_dabir,
faezeh_a94,
f.28542854,
_flickerofhope__,
f80619,
fateme.s.m76,
___.marzi.fathi.___,
y.jafarpoor,
m.hazrati6413,
omid_ganjiiii,
masoume_mirkarimi,
hoseinrasi1,
nima_ghezelloo,
hasan.nori666,
naught__abs,
farzan.aslani.p,
aryw1591,
miim_saaad,
alikh.20.09.60,
farzad.fatahzadeh,
a.vahed.pirzahi,
parisa.m.n,
tina_tin12,
amyrabdy,
atizrgr,
amirino_hajini,
sarayshe,
shahramrafiei69,
hamed.fadayii,
behnazasghari,
fereshte3077,
omid_taheri_fakhr,
mohammadmahdi212,
sasandarabipoet,
a.m.i.r.cam1322,
momeni1390s,
afrooz5929,
mohammadshahriyar_asadi,
mantopapillon,
amirh0sein_m,
daash.iman,
mahboob67s,
rywrzi,
elahe_fayyazii,
mozhdeh_bagheri1,
hossein.jafari.74,
moghaddam2017,
__pourya.masoumi,
hamed.rajabhoseini,
fatimas49,
mohamad.bi.6767,
sadeghkaramipeyk,
azadeh_msm,
mohammadali_yazdani,
vahidthegreat,
bita87az,
sajjad.nasiri.p,
aliasghar.varzideh,
hassanpashaei1996,
samadyar,
mahdieh__sh_,
m_riahi_1388,
mk.talebian,
mrs.moeinfar,
fadya.bazargani.moghadam,
a_bahari12,
zohre4233,
erfane__sh,
saraiiiiie,
alireza.s.a76,
faeze_hz1378,
sepidehdbpr,
ali_mirheydari,
soheilamehdinia,
zib_1357ram,
alireza.bvp,
marjan.haji,
behnambehzadi,
zhaleheidarii,
marjan_alishahi,
rezaiimoghadam,
khodadadishahedeh,
gh_alinezhad,
narjes_chvshi,
re.e98,
mina.faridrad,
mo_hsen8135,
delfi_reza,
s.a.r.a.y.ashk23,
setayesh623.kz,
rezvan.yekiyedooneh,
negin.chn,
anna_moafi,
imannn.rm,
helma7297,
masih.masiha60,
lida_200912,
mojtaba_shrad,
benyamin_javani,
m.ishigh,
ahmad.n28197,
reza_hasanbeigi,
tarik.va.ronak,
shahrokh_ahameh,
bazarnashr,
teymoorimina02017,
masoume_zn,
sara_gole_abrisham,
shahram.talatoof,
mozhgan_es59,
meehrabannnn,
__pary_sa,
qiimiia,
hedieh_mddi,
forough__khosravi,
ghande_par30,
fatemeh__dashti,
mahdi_heydari_s,
ali.salimi255,
esmaily1985,
farhadmohammadi8956,
ineginnn,
gol_anaa,
sareh__poorian,
p.mohamadi72,
mahtab.s.78,
_pv.nsh67,
melikamahmudi_pv_,
ali.memardoost,
meysam90_shahbazi,
reza.azadian73,
masoud_fakher7,
sahar_kohzadi1909,
ahmadrezaa.saberii,
fereshteh_h93,
gandomane,
_zeinabmhm159,
baby__shahrukh___shahdadi,
photophy_ir,
milad.jalilian.66,
abbasepb,
andishe190,
mohammad.r.najafi,
sara_faridzade,
fatmem0,
anilnajafi,
taghazol_baran,
_hamed.akbari_,
yasamanrf,
mj_javanbakht,
r.ghasemzadeh_45,
tina._.i,
einqaf,
zba_131,
hosseinchoobi,
shimafatolahi,
rahil_iren,
fateme.h7337,
z.shomali68,
m.shriat_,
abbasali.saffar,
khonyagare.ghamgin,
dele_na_shad,
sayemahtaab_7,
kooch.poem,
farhang.roshani,
pey_shirkhani,
z_1983_a,
fatemeh_yahyaabadi,
reyhaneh.nazemzadegan,
shahla._.gholami75,
fty___,
elahe.abed_23,
mrs.heydarzadeh,
elaheh.2l,
sahar_sh1372,
mahdi_jorj,
peyman_sharifi_3,
zahradehganpour,
aamin.farahmand,
p_mermaid60,
mohseneebrahimi,
reza.hoseinzadeh_,
mth_aaa,
__hanie__rg__,
niloofar_p.s.m,
_kabootar_m,
mwmnmjyd,
y.a.822,
r_mra_,
deinaz.masta,
ma_jid2834,
asikhorasani,
s.mohammad.mortazavi,
__parand__,
shaghayegh_abbasii,
zahra_heidari968,
aliahmadiniya_far,
__hoda.pv__,
hena_8392,
paaaaaaaaaarii,
simingh55,
__sara__a__,
persiapoem,
mehdi.jalilinejat,
parsiyamansouri,
zszszsz2002,
omid__kooshki,
irani._user,
fatima.ahmadi7125,
reyhooneh.af1983,
amir.tavazoe_70,
amir.darouei,
faranak2305,
reza_shahsavan7697,
mahsa.sarsharr,
mary.s2020,
morteza.nezhadi93,
rezazahedipage,
keramat_najafi,
rashidpour.somaye,
faryad.shekari,
sreza_hosaynipoor,
smr.1369,
mohammadbabaeinami,
alinasiri548,
na3_ti,
peyman_amini72,
mohammadzohali98,
its.mobinaa,
reza.heydari6,
ruzhaye_barani2018,
seyedali._h,
m0hammad_h0ssein_kabiri,
hossein.sheydari,
shaghayegh_shrfz,
cr7_1377,
zen_diq,
seid_mehdi_refahi,
mohsenfalaah1991,
smojtabashavandi,
alireza__esfandiyari_,
muhd_msl,
a.sayad.wahab,
hamid_gh62,
madraseye_shahidanzareian,
kanaansalimi,
helia__slh,
azita.besharati,
z.sadeghiii70,
__saradavoodi,
houra.noghandoust,
hamiid_mohammadii,
samaneh6502,
fahimeafzalpoor,
alirezanabavi1414,
romina_ghassemi,
mohammad_rasool_74,
fazel.miraki,
nasim.ghazizadeh,
aliamini75.6,
n.fakour.z,
dariush_azizi_poet,
faeze.ghobadi,
miilad_m.ch,
somaieeslami,
s_sabri74,
shabnam_bastami,
hanyeh_0078,
afsane_5,
hossein_1995__,
haniyeh_fekrat,
shoghyan.fattane,
ghasemzallaghi,
hamidrez_77,
seyedjalal_mirasgari,
nazanin.h.66,
mohammadreza_babazadeh_,
jila1875,
s.nesa.mousavi,
mousavi_fatemeh_00,
mahsa_rudaki106,
nimayounesi1,
art_zahra.navaiyan1369,
emilbarazandeh,
amir.hajizadeh92,
mr.alix03,
seddigheh.hoseini,
ebtehaj75,
zahra_ma9211,
z.k_72.6299,
sahebdelvahid,
jafar.azamii,
yaser.poolaiy,
rasool005348,
artz_1997,
amene_ahmadi,
dr.habib_sadr,
mortezamarvii,
hengart.ir,
olduz_m,
red.wine1998,
sahandnad,
ashkan.ardalan.n,
maralla_m,
alinaderi8,
meysamrohani,
engr_sara_k,
mahmood_chavoshi,
mohsen.baraee.98,
ramezankhani77,
maharasadat,
topic_design,
mr_mo0osavi,
mohammadalijahandidehofficial,
alireza__97_76,
ava.aghaei_,
nafise.mohammadnejad,
maryam.araam,
hosseinbaghery.poem,
armin.najafipour67,
mahdis.unborn,
babak_m23051994,
alinematiofficial,
maryam_norouzi_73,
_sefid._.barfi_,
davood634,
sahar_kavianpour,
faxtod,
mehdi.salimi_1994,
alikarrabi1,
saeedmoozafarii,
farahani_ye,
parhamsh20,
shasto7,
hamid.jahed23,
parisamahmodi60,
amir_hosein_shekarriz,
s__z_65,
arezoo__n71,
amirhasanvandi1364,
mozhgan.frd,
y_a_s_h_a_r_gh,
_i.ftmh_,
amir.h.tm99,
ehsanmirzania,
laya__ap,
ss.kh90,
kimia_abdl,
ali_h__i,
iman_mashayekhi,
pure_bad,
mahbobb1070,
hjt9641,
hassangh.70,
omidkiani,
noyan906,
mahsa.mosallanezhad,
soheil_parhizkar,
kimya.shm,
roya_dokhtaredarya,
neda.mehregaan,
majid_dadfar,
hosseinanvari,
ati.hajipour_87,
amirhosein_heidarpour,
alikasiri1,
javad_gandomchin,
ali_kuhi.1994,
rezazadeh.ma,
nazi_naz79,
firozehch,
parisa2457676,
amlak_khavarmianeh,
siavashhajbabaei,
mehrane_zeinali,
yekta_beauty_salone,
reza_hosein_doost,
amin.v_z11,
ali_nassaji_70,
tahere__kamali,
hamidreza.vahedi55,
javad.kazemaini,
hale_zare,
m.a0s,
ne.da7161,
f.50.m.th,
doniakheirkhah,
hootanshakiba.eshgh,
mahsa.kermani1374,
artmissyalda,
atsh3665,
dshkhl9355,
ranadavoudtorabi,
rezaie_shadii,
amir_hossain_n,
houra.v.mch,
sheroadab,
mohtaj_poem,
homa_estf,
zm_zahra__,
maryam.ad68,
hosseini170658,
afshinjohar,
vahid_dashtizadeh,
mosta.sh,
maryam.deljoupour,
sadra_914,
seyyed_mojtaba_mousavi1367,
arash_valadkhani,
pixelroja,
vahid_aram,
mohammad.mosavi.ghahfarokhi,
324yaser,
sonia.nemati,
shahla_bahmani12,
golnoush_abdolahzade,
sultan_mata,
baghayi_,
sadeghi_adabi,
samira.limoochi,
maryam5256070,
ariya_bidel,
amadebash_miyayim,
s_matin.naghshbandi,
mohammadi.amir58,
akram_hatamiii,
razieh_bahary75,
hadi.tite,
mohammadh_peyvandi,
alale1990,
khodkar_neveshteh,
rezoo.kh,
abbasiiii_m.m,
amin_fire125,
zita.maleki,
bahar_haghshenas,
edrakesabz,
mi.na5543,
shabe_berahne5,
brhymmhmdy2151,
ms_leily,
hamed_zare1993,
sayeh_babaei,
mehranafrooz,
hesam_aghaie,
iman_jafarzade,
m_parsa95,
mohammadavazpoor,
a.l.i.m.c.h,
reza.mrd_,
sido131313,
ali.mohammadi.shoopi,
fahezazary,
samiranazi1313,
marziehghalebpor,
sohafalahatgar,
majidsiavashi88,
mahbakhtiary,
shafiee.saghar,
mohammad_ghasemlouy,
parast00raha,
a_salmani67,
amirmasood_aghabeigi,
behtarinshear,
omidjahadi,
maryam.nazemiiiiii,
karim._.6007,
nasim.akbarzadeh,
j_moghimi,
fatemeh.kashanii,
mhtb7045,
melika.kalhor1378,
farzad.maah,
fatane_darabi95,
majidpg,
pari_kiarsi,
maedeeeh_ho,
27.41903,
delta_mike_moro,
f_maarefvand,
elnazhabibi67.love_,
mjg_raha,
kouroshdavoudibakhtiyari,
mehdii_babaeii,
sima_siimaa,
fari_ba.rajabi,
mahnaz_goli_69,
farideh.fahimii,
hana_vhd78,
hossein_edalati,
maman_kiyan92,
mrz.byt,
bentozzahraa1,
mohammad_zare96,
yahooam,
mehdi_rostamy1313_.w,
mohseno9,
mahdimazuei,
mohajer1995,
barahimi.ali,
rasuolkhalili,
pri.jhni,
aliasghar.varzideh,
sadeghparvin22,
mahdi_heydari_s,
a.rah.gozar,
mahsa.kermani1374,
mina.faridrad,
nazliiiii1396,
miim_saaad,
mehr_banoo_omid,
fakharii.s,
sanazvp,
einqaf,
saraiiiiie,
reza_shahsavan7697,
dr.parvin.hadei,
moh3en.haqiqi,
paaaaaaaaaarii,
ali.maalinia,
reza_haji_97,
m_majidi_79,
vahid_aram,
m_riahi_1388,
farzaneh__salimi,
parisa2457676,
sahar_kavianpour,
mohammadzohali98,
sara_rakei,
haghdadysoody,
zahraaaam_76,
alirezanabavi1414,
lida_200912,
_zeinabmhm159,
mohsenfalaah1991,
tohid_64m,
ajmal_ibrahimi,
azita.besharati,
fahezazary,
royallghasemi95,
alirezarif,
me.aam.bandi,
rahelesafari,
arash.taherkhanii,
fa.kh,
marjan.haji,
bita87az,
somaieeslami,
majid.lawyer1366,
reyhaneh.nazemzadegan,
miss.violet__,
donya_sedaghat_,
f_maarefvand,
yeganehakbarii,
hamed_yadegari,
arnavaz_banoo,
alireza_norouzi75,
amirhosein_heidarpour,
n_z_k_17,
arman.seyfi11,
armansalimipoetry1368,
f_chavoshist,
mehrnoosh_kabiri,
mohammadhosseinrezaei1992,
sima.samodi,
izimobina,
mahin.yamini.hekmat,
___.marzi.fathi.___,
oveys.mirayiz_gorgani,
saba_sadeghi99,
behradzakeri,
man_khod_an13am,
mahdi.safikhani_,
faxtod,
miss.arefe313,
najafabadi_8285,
yasaamiiiiin,
emti2021,
dr.habib_sadr,
mehranafrooz,
ava.aghaei_,
alireza__97_76,
mozhgan.frd,
meysamrohani,
____mirzaei____,
abbas.zk7438,
tahereh.moshrefi,
farhad_biranvand,
mehdi.ashrafi59,
shimafatolahi,
saeedsoltanirad,
alizadehpoem,
a.karami_1993,
reza_hasanbeigi,
fatisadat.77,
mohammad_zare96,
zeynabetemad,
elitegroups,
morteza.sheikh1,
goran.husen12,
banoo_tarannom,
alikh.20.09.60,
sevenrounds,
farahani_ye,
eng_moghadam67,
mary.s2020,
olduz_m,
rastegar.moravej,
zhaleheidarii,
saeedgholizadeh_,
sahar_kohzadi1909,
a_mirkayediiiiii,
eli.zamiri1,
yazdani.arezoo.1994,
homayoun.asadzadeh,
ayda7__,
amirhasheminiyat,
ss.kh90,
mehrbanmehdi,
fotovaatz,
said.afshar85,
azin.smi,
textgrraphy,
pardis_basiri,
saba_sd91,
azadeh.jfsn,
maryam.deljoupour,
fatemee_alb,
sara_faridzade,
bentozzahraa1,
mohajer1995,
rdafrzyn34,
mehran.farhoodii,
hasan.nori666,
tawheed_naizmand,
roya_alaei,
pariaamani.69,
mehrane_zeinali,
sarbaz_tube,
pouya.aliyan,
toofanehboroumand,
amy6232,
nedasafari7166,
mohammadpapi_,
rasuolkhalili,
mahsa.mosallanezhad,
s__z_65,
miladameri1989,
nakta_roodgari,
niluofar0071,
elham1180,
best.post.insta,
omidjahadi,
chaplin93e,
kimya.shm,
mahdi_akbari_mahdiyar,
narges_pourbadakhshan,
jamshid_hesari,
mastane_r,
itsme77996,
saeedhashemi83,
mr.m_sahebmohamadi,
ahmad__iranmanesh,
mehdi_aryanfar1,
roghayepourghorbani,
ar.am2486,
ali_nassaji_70,
hasti_n_b,
bmrj.kosar,
r_mra_,
soheilamehdinia,
favinzo,
afshajarii,
javad_arsmil,
p_mermaid60,
mohammadrezakhanmohamma,
karim._.6007,
mahsa.sarsharr,
maw.raf,
alireza__zn,
esmaeel_kanaani,
m_khbarkhosh,
mary_sheykhan,
reyhane.fadavi7,
farinazmokhtari,
pouriyaw,
marjanzabihii,
seyed_sajjad75,
arman.beiranvand,
roomiina___s,
hassangh.70,
shahla_bahmani12,
alinaderi8,
h.r_h.r76,
seyed.hossein.miri,
mahdi.mkvndi,
soha.mhsd,
m.reza.abbasi69,
ra.non22,
mhs__1998,
mehdimezo84,
s.heidari.__.16,
kamand_nazzari,
sadat.3066,
shahedbaniasadi,
a.rah.gozar,
mehrnoosh_kabiri,
omidjahadi,
ehsanazari1992,
roya_alaei,
sara_f1363,
alirezaftmp,
parparii_a72,
davari.f.1364,
mina.faridrad,
reza_shahsavan7697,
farahani_ye,
alirezanabavi1414,
maryam.deljoupour,
soheila_bamdadan,
aylya616,
reyhaneh.nazemzadegan,
__saradavoodi,
pouryapartoy,
mohmmad.hsn.63.48,
sahelfatehi_79,
saber.pishghadam1,
marziehghalebpor,
haghdadysoody,
chegini.malihe,
maw.raf,
rezazade.reza.5259,
ahmadreza.tazik,
soheilamehdinia,
zeynabetemad,
tahereh.moshrefi,
mehranafrooz,
ss.kh90,
ali.maalinia,
soha.mhsd,
mahsa.mosallanezhad,
parisa2457676,
mozhgan.frd,
tina_tin12,
sanazazmode22,
farhadvarasteh,
yaserabedi5473,
narges.sdtm,
saeedsoltanirad,
shimafatolahi,
dr.parvin.hadei,
moh3en.haqiqi,
ho3inf41,
sadeghparvin22,
reza_hasanbeigi,
mohseno9,
s__m_h_r_d__s,
kashramusicofficial,
m_riahi_1388,
fatemeh_yahyaabadi,
ghorbaniesmaeil682018,
taall_shaall,
abouzar_moshtagh,
meysam_heydari_vakil,
maryam_seyyedizadeh,
khatt_3evom,
amir.jnt,
ahmadi.esmaeil.666,
azamasaadi,
fahezazary,
hassangh.70,
r_mra_,
mahsa.sarsharr,
yasaamiiiiin,
m0hammad_h0ssein_kabiri,
alireza__97_76,
ava.aghaei_,
_zeinabmhm159,
pargare.behnam,
farshidnj,
arminshabani,
mahdikhatami94,
amir_saleehi,
mahsa.kermani1374,
mohajer1995,
hasty_9737,
nil_.oo,
farzaneh5260,
seyed_reza_hosieni_moghadam,
behrad_lashgari,
sara_55_hb,
mesle_baroon_,
behroozpurmohammad,
dr.habib_sadr,
emti2021,
ali_nassaji_70,
saeid_naderia,
rahimpor_kami,
arezoo___azad,
somaieeslami,
sara65.kh,
roghayepourghorbani,
f_maarefvand,
mastane_r,
marjan.haji,
m_l_oa,
p_mermaid60,
arefehebadzadeh,
sajjaadgharib,
hanieh__gh,
sareh__poorian,
alinaderi8,
bita87az,
bentozzahraa1,
meykade11,
mohammadzohali98,
mohi_razaghi,
moslemfarhani14629,
sara_faridzade,
pardis_basiri,
azin.smi,
mary.s2020,
parandeye_khiyaal,
fereshte.fsh,
esmaily1985,
razi.a70,
nasrin.moslemizadeh,
alifarzanemovahe,
faxtod,
mehrane_zeinali,
behnazmohtarami,
eshagh_safa,
mosio.kh313,
nikta_m_khajeh,
abbasiiii_m.m,
supporter_music,
ekrameh_taghvaii,
atefeh1825,
love_violin__,
azita.besharati,
ely_ncn,
farshadmoradi28,
shahbazjalili,
ziya.mousavi4845,
mohsenfalaah1991,
yazdani1224,
behrouzsabzpoush,
mhqadimi,
mojtabasharifi,
sushiyant.derikvandi,
aryaemadyan,
lida123.dr,
sayeeda_sahel,
__nima_king__,
amin_parizad_,
ra.na2684,
____mirzaei____,
mojtaba.nikoo,
elahe.abedin,
parhamsatvat,
amirreza.abd99,
saeed_malek66,
alireza_mallahzadeh,
aboozar.ahmadi1363,
ali.abdollahiiii,
adabiate_asan,
miss_khatereh8,
maryam_arefani,
arooseshahrebaran,
rezaalemi7,
hoo_tvngr,
ali.muhammadi_t,
rasoolzadehs,
shakibayr,
f_a_r_kh_76,
k1_golmohamadzadeh,
amirmasoud.z,
smoosavi1367,
raminjafarkhani1996,
nasim.gha3emi,
reza_ghoshooni,
nasrin.fg,
minaaaa7979,
azadeh_sh2,
raha.a.r.i.a.n,
mohammadreza_1790,
hosein.namjoo78,
kiani_aref,
yashar.faghani.soyfa,
samane66.b,
sorena_assk,
soheil_mgf,
alikntu,
hosseinamininia,
sharestan.decor,
yaldakm77,
giumehpub,
mahmoud__shahsavari,
itssss_meee999,
moein.yahyaei,
amir_h_hajilo,
arya321123,
3cret.s.s,
maazi.mehrabani,
rasooli_moghadam,
alireza.jmd,
hadi_pourmohammad,
abbaspour_morad,
faxtod,
hassangh.70,
smohamadmmohamadi,
k.aqajani,
mostafa_sepehrinia,
a.rah.gozar,
somaieeslami,
mastane_r,
mina.faridrad,
_i.ftmh_,
sogol.fzd,
s__m_h_r_d__s,
likemoon76,
hamed.rajabhoseini,
farzaneh5260,
zahraziarati,
saeedsoltanirad,
e.dalilian,
ava.aghaei_,
amirhossein_frrkh,
ahmadreza.tazik,
parna_ghiasi,
chashm_dar_raham,
saeede_sabeti,
hassanbahrami.tasar,
omidjahadi,
faxtod,
mohammadzohali98,
hassangh.70,
sareh__poorian,
mahsa.mosallanezhad,
reza.dehghanzad,
mazdakk8,
karen.samy13,
mshkamali,
sahar_kohzadi1909,
shah_maghsood,
farid_shahidi65,
mohammadalizade1993,
hamid_tamasoki112535,
mojtaba_izadi_94,
nil_.oo,
parisa2457676,
bentozzahraa1,
fatemeh21jm2018,
fereshte.fsh,
m0hammad_h0ssein_kabiri,
mehrnoosh_kabiri,
saeed_malek66,
fty___,
reza_shahsavan7697,
pardis_basiri,
melikamahmudi_pv_,
bita87az,
marjan.haji,
ali.maalinia,
aliasghar.varzideh,
majidjadidi12,
s_omidian,
sajedeha,
mohammashabnam,
two_steps_to_the_flower,
tehrani_reyhane,
shirin_rezapour,
rezazade.reza.5259,
nasim.frm3,
fatemeh._raf,
farahani_ye,
fatemeh_tahmasebi53,
mehranafrooz,
ss.kh90,
mahur_bn,
_zeinabmhm159,
alinaderi8,
m_riahi_1388,
fatemeh_yahyaabadi,
moh3en.haqiqi,
dr.parvin.hadei,
nargesvakili58,
h.pouhassani,
s.b.n1988,
alireza3d,
zahra_mehr7,
mozhgan.frd,
keyvanmoradi78,
maryam.deljoupour,
fateme_najafizade,
alirezanabavi1414,
____mirzaei____,
khamseh_12,
mohadese.mohammadpour,
pouya__k,
abbas__homaee,
mehrane_zeinali,
meysamallahyari77,
mahdieh_n_1999,
massi_f,
milanravandeh,
nofallah.javad,
c.m.moradi,
ali_norouzi110,
a.gahderi,
zz4milad,
arefhoseini8,
djamirhosein,
haniyeh.aram.1375,
ekrameh_taghvaii,
n.jani43,
rezasabet10,
farhadvarasteh,
alirezaei725,
_atbin_shafiee_,
saharbabaeei,
reza_ghanatir,
mohammad.gk13,
sara_farahani1998,
shakibayr,
zahra.rahimii1,
elhamajami,
marziehghalebpor,
moslemfarhani14629,
mimalef13,
ehsanbozorgi70,
s_alireza1375_,
amirbabaeeee,
saeed.arabahmadi,
mohammadpourabedini,
mehdi.abc1,
sadeghparvin22,
elhamnorouziii,
mahdi.rasekhpoor,
ghazal_rstmi,
ali_nassaji_70,
dr.habib_sadr,
ahmadiyan.abbas,
irajhakimzade,
seiedyouneshosseini,
alireza_karami711,
samin_salimian,
mohammadreza.karkhaneh,
sobhan._mirzaei.rad,
fswn4504,
saeedeh.motamedi,
reyhaneh.nazemzadegan,
hussein13r,
azita.besharati,
iali73n,
__saradavoodi,
zahrahf___313,
nafiseh_tlb,
saeed.harayeni,
m.sepanta,
mehdishokri8903,
yaghoobhasani5,
olctak,
blackpoem2018,
maw.raf,
zeynab_hashemi,
lawyer.f.moradi,
afroozamirasadi,
mh.saberi313,
mohammadjamshidi07,
matuoo,
asiyerasouli,
mahsa.kermani1374,
soha.mhsd,
ehssanyarizadeh,
shahab_vahab_zadeh,
amir.vahidi23,
mohajer1995,
mahsaee.94,
m.farshbaf.d,
setareee1992,
maryam_maleki3,
mohammad_shakeri_wms,
ali_bagheri_66,
ph_8995,
negin.bayatani,
z0hre.k,
masoud.shariif,
m_mohseni80,
tashrifat.zeytoon,
clever_man070,
abbas.saberi.p,
soofi.saberi,
mohamad_masoomii,
fatimshaabani,
shayansiratikim,
amk__2001_,
pouya.esfarjani,
a.h.chalipa,
mehran_hajipour,
official_me_dua,
dehati.rend,
milad_allahiary,
adel.ebaadi,
ghannadmehri,
benyamin.deilam.katooli,
pitermasihi6,
yousefprs6,
chavoshi_amorous,
shahyar.yari,
mahdis_saberi77mir,
unique.akhtar,
m_pahlavanzade,
mohamad.naderbeigi,
zavosh_zalzar,
saeed_rastegarmand,
paeeze64,
maziarfakoor,
emirir,
mojtaba_zahedi,
roya_alaei,
hisssssnoname1140,
alireza__97_76,
rahmanian_lawyer,
m.javad_eee,
aliakbar.s_17,
ali_rezazadeh8,
mohsen.kf,
masoudpoorrashidi,
farzaneghasemi_410,
aliasqar_meraji,
rezasataari,
nargesdehghan1,
leili_bavand,
sorayya_abdi,
_hamid_moradi_,
m.daneshvar6157,
iammohammadgh,
s.hamidrezagolestaneh,
aliebrahimi_1,
saeed.sahebelm,
mansoormirshakak,
sisi.mnmn,
shazde_d12,
jafar_sh69,
hani_s68,
bahareh.daneshian,
dumansharifi,
seyede.mohaddesse.hoseiny,
azim_sadeqi,
saad.takab,
saeidrezaeeii,
mohamadaminashrafi,
nardoongraph,
majidmoosavi_seyed,
aboalfazl_ebrahiminia,
hossein.sr,
k.motesadi,
mohammadjavad.lotfi,
mrz.byt,
yazdi_elnaz,
aliparsa1388,
rreza9407,
a.samiae,
s__z_65,
roozeshoghal,
royadijan,
mhsn.jlyl,
mary.s2020,
afifemahani,
alimotalebii,
zahrasalari72,
samanealami13,
shaker.mch,
hildaahmadzade,
mahsa.usefii,
annarezaei66,
maryam.nasootii121,
masoud_elmi,
mey_artworks,
yasaman.kham,
abcdefj109,
kasra.msd,
parisamahmodi60,
fary_rokh,
ali.pak69,
hadialiniya,
ahmad70dada,
mohammad_karami17,
_tida1,
padoosban,
siminshamsi4,
azin.smi,
_saba.71,
mohsenmirzaee_,
z_khoshnoud,
venuskhazen,
hosein.shojaei29,
the_.mah,
mayssam95,
fatemehmahmudi,
mohammad_reza_rashki9994,
beyraghi2250,
shahabrashidian,
hamidmortazavi_music,
pesarepardemeh,
narges.zlfghri,
llbehradll,
aryaemadyan,
saberparandvar,
arefe_n75,
3rchah,
yasnafazeli,
sohrab.mohamadi.photographer,
fateme_horri,
soheilamehdinia,
samin_espargham,
mirzatabib,
h.a.rivar,
khatere__bagheri,
adel.jfv,
qmarskalhor1991,
f.moshaei,
omid_khonakdar,
sadegezarei,
hamed_n23789,
3pehr.official,
omid_tgn_,
hamed_shabani313,
kshykhy1,
ali_esmaeili651,
mohsen.4155,
sama_kmovafagh70,
aslani_alma,
ehsan.fathian,
erfan___nh,
mojtabaghahvechi,
ka3ick,
azam_raad,
mohamad_qobadi,
reza.mohammadi47,
bktasamir,
ava137719,
ebrahimi.manii,
iman_mohsenfar,
sobhansaemi,
peyman_hmz_72,
_saminab_,
zahra_kheyrollahi722,
mojtabajahanbakhsh1,
sajjadd_najafi,
mohammadreza_solgi97,
av.om,
ciya_sersipi,
_sara.vahidi_,
hamedrahmani20,
cheloeian,
mehdijafartbar61,
masoud5965,
hichestaan,
alibahari110,
r3ndo0,
alialirezaii7,
rezasamiei1367,
miraghateimoory,
maah_1988,
karajshot1,
farzi.azam,
zohre.jam.z,
mohammadsadegh2134,
mortezazaeri1991,
_ze_ba,
musicestoon0,
mahdis._.b,
meysam_alipourr,
amir_ziatabar,
roohi_96,
milad.adl,
shakerirasol,
zeinab__pr_,
zahraa__dt,
mr._.amir_m_,
mobin.salehi,
reza_love_chavoshi68,
yass_alone,
kian_viator,
ehsankhakian95,
a_t_e_f_e_h_72,
atiye.sad,
fereshte_ahmadzade70,
ah.saeidian,
fatememohammadi.135,
mortezahosseinei,
samaneentezam,
mohammad.c_h,
vahid.sheikh,
alekotoreli,
mobina__p__,
mojtaba.ramezani.sorkhi,
tina.rabiee,
shahab.br1989,
mohammad.amin.1998,
lady_aylar,
mohammad_salimii_,
mohammademad_kalantari,
hosseinhadi110,
forough__khosravi,
ftm_dz78,
sajedeh_paknejad,
arsalan_malakutian,
naghmehmelody,
hamid_alinaghipour,
nadiamohabatyar,
m.andm8529,
maji7274,
mahdi.shadkam,
mohana.hoseinzadeh,
navidjamali1369,
anis_bn76,
mehr1915,
miniuon64,
maryam.hassani,
mehranmaroufi,
nanookkkk,
behrooz.nazari.1,
narges1998s,
m.bashiri_saell.deylam,
somy_ghm,
baharak_beigi,
nasrin_khatinzade,
moslemallahyari70,
r.a.m.i_95,
elyasi1980,
azadeh_khanoum,
parya.bagheri,
fatemeh.mohsenpour0127,
m.amin_porkhanjar,
omidjahadi,
soofi.saberi,
arezooshaloo,
meisam_karamii,
_sina_marhabi,
ekrameh_taghvaii,
roya_alaei,
__saradavoodi,
reyhaneh.nazemzadegan,
mina.faridrad,
marziehghalebpor,
reza_shahsavan7697,
ava.aghaei_,
e.dalilian,
alireza__97_76,
aliasghar.varzideh,
sadeghparvin22,
ahmadreza.tazik,
sahar_kohzadi1909,
_zeinabmhm159,
alirezanabavi1414,
maryam.deljoupour,
a.rah.gozar,
omidjahadi,
soofi.saberi,
_kiara1390,
mahsa.kolsoumian,
sama_kmovafagh70,
parisa2457676,
mahsa.mosallanezhad,
mohajer1995,
mina.faridrad,
nargesbasir,
fatememohammadi.135,
sheare_khoob,
s__m_h_r_d__s,
mayssam95,
hassangh.70,
sareh__poorian,
shakibayr,
sajedeh_paknejad,
rezasabet10,
javad_diyant,
fatemehmahmudi,
shazde_d12,
mohammadjavadbahiraei,
pedy._.srz,
mary.s2020,
_fateme_73_,
fereshte.fsh,
marjan.haji,
amirhossein_frrkh,
bita87az,
mahsa.kermani1374,
reza_shahsavan7697,
melikamahmudi_pv_,
dr.parvin.hadei,
moh3en.haqiqi,
nazi_tafreshi,
fared.ghorbani,
reza.mohammadi47,
reyhaneh.nazemzadegan,
__saradavoodi,
hosseinmotevallian,
h_vhdasl,
dehghanelham,
ekrameh_taghvaii,
nasrin_khatinzade,
saeedkr69,
m.saaadat,
m_momen9374,
mehrnoosh_kabiri,
fswn4504,
rezazade.reza.5259,
aryaemadyan,
zeynabetemad,
forough__khosravi,
azin.smi,
pardis_basiri,
mehrane_zeinali,
alirezanabavi1414,
aliasghar.varzideh,
yasaman._amini,
zah_ra_ebrahimi,
faribaa___,
ebi_dalvandi,
mehrdadmirzaee68,
pirayesh.f,
morteza_morsali_vafa,
mohammadtagi_arzi,
pa_ri_sa_ri,
hamed.mousavi2300,
miniuon64,
mohammadzohali98,
faxtod,
moslemfarhani14629,
_sina_marhabi,
ava.aghaei_,
mozhdeh_ghorbani,
mehdimohammadi1997,
meisam_ghasemi7866,
m_riahi_1388,
royadijan,
shhinam,
mohammadaminranjbar,
b.slmani,
f_mahdavi_a,
davoodmohamadinia,
davoodmalekian,
pariisahematii,
_.paeezi._,
realshayanarbabi,
reza_shafi,
shahab.br1989,
hani.sarkati,
arefkoohzadi,
ma3oud.bayrami,
mehdi.jahani_,
mazda_mehrgan,
mhpooya,
mina.faridrad,
_loovefeeling_,
m.ha24801,
sama_kmovafagh70,
fatemevalipor,
setare_derakhshan_,
khanoome_siin,
shere_sepeed,
fateme.behfar,
m0hammad_h0ssein_kabiri,
aliyousefi538,
avat820,
mohsentohi1,
el.afg,
zemestanzad59,
milad.kh1994,
ekrameh_taghvaii,
zh_of_ic,
sheida_mf_1995,
feiz2,
kiana110,
samad_lost,
__.sgrl.__,
mahsa.sarsharr,
moh3en.haqiqi,
kaveh.bakhtiari13,
karimi.kave,
ali_mousavi990,
mor.teza_khani,
maziar.jamshidirad235383,
yasamanrf,
f.a.z.a.n.e,
aref_ghorbani6,
safi._.sh0,
parisa_aghajari,
ali.nasseri339,
si.tbt2,
fatemeh.mohsenpour0127,
oldooz.m_poor,
ali.sadeghi_1360,
bita.mirshekari,
ava.aghaei_,
zia.masoud,
mahdi_soheili,
hakha.hashemi,
vahid_moafi,
__dast.saze.honari__,
mina.faridrad,
parisa2457676,
nil_.oo,
fty___,
aseman.iran2018,
rahmani.ah,
safura_mahdiani_,
masori.f,
ahmadali.javed,
ali.esteki,
sahar_kohzadi1909,
niloo.e,
mobina__p__,
amirhossein_frrkh,
soheilamehdinia,
leili_bavand,
mehdi.shahryari.10,
maana.raad,
sheidapirooz,
parviz_abdoli,
khaneye_mahigiri,
__saradavoodi,
reyhaneh.nazemzadegan,
o__leyla__o,
soroush_s111,
pesaram_zendegim,
m0hammad_h0ssein_kabiri,
melikamahmudi_pv_,
mohammadhasansaraei,
azadi.mis,
ashkan_giveki,
fateme_masihpour,
asimesar,
mohsenfalaah1991,
_rezagoharparvar,
saeed_jfr_,
ehsan_c.h,
sama_kmovafagh70,
zahra.baran16,
s__m_h_r_d__s,
ysm.ba,
m.r.heshmatiyan,
fateme.a.3473,
alireza__97_76,
aliasghar.varzideh,
ali.maalinia,
sarasamabk1358,
younos.ebrahimpour,
zahraesmaeili1365,
niloofar_5376,
ranarz72,
hassangh.70,
n_pourmohseni,
sara_rastegari_,
reza_shahsavan7697,
farnazpursmaily,
elham_alealii,
kazem.hoseini,
ahmadsh41,
mina.faridrad,
hassangh.70,
elahe.h18,
hamidrezamohammadipoem,
hny._.sh77,
saraeesm,
monakarami_poem,
aa.8573,
e.dalilian,
mobina__p__,
ali_esmaeiili,
aliabadi5885,
niayesh_1996,
forough_heydari,
saleh.hallaj,
farshadsh75,
feiz2,
bentozzahraa1,
ahmadullahmurwat,
negin.samanipour,
m.h.ramezanzadeh_98,
abdul_matin_behnam,
marziehghalebpor,
reza_shahsavan7697,
zeinab_alef,
amirhossein_frrkh,
saeedeh_m.ch,
ehsan__kamal,
fakhrodinimanian,
meysam.aghakhani9647,
mina.faridrad,
reyhaneh.nazemzadegan,
soniya9168,
shahinbamdad,
mohammadkamkar.1,
maw.raf,
e.dalilian,
afzali.1990,
saeedsoltanirad,
amirhossein_frrkh,
bita87az,
ali_r_rezaeii,
vahidkooshan,
peyman_zarei.72,
parisa2457676,
shazde_d12,
massi_f,
atiye.sad,
si.tbt2,
masori.f,
ava.aghaei_,
zia.masoud,
daranikukar,
mohsenfalaah1991,
iranikharid,
feiz2,
nil_.oo,
m_alimagham,
mahshad_dehghani,
hossein_esmikhani,
zeinab__pr_,
shakibayr,
kosargodarzi,
marjan.haji,
p_mermaid60,
hojat.moradi.barsa,
alirezanabavi1414,
maryam.deljoupour,
ali.maalinia,
fateme.salimian.n,
sama_kmovafagh70,
zahra.baran16,
pedy._.srz,
setare_derakhshan_,
yas.1398,
abolfazl_.mohammadi,
eli.sallar,
haghdadysoody,
asadi8693,
javad_diyant,
hassangh.70,
m0hammad_h0ssein_kabiri,
ehsankhakian95,
fatememohammadi.135,
sahar_kohzadi1909,
ahmadsh41,
poorzad52,
hoseinseyyedbar,
mirzahamidrezaofficial,
arianetimadi,
maryam__gholampoor,
nasrin_khatinzade,
fatemeh.amjz,
gharib5852,
taranome71ki,
maaahjaaan,
davoudasgharisd,
hosseinshamedi,
ekrameh_taghvaii,
najmeh.kb,
razeriazi,
h_mzfr,
nimadarvish1,
sajedeha,
mina.faridrad,
anis_bn76,
tavasoli.haide,
si.tbt2,
hosseini.mood,
atoosa0000,
bita87az,
marjan.haji,
zz4milad,
m.javad_esf,
faxtod,
fty___,
mohammad_reza_rostami,
marzieh_salimi,
raminahadpoor,
salambar.ebrahim,
marziehghalebpor,
haghdadysoody,
sara.trkmn,
diyar.mech.92,
amin__dana,
sahar_kohzadi1909,
mr._.golbaf,
yas.h.b102,
_sina_marhabi,
parisa2457676,
yas_b_boy,
masoudhosseini1373,
s__z_65,
mina.faridrad,
maryam.deljoupour,
amirhossein_frrkh,
mobina__p__,
ehsan_rahmani13691369,
moradipouya,
maziar.jamshidirad235383,
venos.hgght.75,
o__leyla__o,
anis_bn76,
negar4763,
tavasoli.haide,
fatememohammadi.135,
m0hammad_h0ssein_kabiri,
bita87az,
s_a_alinezhad,
captain.moein13,
yazdani.vafa,
mostafa__hedayat,
mohammadsaeedsasani,
iman.moghadasi67,
tina_tin12,
shazde_d12,
sinaahmadvand1990,
moh3en.haqiqi,
mehrnoush_22,
z_azar,
fswn4504,
faridtavakkoli_1993,
mohamad.khalili.1992,
masoud.zarghamian,
hamed121bayatian,
maryam_.tabrizi,
ariyana8862,
roghayepourghorbani,
massi_f,
txt.nevesht,
milad.miranzadeh,
vahid14stars,
hassan.hashemi.70,
amir_hossein_sheikhol_eslami1,
hamidghafari,
nazbanoo500,
taghzie_iman,
meysamrohani,
mohamad.cheka67,
zahra.ghaderii,
mohsenpsy,
davouddelfaraz,
_zarrrrr_,
fariborzghalam,
lyzdh2652,
maryam__gholampoor,
javadbahrami202,
annajamshidi,
ava.aghaei_,
jahanabadi.m.h.h,
sajjadroubin,
gilani.javad,
arashsamimi1991,
mohana.hoseinzadeh,
h_vhdasl,
reyhaneh.nazemzadegan,
mina.ghaffarkhani,
nazanin_atefi1,
mahsa.peysepar,
rajabzadeh8183,
banafsh.92,
seyed_saeed_arabi,
ekrameh_taghvaii,
mr.saeed.73,
delbar13521352,
khatemooj,
hodazre,
sho0rideh,
raghsande__dar_baaad,
safura_mahdiani_,
mohsenfalaah1991,
mohsenaaria,
schmidt3habiby,
haneyeh_75,
sorush_taj,
minatebyanian,
gitty60esfahaneyan,
ahmaf_fawad_amiri,
raziyeh.ghoreishi,
yajadda.seyedreza,
masumeh_amj,
zahra.gomnam,
majnoonreza2,
fatemehnoori_,
ahmadsh41,
ehsanbarzanji,
amir9_8,
faribaa___,
iman.ah6729,
maw.raf,
yasaman._amini,
baloot1000,
ali_shojaei_w,
mohsenmollaghadimi,
fatemeh.amjz,
bahare.jalaliy,
peymankh5185,
shadi_mp,
zeinab__pr_,
masori.f,
houriiz,
elyas.arandan,
armanhn,
mohammad.bahariiii,
ali_ramezaneian,
mohammad__saberian,
niushasanaei,
mr_mohsen_zarei,
bentozzahraa1,
vahidsetayeshkholghii,
ehsandrabi_official,
alireza_na96936,
mohammadreza.ah64,
chavoshileila,
benyamin_baharloo,
hosseinbashiri69,
paymanneamati,
hamedbinam_,
feiz2,
pedy._.srz,
tina.rabiee,
sajadbamari_,
sdyqh4703,
alinazeri4360,
amee_mjdi,
saraeesm,
ro.ya2538,
hiva741436,
nureddinertekin,
m.saalehi,
fattaneh.esfahani,
shaahrzaadraad,
fereshte.fsh,
farshad.behzadian,
ysrpshyy,
reza.basiri13,
ghasedak_labkhand,
meysam.zafarmandoriginal,
javad__nji2,
shaghayegh_p72,
s__m_h_r_d__s,
javad_diyant,
hossein_rahmaanii,
beheshti5887,
ramin.karami73,
m.r.heshmatiyan,
65927_251192,
barushmunir,
mahdi.lotfabadi,
hossein.sr,
saeid_kiani2018,
bita.mirshekari,
s.soheil.mahdiani,
mah.12.ash12,
zoha_zand8034,
saji.sf,
1357alirezaseyfi,
3ardar_1994,
omideslami64,
alii_._h,
siyamak_kabiri,
ariyafarali,
fatemehbivar,
ftm_r_99,
soheilajafari6939,
farahnaaz.pashazadeh,
dargahi_s,
fargoll2,
sadeq_qorbani,
atoorang,
psaede,
mohammad_se_61,
ma.baghiani,
farzaneh_mansour,
seyed.mohammad_1396,
yosef13705673,
soheila_yari,
__saradavoodi,
mutahar_oman,
ali_abdolmaleki69,
mahdieh_rezaei_,
solmaz.motalebizad68,
or_s_s,
zohre____mgh,
nahid_pakravan,
karami_zahra72,
majid_khoshkam0067,
dariush_71j,
alirezashami,
naservalimohamadi,
16_sepideh_67,
mohsendastjerdi1363,
fahim_key,
ehsan.karimian_4,
havaito,
javadgholami1,
aygin_download,
maryam_hoseini84,
nafas_moini_nia,
rashidpejman,
hamed_baharian,
amir_mohtasham,
m.dalir._moseum,
mazeyarzamani,
omidzeyd111,
hosein__taheri,
rt.v1300,
yousefsaadati75,
anita__zandi,
atefekordloo,
qaharaasi,
mr_erfanamini,
arman.ghorbani13200,
atefe_kahani,
chanaghchii,
mahdis._.25,
tavasoli.haide,
geographygis,
zeynab.kia93,
m0hammad_h0ssein_kabiri,
fati.fmf,
moh3en.haqiqi,
e.dalilian,
mina.faridrad,
yasamanrf,
mary.s2020,
fereshte.fsh,
abbasiiii_m.m,
fatememohammadi.135,
maryam.deljoupour,
bita.mirshekari,
amirhossein_frrkh,
ava.aghaei_,
maziar.jamshidirad235383,
faribaa___,
s__z_65,
__saradavoodi,
masori.f,
zeinab__pr_,
shakibayr,
sanazshams1986,
moona_bkh,
mr.rvnavrd,
__sara__a__,
mohsenfalaah1991,
melikamahmudi_pv_,
media.jadbaba1990,
darya.afk,
bita87az,
syrus_2500,
amirhosein_hasanbeigi,
reza_gheydarpour,
maryam__gholampoor,
fty___,
parparii_a72,
shararehnoorizadeh,
farah_b5,
ryh_apr,
houriiz,
elahe_sadat73,
arash.molaei.nejad,
maliheh_shp,
nasrin_khatinzade,
dazahra055a,
reyhaneh.nazemzadegan,
m.r.heshmatiyan,
saraeesm,
omidzand1991,
fahimeh_sadat_,
amirhossein_allahyari,
mobina__p__,
anis_bn76,
farbod_302,
alikhodadost10,
chocolat_ha,
sanaz_irr,
zoha_zand8034,
s__m_h_r_d__s,
84hamid,
zeinab_mirvakili,
iman_saberi_1984,
milad_abedini75,
arminnejadyousefi,
ahmad.nikdel,
alireza.78_80,
mr.mccain,
zahra_gheisariii,
zirax_66,
saeedsoltanirad,
morteza3d.poster.wallpaper,
mohammadreza.rahimabadi,
mahmood_momayezi,
arman_azadmard,
j.13772007,
vesal_mirhosseini,
yasaman._amini,
maw.raf,
behzadzolfaghari,
gharibi.mahmood,
hadiabbasi.12,
masoudhosseini1373,
massi_f,
aliakbar__arab,
alirezadarvishgalandar,
hoseinpur181,
nazflower59,
tokhsesheytoon,
s.beykzadeh,
anisshahvali,
official__nilofar,
m.soltani6863,
bibaalparidan,
maaahsa_rasti,
talatie58,
safura_mahdiani_,
feiz2,
meysamrohani,
shirvani_art,
mohamadi.fateme1372,
aurash_khan,
baharnareng26,
ali_nejaty,
yazdan.amiri1,
raminjafari19888,
davood3005,
hadi_sayyah,
narge8520,
maryam6631_,
sahar_kohzadi1909,
mahshid.rashki,
mah.asadian,
farhadmovahedi72,
ali__jamalabadi,
forough__khosravi,
aramesh_darband,
hussain_soroush,
vultrwho,
najvaa89,
zaynab.93,
pardis_basiri,
bentozzahraa1,
zs_5973,
shimafatolahi,
alireza.sbgh,
imnrgs,
mina_namad,
amirarjeini,
nassimshahrabi,
masih_msd,
erfansalarkia,
rezakarimi.mehrjan,
smysm6,
sadegh_vz,
evara_28,
bahare.jalaliy,
kourehpaz1,
myphoto3450,
kimya4353,
behzad.hamidi.68,
pedram.etminan76,
_zeinabmhm159,
kamalian.hamid,
royadijan,
toranj_maryam_toranj,
toumaj.nafisi,
hamid_goldoost,
ghaziiin,
h_vhdasl,
esmaeil.khademizadeh,
ashpazi.negin,
mina_kianimehr,
ehsanhashemi66,
ma.ranjbar,
saeedr91,
parisa2457676,
sahar.plg,
seyedjavadhashemiiiiii,
ghasemian.danial,
ajmal_jawanmard68,
mehdi.alikhaniiiiiii,
mehdi_5618,
marya_jhan,
mm_shiri,
sobhan_moafi9839,
kanoon_sheer_adab_sut,
mforootan6058,
hasib_wali,
eslash.fans20,
mohamad.p.1011a,
emami5433,
soheiiiiiiil.sd,
setarehbarahimi,
hanane2222222222,
hos3sein_nasiri,
jgholami9530,
feresht1813,
maryampaniz,
ghasedak_ahmadi,
____lilii___,
somaia_sahili,
mjkhalifeh1369,
na4_nasrin,
diyar.mech.92,
mostafa.rasolkhani,
bijan_afshar_irani,
mohamad_moghtadaei,
bahar_omidi_,
sunrise_sjs,
06_deter_shomali,
zahra.baran16,
art._arezoo,
alirezat1992,
mehrdad_zandi93,
i_ali_yari,
hamed121bayatian,
mona_abdollahzade,
raha19752020,
baghche.mina,
hadi2169,
mina.faridrad,
feiz2,
parisa2457676,
malihe_shahi1,
maw.raf,
elhamyyy.pv,
zeinab__pr_,
abbasiiii_m.m,
houriiz,
bita87az,
amirhossein_frrkh,
mohammad.alaei.music,
parparii_a72,
mina.faridrad,
faxtod,
feiz2,
3_shd.z,
kasrafalatoon,
_.zahra.__.kz,
mary_westmacott,
hasanshirdelll,
ava.aghaei_,
fty___,
pouryamohajeri,
mardepaeez,
abbasheydarian,
__.azina.__,
media.jadbaba1990,
fswn4504,
farshad8340,
mahdi.shadkam,
morteza._.jafarii,
hossein_rz128,
snab77,
maryam_.tabrizi,
maryam__gholampoor,
s__z_65,
yasamanrf,
shahrad.shakib,
f.ahmadi.1990,
monire.m.nia,
niushasanaei,
h.a.1401,
masoud_ab_,
farbod_302,
mhmdprs1633,
hanieh_fereydoni,
m.soltani6863,
shaghayegh_p72,
s__m_h_r_d__s,
zahra.baran16,
mehdi_aod,
maryam.tavallaei,
hich_null,
amir_arab3192,
m0hammad_h0ssein_kabiri,
darvishvand_,
edik7830,
amirhossein_frrkh,
khashayarbayandoriha,
sahar.plg,
abbasiiii_m.m,
anisshahvali,
hellenyazdani9266,
mohsen44norozi,
khoshraftar.mir,
amiryosf_z,
fateme_ataeii,
maryam.deljoupour,
__sara__a__,
arvin.marjan,
hosna.ezoji,
reyhan_msv,
fyq1757,
pv_t_bi_98,
shazde_d12,
reyhaneh.nazemzadegan,
majid_nezamloo,
saiedfarhadi,
daren836,
alimohamadifar1365,
da_niel9973,
mary____mo,
azin_tochal,
i_ayeh,
tanhayi1nafare_my,
mohamadi.fateme1372,
m__mirzazadeh,
alireza__97_76,
zoha_zand8034,
ehsan_s_1978,
n.haeri1360,
kami_asheghane,
mobin_salehi__,
__saradavoodi,
tavasoli.haide,
parii.jan,
farzaneh.molayar,
royadijan,
leilamrz70,
rozhin_sz,
faribaa___,
maziar.jamshidirad235383,
_adrina_artin,
nxnx119,
khanomnorinajafi,
rahimijamal97,
marziehghalebpor,
haghdadysoody,
zhraa__ebrhmi,
anoooche,
maryamhaghighat58,
mohammadreza_najafi77,
tdo_perception,
alireza_skhr,
mira.mr9,
verse_world,
ekrameh_taghvaii,
sima_dehghaan,
captain.graphy,
royajahani78,
mosaicism659,
elhamnorouziii,
soheilghobadi,
_narjesii,
bita87az,
porjavad1998,
hanabaft,
_mahdi_mozafari,
sajadipanah.mona,
delkhani,
karami.masoumeh9,
bita.16474,
mohamadmajidpoor313,
nastaranghasemizade,
zahra_d_3091,
masoudhosseini1373,
razie.m.70,
ali_edriszade,
seyedsalehiali,
saeedsoltanirad,
nassimshahrabi,
shimafatolahi,
danesh_chap,
_kosar_siyasar_,
sepehr.1997,
vorta99,
hosein.parsa63,
masih_azizi86,
seyedhoseinmirbagheri,
iampariyaa,
rahil2420,
m_riahi_1388,
hedieh_tanha,
alireza.v.eng,
saeid.radman,
niloofar.shakiib,
safura_mahdiani_,
mldb71,
sgh.lyricist,
sajad.s.hz,
mohsen._mehraki.z,
zarzarkia,
m_zare_dastena,
amin_raouf,
saaaraaa.am,
kamalian.hamid,
raheleh.sedighi,
shayan_kamalipour,
atiieh.keshavarz,
mbehrak,
aviiiiii_nf,
r._.f._.97,
mojtaba_zarrin_saghi,
pegah_yekrangian,
bhnm.sfry,
mrhafte,
marmarjon63jan,
a.masoud.a,
sama._.hs,
erfan.srb,
mrezabaradaran,
borzooi.masoud,
ho3ein.ndr,
fa.rah.naz,
_soraya_sh_,
kambiza52,
mim.afrouz,
mohamadzadeh6898,
inestagram_85,
aminrakhisi.pv,
haniyeh_hooshmand1,
neda__n_z_k,
pendargol,
aref.alimanesh,
bta_violet,
mansouri.ehsan63,
sahand_s602608426084,
mohammad.rajabi.parsa,
yousefi20,
sahar.1151,
sahar.roostaee3,
ehsanamirizade,
janati_80,
zeinab_alef,
asadi8693,
sanazshams1986,
mohammad_javid_heydari2,
zahrakhoshbakht.99,
siamakbadiyan,
mfatmy38,
hkhmnshry,
fati.225,
i_am_niloo__,
paeeiz_ashegh,
reza_fardeganji,
____m_____f____,
karimi__zainab,
pooneh_casper,
aminfilom,
faraane,
mahna.beidaghi,
jilaa_banoo,
behnam_0_,
razin.tehrani,
zeynababooei,
majidmohammadi7385,
14.02975,
ahmadsh41,
seyedhamidsajadi,
younesdelavari,
masoud_ahmadi91,
sardar_turk_reza77,
___atheisme__,
saghar_gesi,
reyhanmahdizade,
roya_sh79,
mahziyar_dehno,
armini0lo,
mohammad_mahdi_mirzaei,
meli1562,
mohammadd.aminii,
abdollaargha0628,
yasserkhalilpour,
cafe._.matn,
pv_t_bi_98,
mina.faridrad,
alireza.farahani.70,
honey_prl,
razie_abdy,
amirhossein_frrkh,
alireza__97_76,
ava.aghaei_,
maryam_.tabrizi,
maryam__gholampoor,
tavasoli.haide,
amir.rahmani1998,
sajjad___siavash,
mohsen.absln,
fakharian.m68,
y.s.s.d._.99,
n.haeri1360,
ani.mitto,
_zeinabmhm159,
sanazshams1986,
mary_westmacott,
fswn4504,
omidjalali25,
maryam.deljoupour,
yasamanrf,
mahdokht444,
fateme.mostoufi,
shiva_v.p,
media.jadbaba1990,
mobin_salehi__,
saeedsoltanirad,
faribaa___,
s__z_65,
reyhaneh.nazemzadegan,
3_shd.z,
feiz2,
vahidaskani20,
mehdiran_sh,
abbasiiii_m.m,
setare.javadzade,
shbnm.y,
arastou.ir,
nargeskamali60,
hasan.alam1369,
saemami,
zahrakhoshbakht.99,
f.maddah20,
zahra.baran16,
mary____mo,
miss_mm_68,
reza_kh7,
zahratak1997,
naeime.dehnad,
mohammadrza.h,
mim.afrouz,
mahdiss_rz,
kamalian.hamid,
soheilghobadi,
masoud_sal1,
ermia_hj,
raha4an,
ekrameh_taghvaii,
mohamadrezamotevali,
ra_vak,
mehry97,
attarzatheh.f.b,
elhamnorouziii,
nasrin_khatinzade,
m0hammad_h0ssein_kabiri,
r_faeteme,
mah_yani._1991,
nastaran.nouraiii,
nafise_shirzadi,
rezvane_mirzamohammadi,
mahdiehebrahimm,
mohammad.mahmoodi7.1,
the_notes_of_miss_non_sin,
pardis_basiri,
khadije.mva,
bbahar24,
best_girl_201159,
haniye_k_i,
_leyli_11,
arastehsh8584,
l_norelahi,
saharmishavad9334,
golforoshi_aghaghia,
hamidmonfared1,
aiene25,
ahmad.s.wahab,
zaher_arari,
hamoon_delkook,
m_l_oa,
i_am_niloo__,
masoudifar1367,
mahdi_hosseini075,
morteza__nikbakht,
mohammad_golaj,
azadeh_brn,
fyq1757,
mb.4991,
poorahmadian_7072,
_elnazsafari_,
fatemeh_jahanm,
g.shahidzada,
hossein_rz128,
alireza_taran110,
ozhan_pet,
shaghayegh_p72,
niushasanaei,
sadeq_azimii,
arsham.rezaei,
zeinab_jalali98,
amirabedsingh,
arashanathema,
moein_kordestani,
susansadighi,
lyly_leila,
fatemeh.mohsenpour0127,
art.moh.sa,
faezeh.fallah.poetes,
ghazal_1982,
alavi1510,
aminrakhisi.pv,
basit.afghan13,
ehsanbygi,
afrooz.dogani,
amirezam70,
amir13586806,
s__m_h_r_d__s,
ali_rsdt,
_sina_marhabi,
ghasedak_labkhand,
simerios,
faride7004,
maede.zaman,
m.ho3ein.1412,
atefe.a.72,
negin_a_alm,
vahid_noorazar,
mehrrassa,
hananehaghighat,
mojtaba_shrad,
donya.khoshabi,
haj_mehdi.jafari9934,
kourosh2533,
yaser__jabari,
ali.mirabi.1371,
esfahan.poetry,
_fatemehvafaeenejad_,
iman_rahmani_moghaddam,
ahmadi.zahra1995,
payamsistani,
maliheh_r_71,
sedigheh_hajmohammadi,
ajtahed.abolfazl,
mahbubhbb,
m.p.h.z1235,
neda.heidarian6152,
fnchby,
mohseniafsane97,
mohammadlaal78,
kaveh_mesgarian,
i_ati7_,
mozhgan.negahdarigmail.com1275,
s.mehdi.msv4,
chook_zakhmi_78,
ramtinrostamii,
parvinsalami1991,
nasrin_krd_,
solmaz_khm,
sanaz.kabir,
mohammad_m2000m,
r.msv20,
a2sa_,
shakiba_abbasi,
niponipo19,
fawadkhawar,
amiralikhaio,
elmira.elb66,
ahmadsh41,
omidba31,
havaito,
maede83,
alirezafakhrabadii,
n.m2763,
neda___1980,
sahra.s,
najva.zh,
sani66zhdm.mz.mz,
havva1364,
asfanes,
hossein.nazariiii,
mehran_sadeada,
mhb_jahanbani,
masiii.kiaaa,
rahelehghorbanian,
rzb.kate,
miss_zari4,
hichkas4052,
dr.faride.khani,
maryam.dehnavi1363,
parisa2457676,
missshadkam,
m.m.242,
maryaam_gh78,
kim_rv_92,
daiarman,
zallgraph,
behnaz_seify,
vahid_pourmehrab,
o.ra.nous,
alireza.dehrooye,
khatere.ghr,
kingand_nice_queenjojo,
mohammad_abbasi_meymand,
morteza.jvn,
shiva_mirzakhani,
__saraaa_b.kh,
am_128_,
mohammad_88942256,
shahla.abdip0ur,
m.nasiri4,
sheyda_aghaeey,
hossein.fain,
fatme._.hs,
bigdelyz,
morva987,
enciino,
bebynajafi,
fereshte_mmn,
eli.beti,
ftm.fkr,
ebrahim___sharifi,
parastoonajaf,
deep_mind1,
ali_esmaeiili_pv,
n_a_f_a_s_1987,
en.ranjbar70,
habib_fathi_,
farangis.hooshmand,
s_shafagh_nezamipour,
taliehalaeddini,
anjomane.hemayatiye.hamyaran,
masoud.heidary_nasab,
masoome_omidbakhsh,
man.8472,
amir_hajiakbari1,
gallery_aksaray,
ahmad.alikhah,
romina._.rahimi,
f.b1373874,
bemani_beheshtirad,
alireza_eghtesad6029,
navid_sharify7,
shahla_fathii,
negin_arki80,
shadshadakf,
hannaneh_khalili,
phari.n,
sahar.plg,
maryam.mehri1133,
reza_choubineh_2001,
mehdi8j,
r.na.law,
mariammosaviyan96,
zahra_asadi1997,
hesam__habibi,
rezat.i,
bita87az,
omidebrahimi77,
mohammadessadarwish,
maryam.24.m,
ahora.ab.m,
sirus139,
maah_b_m,
mahmodr6391,
emir_erhan162,
bl4771,
rasoul_azimi_,
aref.khezel,
akbar_dostifam,
nasir.sepahi01,
fatemeh.amjz,
davoodtakaloo62,
baraye_janan,
ahmad_reza_mz,
jallal_alavi,
words_worshiper,
nakisa_mhmd,
mina.vahedi90,
marziehghalebpor,
hamidpoem,
negarinbanoojan,
b.a1999,
maryam.sfrpr,
mohamadh_1986,
amirhossein10103,
arefix.ir,
araam_m,
mostafamehregan,
masoum246,
mehrad_1319,
amir_taiari,
shimafatolahi,
mohamad.raoufi,
dokhtare_zemestan1373,
amir.sharifi73,
mohammadreza.frd,
hosseinsaeedi_,
alaei.arman,
mehdi.kalhori90,
pv_t_bi_98,
hosseinsefidan,
maryam_.tabrizi,
maryam__gholampoor,
fty___,
diyar.mech.92,
zahrakhoshbakht.99,
mo_kasaey,
nasim_jaberiye.ansary,
ali.asghar.gh71,
_abolfazl_badri,
amirhosein_eb,
hbardideh,
mrkakavand,
jale_rain,
ali_torabi1414,
vahid_ghafouri,
mazkoors,
shafiyan1986,
mina.faridrad,
mohamad_javad_younesi73,
sahar9358,
golnoush_abdolahzade,
m_riahi_1388,
parisa2457676,
arash.salajegheh,
alisadrkia,
amir_gholitabar,
sahar.plg,
shimafatolahi,
saeedsoltanirad,
hoseini.saleh,
niushasanaei,
aminrakhisi.pv,
mehdi.zarrinsabab,
zoha_zand8034,
shaghayegh_p72,
pariya._.ahmadi,
akbarireza1991,
aliarjomand,
fari_baie,
soohia.d,
niponipo19,
manouchehr57,
zahraghorbanzadeh1,
mehmazhari,
benyaminbc72,
amirhosseinsaberi1365,
ahmadsh41,
r.d.74s,
faxtod,
pbujavar,
szautumn,
mahdi.maaref,
ps.prs,
nasrinhsz96,
sevda.d94,
m.a.j.i.d_m.a.l.e.k.i,
heyda_5859,
muhd_msl,
maziar.jamshidirad235383,
rezayaghitabar8189,
zahrameydando,
alaie.mahsaa,
mrs.khalili,
saba.rj623,
f.maddah20,
m.y.feshki,
mary_westmacott,
kourosh__mirzaei,
akmchks,
shahab.br1989,
zahra.baran16,
s__m_h_r_d__s,
mahrose.pv,
porazadpouya1379,
mahpar18,
mobin_salehi__,
the_winter_f,
ava.aghaei_,
m0hammad_h0ssein_kabiri,
fatemeh.mohsenpour0127,
7baran_,
amjadfariba,
yahyaashena,
hani_7512,
mahdi_hosseini075,
vaji_arjmand,
zeynababdoliii,
the_godfather1612,
monasaeidi198200,
jlbtr_page,
feiz2,
3_shd.z,
abolfazl.alipour.313,
hamed.rajabhoseini,
ghavamijalal,
samiranazi1313,
alireza__97_76,
_zeinabmhm159,
sayedali.hossaini,
tahminehaminy,
mr_bahar1984,
k_joshan,
helen_o_heliya,
hamedbassir,
n.haeri1360,
miss_mm_3,
ppachideh,
rahman.langari,
mehrdad.alizadeh.bag,
_._metti_._,
safarnia.ir,
y.s.s.d._.99,
ssaajjaadd74,
soroushsarlak,
soheilghobadi,
babaknazari1376,
baharyeganeh,
nassimshahrabi,
mehranifard4636,
bahramiiali,
amin.pasha.m,
poorahmadian_7072,
ali_ranjbar.1378,
mah.saadat6470,
maha.hoseinzade,
gilnaz63,
chameh_,
mahdi.moradloo,
sara.shafieee,
mohammadrza.h,
mohammadbagher.art,
_marvaa_,
sara_zk_,
jokaroya,
s.a.andalibi,
aminovagh,
zainab_pmhd,
fyq1757,
shazde_d12,
yaser_asgharzade66,
reza_gh_lawyer,
ariyamoradpoor,
davod_fathipour,
afshin.mahdizade,
shirinsokhanan,
ekrameh_taghvaii,
farah_naz.__,
shohada.a.m.art,
mahshidba.no,
mostafavi9365,
narges__delbari,
___.fa7,
abbasiiii_m.m,
mr.moghimii,
zahra.azadikhah,
mohammadreza_norouzi_7,
rghaed8,
hoseyn_najafy,
mohammadrajabi124,
lida_farahani,
danial_mousavi,
masoumeh9894,
lpwryl,
behzadpour_sepide,
somayegholampour_lisar_,
rezasaboor1,
k_hoseini84,
m_a_r_y_gh,
aviiin.arani,
awin_a24,
mohammad.barzegar.d,
abolfazl.feizipour,
abolfazl.amini1396,
alihp1886,
sani_douanier,
meisambakhshi,
yasser_60,
amirhossien_d_f,
salman.sargolzehi,
parvarmajed13741374,
mbasamtabar,
hadi__kazemi__keian,
byghrar,
mesgarii.baharee,
mohsenrazvan,
aadelheidary,
maryam_derakhshandeh,
javad_ranjbar41,
hmoradnezhad,
sssammmii13,
reza_talaneh,
saeedkhalili107,
akram_hoseini69,
tayebehghaderi,
eslamibehzad61,
mahdiye.beygi,
nebrasmirabian,
reza_fpr,
milad3.hz,
neginnaeima,
rahbar.f139,
e.moradi.62,
habib_ghasemi_poet,
mohammadnowzari,
saghi.alizadeh,
damoonmli,
pedramch1,
alirezaghanbari7,
jaavad_moradi_1999,
darwish.lawyer,
aminnazeri7,
kianibehnam,
behtashlashgari,
maryammousavii,
zahra__ch91,
elham_b65,
kamyab.azadeh,
ichbin.mohamad,
fateemerazavi,
meysam_soluki,
mohammadali.kaleji,
roz.sefid.6454,
somay_ashuri,
banooye_paeiz72,
minoo_foroutan9.20,
ali.b.box,
amir_elahi1308,
golbahar213,
muhammadtaherii,
seyed_morteza_darabi,
sarahchavoshi,
ali_esmaeiili_pv,
amir_rshvnd,
mohamad_h_008,
niloofarslvt,
roxana_darabpour,
alefmohajer,
saber.nazarloo,
miladjourabchi,
mhossein_1375,
amir_loveymi,
yusefbabaei,
elahe.koushki,
morshedmaryam,
hesam.jahankhah,
mohammmmmadreza54,
divaane_dard,
fati.137373,
zeynab.myp,
sh.tabaei,
m.r.iran.zadeh,
milad_1017,
haddad0609,
mahtab2018mohammadi,
fatemeh_7374,
ali_atri_,
maryagol_tatality,
lifenow727,
mehdi_ahvar,
_rezah1,
saeed_chavoshist,
khanom.jalal4961,
zahra.hk98,
mansouri_morteza,
mohamad_kurd7,
banooye_payizii,
samindokht.79,
hassan.mahdiabadi,
khtayebekhanoom,
marzieh.salehii,
mehri__taba,
mohammadchitsazii,
babak.p90,
hossein_fendereski61,
had3.s,
i.amir.reza,
majidekazemi24,
sohrab_alinezhad1,
reza_salehi_ta,
manoo11mb,
___cutesugar___,
faramarzdanesh_p,
amirsaleh.81,
zarri.yo1376,
cablehogue,
sahelfatehi_79,
alichitgari,
mehranmalek110,
zeinab_s93,
amir_snj666,
mahin.khanjani75,
mr._.3pehr,
meisam.salari1366,
rasoul.h,
maava.shafiezadeh,
somaye___abbasi,
arabpour.f,
hosseinnn55,
sara66n,
iman_y55,
rana_mansoori,
amirrrh_kz,
sahar.k.brn,
ebrahim_rouzbehani,
maryamrezakhanloo,
muham.s,
ali.nasrollahi97,
sadegheh_p.g,
bwt68,
omid.khayatifard,
ala_roha_ni,
fahimeh.arooni,
amirlp.pv,
__arina.s,
ava__f1,
alireza_gh0lami,
zhrshieh,
rahmanipanah468,
5768ks,
maryamm.arabi4505,
r.rahimi9238,
m.saber_mousavi,
alirezaa.ehsanii,
mehdiii_mv,
modafe__chadoor313,
fateme__nobahar,
setareearian47,
farhang.radfar,
amin_setudeh,
diaco_khezri,
arabsorkhi.mohammad,
imreza.sh,
farokh_kheiri,
mohsenfalaah1991,
mohamadhosseinab,
anitausefli,
mortazaazadfar,
mkarimi50,
shahram_arak,
poem.1397,
m.maghami73,
erfan_karami69,
m2abedini,
alireza_nazarpak,
masuod_motaghian,
ali.borna.62,
reza_arghiani,
shahla.rashidi74,
farideniki,
reyhaneghanbarlou,
bozorgian_film,
_qzlism,
fateme.so72,
orly8cohen,
samaneh_mousavi77,
amir_sasani_m,
imansayedi,
faezehrad0,
shadab_ariy,
_sheevaa,
hossein_gharivand,
saeideh_besharati,
nil.mm,
faraz_99_,
aidin_khaan,
leilamirzaee,
sh_fata,
abulfazl_ahsanzade,
muhammadmn_97,
amir.rabiee91,
navidy96,
hadieber,
pariiisfth,
amirreza_r79,
mehrana.fathi,
majid_depsh,
ahmadreza.tazik,
roya_vossoughi,
farhad.asadi.m,
seyed_mehdi_hoseini_92,
jaanan_mozafari,
mahoor.ebrahimi,
ehsan692002,
arash_a_70,
mohammad.reza97,
ho3in.95,
saye_ban_2,
mostafa__akhlaghi,
amirhosein_k_a,
ali33sha,
baranebahaaran,
vahid_amirifar,
masume19.94,
iman_mohammadabadi,
javidirasoul,
bia2taraneh,
morteza_fatehi_nasab,
hossen.askari,
ramin_fathi1991,
shahram_mahmodi4,
hossein_7928,
mohammad_rezzzaaa,
hamidhamzehnejad,
hajar.faraji860,
hossein_rsg,
vahid__hashemi,
farideh_akbari_birgani_poem,
amirarsalan.tatari,
mohammad_safaei_org,
mahdieh_mzamani,
dr.hassan.ziafati,
morteza.b_07,
adi_munchen,
swuion,
a.peykam,
zahrabit1990,
majidghtbi,
fateme_najafizade,
abednazari,
amahkh,
alimansourikhah,
zahrak91_,
raziyeh_jamshidi_orak,
__arina.c,
biglarazam,
mahmoodghsmpr,
younesmoulaie,
fs.khoda,
m_safabakhsh.313,
sima_mehraien,
alimim63,
ali.sehat1356,
mahdifarrokhian,
zohre.bagheri77,
solmaz_hsl,
mostafafaghani,
sareh_ozgoli,
mohammadtaghavi3036,
amirghasemi_chemistry,
samir.energy,
nafise.jalili,
afifebaghban,
hadi_motavalli,
einqaf,
david.najafzade,
pouria_ahmadiii,
davood_lavafzadeh,
mona_d1367,
shahram_begdlii,
hodaahmadiofficial,
poet_ali_dl,
hoda.kabiri,
fatemeh_mi.fi,
arsalan185,
sadeghi1976,
mohammadjavad_s,
farhadkartooli,
seyedmostafasalehi1412_1439,
haghdadysoody,
nima_khedmati1807,
m.daneshvar6157,
ziba.palizban,
babak_hedayat,
sep.ehr,
baran.ch92,
alighorbani1,
iviah_naz.ameri_____,
alinoori6969,
f.f3747,
fatemepanah0078gma,
a.a.atashin,
tanin_tabatabaei_1995,
ebrahimi_marziye,
m.reza_yonesi,
mehdimashhadi7,
hamze3989,
_amir_pashaei_,
muhammad_pourgachi,
mohammadpurkarimi,
ehsan.babaei2020,
bayan.hosseinii,
payam___aghaei,
amir_rezazadehh,
s_amirhossein_j,
amiiiiiram,
pejmantalaee110,
razie.rahnama74,
tina_tin12,
fact_policy,
yeganeh_de_costa,
hmd_hssn,
abassarbandy,
v.asghariojaki,
shahmohammadi.f,
mojtabaghandali,
elahehrahimzadeh1988,
mahdieh.dn7,
sahel_amiri_d_landartist,
matenfatehi,
maryam.pakzad21,
mehrdadjahangeery,
eli_jafari20,
pinkqueenwindgirl,
saeed_takjoo,
fatemeh_ghalipour,
hadyeh000,
_saharghorbani_,
nabilyousof,
morteza_heydari74,
mohammadbagher5,
amire.p.74,
damoor110,
saeid.nour1974,
atefeh.tayyeh,
amirhossein_aminipoor,
rezvane_moayyed,
setarehsasanm.313,
mirzaeehamze,
ali_esmailian99,
nargesdehghan1,
fatemeh_b_farahani,
sahand_cho,
enciino,
t7spotter,
marjan.sh_hassani,
yazdi_elnaz,
aliakhlaghi5204,
hosseinsharifikhah,
ali.ara110,
amin_mohammad_s6,
leili_bavand,
hirad.calendar2,
lief1278,
artemis.shafiei2014,
ghasemi3006,
shadshadakf,
sa.ma3172,
roozbeh_sardarnejad.official,
niloofar.nouroozi,
firooz.z.m,
sasanazizi1992,
mohsen.khani_official,
mohamadimajid1969,
mansoure_39,
arezoo_amirii,
masoume_moradii,
aliasghar.varzideh,
mohamad_galehdar589,
solmaaz.65,
ali.hajiiir,
m_mhrbpr_lawyer,
shabhaye_royaee80,
amrahmani_ir,
fati.abdollahi_1997,
mehdi_pashabeig,
mohammad.najafvands,
kosar.motamed95,
m.rahmanpour69,
s_tehraanizaade,
_arina.sh,
alireza__elyasi,
taheri.lari,
pooneh.babuneh,
ali.farhang.68,
admin1998.ir,
nim.man,
m0h0k,
sobhan_mirzade,
meysam_j24,
yasser.eskandari,
marilynmonroez,
mohamadi.fateme1372,
ho33einnamjoo,
sib5096,
arjomandmohsen,
sha_soo_saa,
elhamkahyesh,
fereshte.rezai,
zobeidreza,
samar_fgh,
hanieh__gh,
davood_parhizi,
kamranaghajani,
majidazaresh7299,
mehdigolzari_golzar,
makhloughzadeh,
allahyar.gholami.amoli,
nargs.ad6247,
behboud_teimouri,
sajjad.amini_7,
basirat.akbary,
danial.gha,
mojtaba_nowrouzi62,
afsaneh_b53,
atefe_tahmasbi,
mehrdad_abedini_,
ali.darabi64,
saraalichi,
hosseinsaliminik,
ehsanbozorgi70,
alikargozar1997,
naghi.dadashi_firozjaei,
amir___gh__,
aminsiabidzade,
alireza_mohsenii,
hamid.n7373,
m.m.diyanati,
masoudkhorami1311,
misghool,
mehdisohrab,
golnaz_esteki1362,
ra._.ha,
arian_ebrahimi_business,
rezanejad.r,
mehdi.sz488,
ayoob.moradii,
saeed.hashemi77,
mostafa_esmaeilnia,
niloofar.sedigh9997,
farshadamin_i,
rock13686868,
taranenab,
shamloo_psychologist,
reza_mehrad1367,
honar_tatr,
xeinab.radd,
shahrzaddehghan.1,
amin1374ebrahimi,
amir.nazarii1988,
pm_sorush,
sajad.dly,
hossein_dz,
h.k__82,
mahdizolghadr,
sama_ahmadii,
hamid.hagh17,
sepahvandta,
soheil.y,
hellenyazdani9266,
akbar.golpayegani,
arash_bno,
ghazal0730,
farhoodshamohammadi,
sajad_tghv,
morteza_moazam,
safaaei,
mohammadrahimi30,
mahya.aldini1996,
ghazalaane_poem,
mina.jrb,
