amirhosein_gholami328,
honar_vitrayy,
jahangirii.reza,
zahratefle,
daniel.khashei,
farangis.hendesi,
azita_7932,
shiin_kaf,
shadi_a1350,
neda00.00,
mis.k23,
l.l.s.m62,
mr.abalfazl_javid,
__.jijal.__,
alir3zw,
alireza_1723_,
amir_hassan.b.gh,
salehchaleshgar,
nazi_joji,
farajian.sadegh,
erifstudio,
dabiri553474,
mahdi4474m,
mc_boy.van,
rgwn7273,
mojde.mozoni7798,
alireza_khakbaz0073,
fatemehsh3230,
haamraz.66,
niloo7335,
toranj.emd,
maryam_abbasi2730,
saeed_karimi_021,
sina_eslami_,
azar.farhadpanah,
nafas29045,
somaye3119,
maryam.alayia,
katjaschwestira,
negin_k998,
i_am_naeem____,
qwe.ali33,
matinahmadi875,
sahel.m.68,
novinmodiran,
hosein_badri10,
fundyab,
fatyfrmrzi,
foroogh.rpr7,
minniemal_,
alireza__mov,
aref_marjani,
faezehfo,
danial_dehghani,
moslam_raei,
melikardg,
mohammad.kh.77,
zohrehmir3576,
armin.imani1395,
monaliizzaaa,
deliciousfactory,
tohid_surveyor,
hamed_7075,
pegawh.__,
mohamadreza.asadi2018,
yohdimasnug,
mohamd_kebir,
hellkissa,
romina_hesamii,
razieh.fazeli,
hani_sadafi,
masoud.rezaei72,
lakhasan137,
mobina137511,
alisalarr,
khtrh8845,
mozafari1223,
__fatemeh_,
_.azita.kh._,
milad_mohammadi1371,
hojatm2064,
amir_esfandiyari70,
mahsaw_1361,
miss.baran_2020,
hmhm.hh,
mehri1406,
shahrzad__aram,
leilasaki81,
pante.a718,
elhamm9668,
amir1_amir2_models,
yavar.shahbazi,
mohammadimilad.1,
sajjad_sharifnia,
farahnaz_sheikh_mozafari,
___nazgol___daf_navaz,
_nasaji_z,
nadiamaleki131365,
m_h13534623,
mohammad.hossein_361,
amirrahimi.034,
arezoo.farasat,
ebrahim.1969,
parir0kh,
farshadfarahnakofficial,
saye_kosarii,
ali.dm72,
esishadow,
unique_shoes_1,
mostafa1.h,
hajiamir_yazdan,
patchi_2c,
markh80000,
in.eshghe.mne,
tolid_hefaz_shakh_gavazni,
zahra_bakhshali,
neda_dashtniya,
mahan.saa1,
_kahkaran_sepidan_hezarcheshme,
atefesorati6,
sadrasadraee1367,
majid.asadi1995,
alirezazgholami3537,
salon.rosha,
venice.gallery.isf,
arya_eshghe_maman,
aliiimirzaei_,
apadana09,
raha.64.05,
p.angel.rs,
zara.71.r5720,
hamide_ranjbaran,
tajkabir__es,
sundoughter1079,
moji70488,
miladmohmadi76,
alireza.alaie,
_daniyal.koruz_,
saman_411377,
mohammad._.m.m,
mohammadrdza157422,
a.boy.670,
galericharm,
mahmoodkamyabfar,
ali1383_8734,
dn.yl5024,
saeedsahlavi,
pigeon_pelaki,
hsyn_2925,
marjanakefi,
pinterest_jewelry_idea,
sama.mjd,
r_azad_1356,
mobl_erikeh,
atena.tahami,
drumul_unui_om,
flex_il_capo,
oscarengu30,
crownspremium,
juanajewels,
roboclick_ahvaz,
sajadtayebi6260,
mahan.rie,
nafasam9395,
suki9930,
asheghanehtou,
yas.2082,
nani136405,
hiinstacom,
hiinsta_ads3,
abashojati7435a,
linda.pearls,
namadestanhonarr,
yk.kq,
aliabedi6813,
kiiing_1991,
krblayyhsn1,
tajrishi.reza,
bozorgzade_beauty_salon,
khdy9288,
salar__jhr,
javad.123javad,
farzaneh_tvakoli,
mohammad._.memari79,
monirei4205,
atenahesam,
mhdi_ye,
erfan.9989,
kian336,
mas_mas_27,
twinkle_life_collection_taki,
rezaszr0215,
kolbeh_shekar_ar,
pinar.h.1393,
golbaano,
jamal_dastgir,
samira_eghtesadi,
hashemi1318,
sharam_tanya3,
mehrsana_2afam,
bahman13698770,
almas.shahr.orginal,
dor_na_91,
azi_773523,
dr.hashimi_haseeb,
mohammad.soltani67,
sahar.fatemi65,
_mis_atii,
niuli.boutique,
mohammadaming6619,
hosseinrabiei,
mina2466ziari,
elnaz_najafi07,
pegaalizadeh,
shadi_tanhaa,
hanif_rahimi_pour,
1354alireza,
golhaye_kaghazii,
baran__nima88,
sheyda.ahmadi1992,
bahareh._.76,
maryam474713,
saeed.sahafimoghadam.ss,
hakim_bsr,
m_mohammad_v,
farhad.hanbali,
kaveh.limoochi.mis,
mujii_afg_55,
hadi.nourazar2018,
landingphotos,
hani_2037,
__macaw,
reza8149293,
erfanrajabalizade_59,
daryaie_abiiiii,
rezvaniigold,
mozhgan0815,
saeed_777f,
ali_ahmdnzhad,
erfan._____nasiri,
mohammadmehrafrooz,
amin_artesh,
pinkrose13551,
skyweather_sarab.admin,
tannaz_aslany,
mstik61,
ravanshenas_khod_bashim,
t.ahmadvand2599,
mahda9522,
azade__rostami,
peyman_souri1,
e44fdff,
haji_haji7070,
sakht_iranian,
rangin_kamane_mohreha,
alirezaahmadi768,
ghasemiijjijjj,
artamag_page,
elena_bagheri1369,
nar2on,
3jd.ch.___,
ali1378.0545,
r.z.a_1378,
sajadbehdarvand15,
amintooki,
alims803,
bhz9686,
shahram21420m,
tahereh.zeraatkar,
samanehdaloochi1364,
fatanehyadegari,
parhamjewellery,
shabioshari,
3a3ak,
babak72b_,
imanpayam,
peym4n_gallery,
aqsa7972,
estheer06_,
altaria_28,
__b.i.a.n.c.a.__,
kristinamarunic_makeup,
h_rezaee0831,
masoud_d_safarkhani,
mosi.mohammadi72,
mohamad_22_11,
sahellm0,
ali.hashemi2801,
zibaf1969,
ardalan.nikan7046,
mahnaz_hosein,
hamiid_sdt,
jewelleryfakher,
handyma_ir,
sahar___khodaverdi,
mohammad_reza9616,
mohammmad_zn,
gulanjewelry,
hackk6,
mohsen.parasto,
nothing_else_matter2,
__bjkhrdjl,
malekian_parinaz,
aden.kalantary,
sarasarikhani,
_s.a_n.a_z,
farzad.dehghanrad,
sayah.hr,
mr.shahini,
mah3ayou3efi74,
saba.sh1390,
ihecktor,
vinw_e,
gumus1dunya_1,
mahgold_gallery,
moradimohsen277,
ahmad_1998_loveu,
akbarakhlaghi,
raha65543334,
mrlbsrwy5596,
imahdban,
mysampalish,
omiiid.red,
adabi.hamidreza,
mahdi_taremix,
ramin.a71,
tak_mojtaba_par,
mamapachaofficial,
mohsen.m82,
a.soleimani_67,
goharnegar.gallery,
goldinsta.ir,
mohammad_denter,
silerjewelry,
aleftext,
mosi_ahmadi,
maatiixx,
goldis.majd,
faramarz.oshar,
houmi_design,
ssami_rs_,
fatane_hashempour,
anahid_ji,
alireza.keshmiri777,
fardin.bakhshaei,
mhbwb5146,
shaparak__12,
habibsafari818,
amata.group,
mohamad_g.i,
vahid_azdr,
_milad_ahd,
photo7pix_bnw,
narges___abbasi,
fatah_.fatah,
ali.k.245,
mojtaba_22_12_1362,
behrooz_1260,
_marjan_18,
khosravinia4244,
zari_barzegar80,
maryam.mmm.0,
fatemeh.bonary1,
amir.kh.1991,
amirgermany122,
afraz_kord,
hesam.badpooureh,
prochi_ir,
mahjwbeh.y.d.n,
s.saati.dds.ms,
_samira_1489,
my.narges,
hamidy.f1419,
barany_xam_,
mahya_jh_,
mohammad.miror,
ehsan.naderi_2526,
_hosseinabdolahi,
lifehacks_no1,
viakoro,
mo.hmmad215,
fatemeh.2307,
narghesy,
raha._.mi_,
zizi.7724,
arose_nemone,
j.mohammad.007,
adsa805,
balalmoosazahi6376,
ahmadrezaborki,
abolfazl.salimi8547,
omid.alizadeh.42494,
kabootar_masafati321,
armitazh_bootik,
mitra_mohamadzadee,
sepide2520,
atolie_barana_studio_chic,
mahnaz_f_56,
mrdy4700,
gabriel.omar12,
sherooz_ali_1,
aldahir_garcia07,
skkkrtmeth,
juanilozada,
tima_azimov94,
gelarenouri,
fardin.p007,
opatan_home,
zahra_javdan_official,
samanahmadi666,
asmon_yonesi_67,
lor.bold,
sh.akbari3640,
lovekolove4049,
hamidreza_masoudian38,
hiinsta_ads6,
abpackaging,
hossein.esmaeili.3525,
mohammad_hd2015,
angoshtar2059,
ky_boutique2,
v_meshkini_fiiiit,
sani1996mb5228,
annmichell_,
_saraghaderi,
shadi_gg_pv,
mohsenmosallami,
mss__fatima.sv,
samiraakamali,
nadikhanduz,
gandom.nailclinic,
amirhosein.n.j.f.75,
81.65241,
arman_sorouri,
sama22___,
simsim_p.vosughi,
f.barizadeh,
mreza.brz,
archimax_k,
1377y.h,
homauoon7,
zolfaqar997,
si_as60,
sareh6773,
naturalmain,
parva.shop,
eshghe_sefid,
foroznaz,
bademzhon,
indoo.gallery,
markazemive,
mohamad755470,
hassan.bastin,
ya.smin2868,
rkzi_1376,
__.naz.a.nin.__,
nc39774,
meyslooo,
mr.tachi,
ta.ka.yu.ki,
fashion_gold.h,
masod_khadivar,
alinasabgallery,
mana_niroomand,
hashem_benz8144,
sinaaa.ho,
emran__sarkuri,
aminn66,
m23.a23,
alizakeri7424,
erami.motlagh,
milad__mareiy,
mc_boy.van,
_fari_021_,
saranaeini2,
f.eslami263,
amirhossen.f,
bonvarimehdi63,
hosein_araste_,
hosseini3790,
saeed.bromandlomer,
navid.bagervand76,
gh.fayazi,
saeed_soltan_bsns_2008,
natanha_0203,
hamed.khezeli58,
asgarinasiri,
doqoloha_as_,
saide1191,
maryam.alayia,
aysan1594,
maryam47_95,
mr_mostafa_mrd,
moraditerme,
a.r.m.i.n.98,
folloiran,
mehrannor98,
narges_k8,
gallery_tajmahal,
badalijatazizi8,
ali_hadadmusic,
mehdi_ltfy,
amir.mirbaha,
sobhan1383amini,
sigmainstafollow4,
pandamobl,
omidsharafiw,
mr_amir.0558,
syrmzzndg,
samanpak075,
7305_reza,
soltan.t.r.k,
haleh.s.k.1986,
pooria_abediasl,
majid_kh1134,
somi_bastani,
farhaneh_m,
sepideh.abadian,
groupyavsak,
wszystkojem,
jorgemartinez.felicidad,
__dashka02__,
gallery_daryoosh,
asghar_golizadeh_samian,
pyman_rhimi,
rampress.ir,
fawti_m.kh,
pet.club.1,
saghar_a_m,
reza.rashidi2,
f.gholamijavanbakht,
amir.golrookh16,
mandana_ajdadi,
mardomeinterneti,
morteza.khodam,
hosein009,
alireza__mov,
ehsan_1373123,
anita_alefkhani,
encyehban,
roz_d_123,
sepand4699,
_midalife_,
swra.knd,
h_a_m_e_d_k_h,
yasmin_mazandarani,
armin_manochehry,
saber.kabir.s3343,
kian_kianpour7,
fatimakamangarii,
sevda.gorgan,
asghar_msv_,
mmd.rza.ashrafi,
paknama_ahwaz,
arminsorori,
shayan.hamraz.8862,
_fatemeh.seyedi_1997,
f__soltani1350,
vahidmehrabani3456,
niyaz_montazeri_1394,
bwtymwltky,
__naz__darakam___,
siyavshakbari,
allmusic0100,
ceiba.design,
the_startups_land,
sshhrrrss,
amin_shafaati,
melinafahim,
zahra.alizade3333,
armina_elhaky,
mehdin00ri,
dsa.niki,
__miss__ha__,
morteza3757,
fatemeh.ai,
fateme.zand06,
mr.houmi,
prbrows_mitraparvizi,
youzarsif.sh,
meysam.minaie,
shshadi1806,
rwy.7082,
samad5628,
ali_kapitan_,
goli_sheton,
saeed.sa.3774,
beyki_mohammad,
benyamin.365,
aliw.az,
khanom_athar,
hadimovahed27,
saeedghanbari.1,
samiralove.m80,
mr_mustache_888,
afrzdwix,
ali_molayi1371,
rwh.wl,
baran139765,
javad8901949,
sfb95,
samaneh73akhtari,
saeedashoornezhad,
tschima,
elaheshajari1366,
dehkadeh.bazi.koodak,
amirabbastahani5046,
hamedfa33,
bahareh.khalili1992,
nazanin.studio,
mina.17.1992,
gzl.153,
negar_torkamand,
azar.farhadpanah,
_l0ve_a_,
rotakhtiyaas,
mostafa_asadi_7,
mahya._ch_ilam,
raha_rahaei98,
amirjf77,
mohamadnarimani,
fatemeh_76.gh,
takbeytiha22,
_mehdi_80_,
nuzha_boutqueee,
rstm1252,
haghparast1394,
mhrb9472,
ahmadrezasokut,
mohamadporshabani,
hasansoleymani44,
homayoun637,
meysam124133,
omid_mohamadis7,
arashmojdehjoo,
peyman_khanmohammadi,
d.fateme.h.d68,
readlatte,
antonborisov666,
alikus_9,
follower_kharid,
venusjewellery,
m_salimi750,
25800hamid,
adelante_e_,
farshidh7596,
dj_robix,
my.rrd6541,
ali136470,
mohsen10_1,
elham.88.66,
cinema.novels,
hossin0820,
qom_mehrmarketnew,
hjazi2017,
eli.m.50019994,
hossin5690,
re.4695,
samirayounesi_nail_design,
shaghayegh.mousavi,
he2002001,
najd.mohamad,
loy_hussien,
mm.emo59,
seyedfarid.aghili,
mohamad__23__23,
asallllllll1089,
ali_k0098,
tina_goli877,
elahehosseini77,
adalatabbaszade,
herbal_saglikli_kal,
zirkhakee2,
azadehesn,
fateme__mld,
_rana_gallery,
shakastrong,
s_daneshmandi,
reflection.a,
world_of_books123,
hartman.ry,
keshishe_ghatel,
aiyla__68,
7shop_kharrazi,
rasool_mosibat,
dani_al_10,
gole_yakh7994,
hossen5156,
h.r.s3026,
fatemeh.roodhelehpoor.15,
ucube6155,
zistap,
masoud_ghadimii,
abolfazl_rashedi4656,
tndys7399,
fatihkazz1,
samirameskini90,
saeedjafari4778,
_leyla1882,
larissaportinari45,
mahdi_d2m2,
ahmadnezhadomid,
webtanan,
pani.111,
atenaa_choobineh,
hadi_mollaie,
kianjavaher2,
mabnasysinstarobot,
samaneh._.byt,
__s.h.i.v.a__k,
mozhganaslani99,
p.angel.rs,
fatiiiiii_mah,
mahya.srkhsh,
borhan_15242184,
fati.___.bshrrrr,
hamedmalaki1370,
malekian1387,
talabeojrat,
behrooz_mehrani_,
y.o.u.s.e.f____67765443,
amirarman_star,
omid.z5754,
mrkalayab2,
mr.alias_62,
gaderaflaki,
hsynhydry6640,
alirahq1,
meysam_b_54,
amir.arsalan6165,
elhamkarimi63,
amirhadi1975,
khazan28315627,
ayoob.1993,
mehrdad_heydari_8275,
mahsa._.kzm1,
perfeectview,
geez_lancaster,
lucadas2017,
r_ezakarim_i,
red_lady1742,
roholah.mahdian,
2705.hsyn,
naf2660,
jasem0076mortzvi,
web.mehr,
talaye_radin,
followerplus.10,
sedna.handmade,
multi_brands_fashion,
alireza__mov,
the_camelia,
cafe_tashrifat_shandiz,
alirezaarabadmin,
hani.taha1389,
hermes.shoes.gorgan,
ali.reza7136,
manto.duk,
marja4943,
elham.sevin,
lidamj,
behrad.bara,
malihe2371,
danial.sabaghian,
persiangold_payam,
_arsalan73,
shayanjokaroriginal,
rezagholamrezapoor5948,
mom_pack,
yousef_madani,
tablomod,
hasanmahboob67,
ata.jabari40,
sa79ra_hz,
bmw.benz.porsche.vw,
reza.m.z7285,
dibachoob.iran,
gvirag26,
aria_bar,
benyaminahmadi4496,
behzadzaree95,
sandali_rak_kalachoobi,
mohammadath01,
salemi_jewellery,
jnby8661,
rasamweb,
khoshbinn,
bahman_barber_delbari,
mohammad.r.40,
hli.hsp,
zahra._.mousavinia,
_faeze.j_,
mona.pourseif,
zahradehghanch64,
hasan.assarzadeh,
shabnamvenus,
barboddddddddd,
niloofare_abi60,
tso_behvandi,
shahroozmostafavi,
amir_hvr,
mr._.mto79,
mohammad_3416,
fahimeenm,
m_mohammad_v,
art.by.driii,
setareh.zare.shz,
ali_t_1998,
andresjose520,
thestylestate,
ssaaeeff999,
mohammad.dalili0963,
armin_poll,
mhy5731,
mamad_afshariii,
sarakarimi771,
mohsen_zahiri_jiji,
mahnaz565656,
atefeh2020202020,
ali110709,
_masa.q_,
mehrdad.ashkani,
taxi_bisim_1828_hamedan,
sourenanazeh5829,
_t.sobhani72_,
shei360,
sara_sh_62_,
maryam.noorbaar,
mohamad_ghazizahedi,
rzgar.hsen,
neda.rahmatii,
iraj_reisian,
_shahab.z_,
omidtaheri58,
ali7kl79,
_mhmd.jvd,
sadeghka5649,
lok.savin.125,
rashcakeiran,
fariba.mazruei,
mahdi_mohamadi75_,
mohammad4020176875,
amir_tatari0011,
habibgolyakh4638,
abbas._s.h.r,
mehdi___abolpour,
marjan.sanavi,
neda.r86,
fozie_maghsodi,
ammir_91,
maligolshani,
_r_eshaghian,
moin7261milf,
plan.sadeghi,
alikordzangeneh63,
so92468,
ladygaga5611,
prett6400,
margana13,
rcaalisveris,
konnieblondie,
khanometarah,
s.ali.alavi6,
0lili22,
adel_oboodi,
ali136470,
sepide_joon_pm,
arman.__.111,
andreas.0045,
m.reza.rasti313,
arnikaware,
ftm_momen_,
n_____ch,
rana___sh,
mehransarfallah,
jabermusic,
yashar_haqi,
pirhashemiayaz,
arshavo,
reza.alefy,
noru_ebadi,
zibasoo,
hon5210,
moziiii__jhan,
riazjaridi,
kiarash.cohsare,
sy2542,
pelak.2,
shanigallery,
sajadigroup.ir,
jalallawless,
erfan250032,
pari733,
raoufpayab019,
m.azadi950,
silverrasaneh,
mkhoshnezhad,
mehrdad_ahmadzade_7550,
elahe5028,
mahmoodyaghoubian,
sajad_khorami_1377,
bahari.salehi,
ehsansamm,
kamran4459,
hasan.tavasoli1985,
arezoo.farasat,
hadiheidarian,
sami8790,
_bahrami._.ali_,
gheychi.boutique,
amir_mirdar_m,
poryabizheh,
behroooz8671,
hossein_dashtban,
sahi.red,
sogol10955,
voice.arman,
saama216,
servernet.ir,
rainbbon,
malien_den01,
fa_te_me_73,
atiniknam,
shimajoon9752,
sanjaghak_96,
maedeh._.omid,
masoud.244965,
behzadrostami867,
soltani.behrouz,
_sra_amb,
mohammad_78_000,
jewellery_nabizadeh,
zohreh.parvardi,
paris3676,
mahsamazhari_,
farnaz6969,
elham.h.13655649,
yawsi.dt,
narges.khosraviy,
nana1988_d,
maryam_mosanna,
ysynjdsevda,
_.behnam.low,
god_._lover,
auroraartgroup,
uraman_gallery,
mjm14.1997,
parnimaaa,
mahanmahan9797,
amirh_2134,
amirhosseinkeshtkar,
vah8719,
behzab2928,
shahin.fatahi20sh.com2018,
mohamadh5857,
firoozeh.zolfaghari,
pooria_abediasl,
maralnademian,
sepide.dehban,
pooyalotfi3680,
alireza4763,
hamid.ahmadi9797,
ali.slmt0,
ri_lav_shop,
nastenaborozdina,
twistedcm,
chynnachameleon,
black.and.whitenn,
rontisha.l.ruffin,
yaserrf6,
mohamadmonji666666,
the.shayankhakzad,
akasi.babak,
savdejan,
dr.sara.shahmard,
mehdi.rahravi,
majidnowruzy,
soroush_jewelry_gallery,
mahoora.leather,
fatemeh_cheshm,
anisa.jewellery,
gerdaaal,
faezeh.1392.06.12,
_mr___morteza_,
mr.mohamadi.nasiri,
elahe.v_80,
video.ashpazi,
mohamad_massor,
baharak_hosseinii,
hasti.kh.12345,
hasti.khoshro,
_________hny__________,
sarasarikhani,
bnw3368,
kazem.zahed,
babaiimasume,
badalijat_gold,
bhmn7331,
mamad698168,
fatemeh.khodaei12345,
jorati.morteza,
froshgah_kia1,
golamhasanmirzayi,
mehdi.nobahar.z,
memarpaidar,
swan_hermes_boy,
majid.gh165100,
savari.ayoub,
ehsan_tay3969,
raw5891,
mo_hammad6816,
elahe5898as,
danestaniha97,
mahdi_s.o.f.i,
autokarshenas,
amozeshgah_samen_mashhad,
shahram.shojaiee0962,
sahari.ch1370,
shobeyrtalebi,
amirfrkhi,
96msforyou,
kave.gh.2015.kg,
aziz.cr7.75,
hadi_rhmni_76,
ma6765284,
shalbafian.ali,
kamal_moghadam_375,
yas.amani,
nazi.m.73,
alibakhtii,
nilu_khanum,
afsoon6361,
koloodangdel,
alipadzahri,
zariiii45450,
drmmiiiiiiiii,
yashar0030,
mehdi.sheykhi.911,
wojnarowicz78,
candyrodriguez93,
ziaei_flower,
__asal__82,
bime._.tejarat,
a_way_to_succeed,
mohammad_nejattalab,
a.alitak,
meysam.mohaddes88,
alirezaei026,
moloud.mg,
d.m.sheikhi95,
hamide_ranjbaran,
zahra.sh06,
mrdy8673,
rda292942018,
amirramesh13,
mohamad13071,
asad.sokhteh9825,
hoshang.m.i.s,
azita4310,
shadi_tm2,
iman.nojavan,
maryam.bj.78,
reza221167,
simaaa64477,
badane_khodro,
_medical_boy,
asm.sh6841,
little.umang,
pawan_dalakotii,
z.nori.d,
amirali.k7049,
khatereh.at,
sepahan6443,
s_f_m_1364,
aydaw.0060,
rahimi_love74,
nafasam9395,
ali_reza_goodarzi_music,
moamadrezamrz,
photoxshopp,
lgos3,
mehdimahani_fan,
storyserial,
alireza__mov,
hamid_japni,
saminfeleziraniyan,
andreas.0045,
hadi.vrd,
mohsen8730,
qomfox,
saharii.e,
_satarkhan,
mahsa__prv_,
zhrw.sf,
mafakherian_gallery,
fafashams2568,
_.melika._4674,
_are_dg_,
said_manocheri1944,
mahdie.alimohammadi,
hediyeh_mhdi,
samane_zhd,
delroba_jewellery,
telesmhaghighi,
vafa_malek,
city_silver_bazar,
farzaanehraazi,
alfred_next8,
vahidmehrabani3456,
persian_poetaster,
sareh6773,
behnam.z.a8175,
_zahranik,
goli_243,
asanosh.ir,
a.soleimani_67,
honarmandegarr,
mehrdadvolleyball81.karimi,
golbarg.1360,
amirneboj97,
negarnazari990,
hamed.nekoukhou,
samaneh_moradinejad,
nazanin.shirmohammadi,
elh.rashid,
miss_rastegar2433,
farshid_zareei,
fateme.sdy,
milad_bakhshandeeh,
keypanah,
cityfitconcierge,
sajad3836,
mohaaaamadtk,
esmaeil1299,
i_ambe_asab,
minoowsilva,
marziyeh.parto,
zahra_3.13,
miss.hiim,
bafgh3d,
zendegi_gomshodeh77,
pariw2374,
jlh.msn,
melassiphotography,
andanmhmmdrstiandi__,
zohre_gholami44,
mortezamadihi,
monadelfanazarii,
mhmdsdwry,
mh_sana,
fatahisheyda,
parsa_farrokhi8991,
ashkan_omrani,
firoozehfalahkohan,
roosta_meysam,
hastii6183,
niiloo_n6,
saba.a___,
parisaa.anjedani_najafi,
gggfuiiijjjhgdddddhhgttyy,
ftm.1225,
yasna.iran1212,
vahidjavadi_ir,
mahnaz_farest1693,
fazeli_gallery,
omid.rezaei.king,
atieh_tehrani2020,
amir_askari12_,
jolfam.araz,
shooka.tbl,
amin__rzi,
anahita_h.z,
amirnotash,
milad_kakasheh1992,
shtrm7382,
_tenhaliq_47,
hm.ydrd3511,
fahimi.mohamad0,
47.612882,
fariba.kosari2000,
amir.arsalan6165,
naeimehghaderi,
naghshine_l,
fereshtehsasani4290,
reza.mohazabi,
pouya_nzp1,
rezaa_rs,
rohzarei,
stanross_oficial,
ksyuha_03_02_,
karimarico,
lliivviie_,
idemianenko_12,
antananarivva,
healer_7277,
liftiredof,
thskhr,
maryam.banooo1359,
mehdi.esfandani.mis,
ali136470,
hamiid_sdt,
vapecafee,
persianartshop,
mehdimahani__artist,
seyed_mojtaba1520,
mobina_ehsanii,
hsm.nw,
el_____y,
arash_1354,
mohammadyaghubian,
sardarok_baloch9718,
maryam.hosseini787,
farid_ebadollahiyan,
atie.m91,
parvin.qolami86,
ali_master13,
fatemehafrasiabiih,
miss_donya6755,
unknown_mano,
sedaye.tabiat,
erfan_yaghobi_,
yashar_haqi,
aghaeiali780,
kiya8152,
tozlutorba,
mortezajorati9,
kolye.gumus,
majidsamadi2277,
afshin__1394,
majid.jigizma2,
kenan.kenan6236,
h_a_d_i_a_1379,
barber_mehrzad,
maryam.shirody,
mohsen.m82,
lucky_bear_shoes,
mkhoshnezhad,
baharfilm,
nastaran19980,
reyhaneh.tabari,
ghasemi1693,
sepideh_frb,
niloofar_7013,
mohamd._.hosein,
_arezoo_hdz,
maryambhf,
alirezakarsaz,
hmd123452282,
doniiii_mht,
casiebreez,
rahman.ardin,
majidbahrami5413,
javad.gholami741,
forud_savari,
foadmohasen,
mostafacharvideh,
alighasmi.1372,
amir__hichkas,
sa_eed6683,
hojati6843,
boreshlaser.nik,
arash.igh,
mariitha27,
behmora,
pink.lucy.s,
ali.khoda.2662,
sahaeiii,
tisazh_baft,
meysamdashti14501,
_parsa_official,
ali.vazitan,
ganjineh.artstore,
english_quotes2018,
maryam_abbasi2730,
inbosupp,
zahragholizadeh0098,
tina._.morshedloo,
mhrsamhmwdy,
atis.st,
t.ahmadvand2599,
marjan_hn2,
saide1191,
mohammad7777199,
bron1029,
mina_kp_,
saeid.522,
rajabzadegan6566,
shayanimble,
chap.taranom.baran,
sina.ch_,
milad.mk1,
e.ll.a.h.e,
sydtkh7,
bhmngrmyn,
ho3ein1379.16,
rominashahamat1993,
mehrbod_maral,
mnosrati628,
pedarekhoub,
parniya_bakhshae,
taghiizadeh_ehsan,
vahid.eagle7,
mehr1162v,
md._.amin,
hamidreza_aeieni,
unqweb,
najafileather,
emohaircolours,
olgakarteleva,
xx_cr.liberty_xx,
rezasedaghati11700,
minoo.3811,
sarafazli,
lift_laminet_moje_selin,
hossein_a.1996,
elhamiziy,
mo3lem.moradi,
royalpark.co,
ir.nostalgi,
sahba.motahari,
alef.arghavan,
amirhossein_aminy,
ho3einallameh,
darami32,
aghayeoghyanous,
fereshtehebrahiminia,
parinaz_porahmadi,
hst9065,
azadehmoudi,
parisazarepv,
pardis_msd,
bad_boy_7684,
shaghayegh.mousavi,
miss_motiiw,
_sarinaw_d_,
ganjinehonar.show,
elahehosseini77,
imanmosallami,
poya13817,
ajib_fun,
madadazizpor,
farshid.naghipourgivi,
zibasadeghii20,
iman_khaleghe,
shoppingenville,
euro_kitchen,
momentsjewelry925,
shbghasemi,
chizlland,
sahar.fatemi65,
_.mahgo0oliii._,
a.p.a.p1396,
maryam19177,
__.__kosari__.__,
sahar.jahangiri,
fatyfrmrzi,
___nazgol___daf_navaz,
miss_mirsane,
ramiin_h69,
str.modaresi,
set8521,
nazgol32012018,
safari212059,
ali.qud,
raminaf77777,
daanish_zehaan,
sana.absalan,
norouzi.m.61,
maryam._.3727,
niyayesg_26,
asal_hamledar,
darraii,
di.anna182,
elyas070,
coindarya8,
omid.sani77,
zeynali555,
darya2605,
marzieh.behii,
m___goli1378,
omidshieh.fan,
hamed.hermes,
0mid_bakhtiyari,
mojgan.farahani58,
emproi,
minam35111,
mahgolmadadii,
daraei6690,
forouzan.firozian,
elham.h.13655649,
azar.farhadpanah,
mohammd_karkhane,
gilandokht_handmade,
nedili_ap,
tooraj.b__77,
92nafas.dizaji,
sandertak,
siavashbayazidchi1380,
artnouveau20,
shaqayeq_khorsand,
_.had00sh._,
senator_1425,
melissaandre,
shahrokh0057,
soozuki6,
taregh_1139,
ananananan35601,
alib8975,
omara3679,
ir4ni4n,
alaleh_bonchenari,
mahmoodasadi67,
fatemeasadi1989,
mikaeilia,
samanehveyseh,
bijan_yadegarsalehi,
misagh.abdalisoosan,
amir._.md11,
somo_ploy,
feliperuizj,
mr_dodo77,
only__cars88,
black_4.20z,
trendingmid,
mhmdmhmwd5703,
a.gamileh,
mortezaebrahimi544,
modufaharam,
hadii5037,
armin_9466,
yzz.8,
sherven1395,
freemagdotir,
ra.ha1314,
samanebehruzi,
mohamad66_1366,
fatemeh_8516,
sam.flt,
sahar.ala1986,
aaliyehh,
aliigorgan,
sajedeh.baran20,
sahebnejad_pv,
fatemeh.rahimi.b68,
alimohammadi33444,
niloofare_abi60,
savashkopan,
__hima__bn__,
amir_rehane82_90,
labgoldmahak_esfahan,
romashein7863,
saeid_kermaniii,
parisa6803m,
_sina_saed_,
nargesmoradiy,
m.taaha0308,
j__ft,
a.m1915,
zarqham3153,
saeed.sf.41,
amirali__dehbashi,
puyan4501_,
izaahraw,
marziesalmani.h,
hosein1145,
maryamii._.1977,
ra3tin.__,
a.lotfaalizadeh,
maryam_abbasi2730,
amirfarhood222,
eliiiiii9015,
negar_torkamand,
saba.nosrti,
mahsa__nooshin,
sousan255,
a.v3923,
abbasrahmanifard,
aa.aa7946,
pwyqlyzdhprwshy,
cyrus_lens,
reza3120.rn,
hooman_leo,
kraft_center,
morteza.soltani.1999,
outofatmospheree,
ieraz,
qadi_f4,
mr_amir1995,
aref_roomi6335,
omidm8730,
mmdrb4587,
nani.bya,
fereshtehsasani4290,
bbaharakk,
farimah.hamdani,
shahab.shojaeii,
ahmad_gorgan,
khan._.daiii,
hamzehsadri0,
nima.music021,
narseh_group,
persian.like,
maryam_j_26317,
nour45c5,
sydneyubeauty,
ss.4239,
nafasam9395,
javaneh.jh,
sourena048,
mezonazz,
korosh5877,
hamiid_sdt,
applato.ir,
sina_hyr_s121,
soner_gallery,
hosseini.navard,
selenitejewelry,
golpary_arts,
shila.ah45,
3d9h,
mahdy2325,
mohammadkhalil_niroo,
akhavan2133,
aghil8719,
parisa_s_k,
ghiassiarezoo,
shohre.af,
_miss.rzy2016,
venoos.1375.za,
miss_jfry_f,
nasiiim.m5,
rebonding_gor,
fati_8806,
_miss_amineh_,
sadeq_zarrin,
abolfazlrostami9389,
nima__maa,
sajadparsa1370,
mehdi62gmail.c,
nazanin_p_s,
ar.a.1985,
mohammad216368,
yashar_haqi,
padash.hasan,
ozcan.tsn,
grybh1006,
vahidmehrabani3456,
f234558,
luofunjyu,
reza_davarpanah,
naiime_mohseni,
mohsen.m82,
vape_juice_city,
aneh_kids,
reyhaneh.tabari,
minimal.tk,
first.cup,
sajadsaghafi,
shirin.jomeh,
royakhodarahmi96,
fateme.ka,
behzad_babaee,
faezehfo,
hassaniam110,
farhad_unesi93,
reza_askare_,
house_modern,
sara_k6468,
chahanshabir,
lbl_shoes,
masoud_karimi1377,
baset_______,
amirmohammad6850,
javad9490,
he3am_physique,
alilatifi13959763,
amir_motalebi4346,
vafa.gallery,
mehran.khamisiii,
taviinho_lopezz,
saba__sgh,
ejoolaee,
862zahra,
nima.z1375.1996,
__mrs._.smplrk__,
mohsen676039,
cheebellashop,
__.zizixx.__,
mohammad_amin_mz,
baftani_aroosaki,
s.4022,
mrm.1351,
sh__f__77,
melikardg,
nasimsh7086,
mobina__.r.__,
___miis___mobina___,
sh_aa1994,
sadeq_c.j,
mobiual,
amethyst_asj,
majidocian,
nazi.art,
armannq333,
ahmad_a_81,
sajjadkhoshandam,
a_bakhshix,
honnare_daast,
reza.mousavi013760,
_haniie.eb_,
ehsanzahabi8775,
daniakbri2003,
aminkabi7906,
raminam9731,
saeedrigibalouchg,
mhmdyqwby7072,
mahdi_mohamadi75_,
naderi_farzaneh6,
k.donyaee,
amirabass3212gmail.com5536,
mahta.nazari12,
fatemezare_f.z,
zahra.t.43,
rezadorkhah,
yashar_abadi,
ali_dargheysh,
_.blanca_,
marketingmeikarta.ckr,
evapff,
____samira_sh,
sanazj.sj,
ahmad_yosefi79,
maryambanoo_65,
mehdi_b21p,
wild_alone73,
bistunw,
eshgh_maman_o_babash,
8.avv,
razihoseini68,
mahnaz.yassi,
creativeideas_ir,
mohammadsaber7092,
memes_psh,
soheyla4250,
mohamad_arab_1476,
mobile.masoudi,
hesam.fatemi.b67,
amir_behdani78,
angoshtary_2059,
farveh_shemirani,
anna_saberinia,
___nedaaa____,
homa_gavary,
saharii.e,
sarasarikhani,
n.i.m.a.khosravi,
pariline3918,
niloofar.jlo,
hediyeh_mhdi,
said_manocheri1944,
elahehosseini77,
pinar.h.1393,
omid_badakhshi_1994,
madadazizpor,
mehrdad_shbzi,
mohsen.cube,
payam_pirhashemi,
khosrravangroup,
coffceee,
hassan_shadmehr,
_crepecafe3_,
golyas___,
aliiii__ahwaz,
nasrin_mansouri.74,
esthederm_sheida,
a.p.a.p1396,
mkhoshnezhad,
somi8155,
ghadrdan_morteza,
arashmgg,
ssami_rs_,
mashhad.nama,
elh.rashid,
m.e9961,
monir_199027,
amir66ahmadi2017,
farshidkarimi1364,
nemat.maddah,
rezforootan,
m_barikhoon,
saeidjoon2440,
sina1eskandary_sabzy,
mr._.rigi_0885,
abolf6821,
sepinud.1365,
yaldaroxana,
inna26smile,
hossein.joolaei,
mc_boy.van,
imostafa.mo,
milad.heydari.73.5,
farhad_6432,
m5964997,
naderkandanbnd,
mona._fit,
miss_davodi7668,
tablosazi.parsa,
kianimehr.z,
agha_amiri.96,
samira_shakib_1985,
webucir,
nafisebkht,
samira.ebadi3025,
negin_k998,
_mania_lyac_,
hastii6183,
sara.vadood,
asbag20,
mohammad._.nikbakht,
minaansari7222,
mohammad_leather,
anita.np,
b.bartar,
amirhosseinsalehipour,
fariba.mazruei,
gire_.rosari,
amir_panahi96,
roya_t1,
s.a.d.e.g.h.i.zahra,
hanalabkhand,
qwertyuiop123asdfgh7773,
mogtaba_sayyadi,
azar.keshavarzy,
somi_baastani,
mostafa.de22,
mnosrati628,
pooria_abediasl,
eligooooli,
yazdan.shaloi,
masoudrahimiiofficial,
mahmoodrezaghavami76,
_rossella_carlino_,
feetmania,
tulliosangria,
resmo1t,
f.yarmohamady9065,
majiid_ghasemiii,
mahshahr_fun,
taghavi_esmaiil,
masomehghasemi1371,
mahdieh_arkia,
yadegarcarpet,
amirghorbani405,
mohamad.mostfazadeh,
elahe.v_80,
shimiorbital,
f.s2131,
_ghazall_sj_,
mehrnooshsarikhani,
mezondey,
sanaz.koochakpour,
morvaride_alborz,
m__esmaeili_,
fateme_dankoob12,
god._is_.enough,
toktam878,
noobuy.ir,
jewelry_pirhashemi,
beslenme_uzmani_berra,
emami69521,
sevdasigumus,
zen.magic,
yashar_akhlaghi,
marmar_sp12,
aria.music.official,
_zahranik,
mahmoodmoosavinejad,
amir.abedi8632,
maral_atn,
saeed.tafakoriii,
___a.1992___,
nastaran_majidi.tkd,
5342mina,
sahaar_p_,
parvin.sabzi20,
taheri1204,
dj_zeus_sahand,
rezasoleymani1378,
therhinesfamily,
farhad.arshadi,
m.ilad_k.arimi,
swag_in_blood_,
master_magician_talon,
samer_farahi,
salman_ehteshami,
rahim_nol,
___morteza71___,
all_in_one_hgh,
i_.hussy,
drani_kot,
ayda_babaie,
shahin_z.a,
aminsolymanpour,
masih_molaahmadi,
mojde.mozoni7798,
akbarsalehi3780,
hamed_senator74,
ebrahim.b1377,
mahdieh.k.t,
ali6612m,
mirhadifard,
baa_raanaa,
fatemeh.mansouri1373,
z.s_57,
zohreh.parvardi,
nargesnasery714308,
hamide_ranjbaran,
leyla_.lb,
azarmnp,
nedas5776,
rezatehrani58,
soheila__navaei_pv,
mg_h_mamad,
salehe88464854,
akbrly509,
cbarmusic,
amenehameneh,
o.mohamadreza.o,
hamidtabarsi,
z.o.h.r.e.h11,
sj.378,
24.10395,
s123javad,
m.sh.77.99,
mahdizadi2464,
m.j.n8682,
rominashahamat1993,
mehrbod_maral,
m.ghasemiyeh,
marzie_khandouzi,
bahar_pd87,
oliinyk_mykhailo,
guzesh_,
_lindadfwu,
autumn_girl_2,
mohamed11320,
virgenies,
studio.hirad.dez,
fantasy_gold94,
kosarkordi,
alzain_444,
hassan.kh70,
rezamahdoodi_org,
shekamoohaye_qom,
pector_official,
rd.2322,
alaajamaljalal88,
atie.m91,
sahar_raeisi,
naz.saniepour,
shaghayegh.pb,
venita_93,
mehdi_zahed.9965,
mohammad_mohebi215,
parastesh4266,
amirjaberidreams,
_hamed._.zahed_,
sara_karimimoghadam,
karbalayi.kamal.javadi,
mehrdad.heydarii,
daiana_gallery_jewelry,
mohamad.farhadi1,
mina9191mmm,
majid.jml,
seyad_mohsan,
70.12949,
hosain.akhondi,
mehrdadmirzaiy21,
fatima_nayeb_goldiba,
ozhennamad,
a.soleimani_67,
amirmonfared931,
sahar.fatemi65,
amk.hilla1995,
moshavere_takhasosi98,
yaldakarimi791,
zeynab._.kazemi,
sahar.snd62,
mahyar_mobedpour,
t.6.30,
mooohadisa,
arezoo66n,
ahmadhasnaki1393,
yadegari.firooz,
perelaafaarshiid,
muhamad3ghasemi,
sheida_zp_,
miladzarepoor,
shahab.bandani25,
__.ghogha.__,
sadat_sajedi1400,
n.mohammadi1276,
navid_kadkhoda,
pouriatabligh4,
mohammad.mahdipoor95,
ll.zwrm.ll,
zahraaaaaaammmmm,
sara.ebrahimi1994,
sevdaaa3971,
the_imwn,
shohreh.momeni79,
yalda.amiri_official,
zari.biglary,
inbo.ir7,
shahine.khod_ro,
mobinaaaa.1998,
arezoofarhadpanah,
sanaz_k_88,
zhale.6010,
taranom5723,
sara_sp27,
jahani9189,
mohammadreza_zandi1,
mohamad.km92,
sara_soleymani.s,
reza.m3747,
mo30_afg_0093,
abbasmorefi,
siavash._.film,
mehdi_ltfy,
hhhhhheryset,
dr.kargarpharmacy,
handmades_decor,
sepehr_janfaza,
saeeddastafshan77,
095865_5_6555,
frz295,
dt.4213,
alireza.8182.m,
armin_shms,
fatanehyadegari,
behrooz_babaie,
hazheh_xarrazi,
nourani_r,
farideh.badr,
yazdan.pap,
mohsen_0312,
saeed.roshani,
somayeh.n.98,
elahemohamadia,
marjan_t70,
_eleonoraaa__,
_therealjes_,
cleo.mmesquita,
omidazimzade,
maribanoo_1375,
saanaaz.shahini,
behrad.bara,
mehryas_gallery,
elahe.hosseinzade30,
shaghayeghas1367672018,
mezon__narsis,
gandom.nailclinic,
miinaaa8777,
a_mahnazi,
mohammad_roudbari1,
iam_amir.s.p,
g6789ku8,
ni_nima,
ayor7906,
vali.boland1364,
vv_carlos_vv,
__masumm__,
afsson4321,
aziz.balouch0800,
mm.q.a,
shadi4567890,
behzaddoov,
mahban_tattoo_art,
_miss_m_a_h_,
p_a_sa,
rahaw_.v._,
yasaman_brz,
agha_mamad_pv,
hadi1366tohi,
maryam_sadeghyi,
_sr.m.p.a_,
syd__5271,
set8521,
doniiii_gh70,
mmd_imaani,
mostafa__k__73,
alirezaahmadi_n,
negahsalon,
mehdi_lantouri_74,
ayoo.alazawia,
alicr4960,
ramin.p_k,
rasoolparvizi_,
ganjjou,
reza_jd_7782,
yalda_1380,
masudakbri,
fatemeh_f7899,
kianjavaher5,
sardar_jan.99,
farid.hdd,
nar_titi_gallery,
mahsa.moon27,
samireh1377,
aban_ms,
nastarn.abbasi,
haniyeh11987,
roaamohamad_sy,
haniye.7671,
parisa.mesrinejad,
hasan.aghayi20,
banoo_sadat__m,
farhanghonar,
mahyar.akhtari,
shaghayegh.4496,
naser_sheykh,
mohammad_p5031,
shiraz_3337,
amirmohamad_ghare,
hamid.ansaryan,
nasimallahyarkhani,
nafas0547,
karimi.diba,
ali_ladan,
amir_yahoo1369,
mojgan.rzv,
m.s.20_17,
mehran.rayasimin,
yly249109,
angelarizi,
djkravofficial,
officialzubed_hassan_,
maria_messano,
antoniosalas_.20,
versvce_gg,
aliii6277,
mahsajbm,
seyed_ali_hosseini_tabar,
sahelmix,
10o10collection,
daric.herbaltea,
studio_hess,
mort3dh3,
aradgoldlaser,
ashpazkhane.lux,
soomerleather,
m.heydari315,
bartar.barber,
bahar_shiri1995,
respina.ahmadzadeh,
qmars_aboohamze,
mina_kavir_,
_mahdis.s224,
__m_hla_amir1396,
dowrsa__jvheri,
yousef.asri,
cake.ganji,
mrym_shfpr,
belal3416,
yummy.bites_fingerfood,
mohammad.qajarian,
cafe_jazzve_rasht,
bazigaran_khas,
godofbot,
binaeesanji,
koodak_propars,
milad_44375381,
royae_zibayi,
esmaeel__96,
safarhayekiyan,
fatemeh.ai,
ghazalhmali,
eli_azaz,
__ladaniii__,
malihesamaye,
azitanejatmehr,
hamidmomenian,
ali.akbar.8584,
bahareh._.76,
_pr_roshanak,
nancybeautysalon,
mohammad____de,
rashed_alekasir,
m_mohammad_v,
mohammadreza.dp,
haniyeh_azadehdell,
arash__soodmand,
faeze_farzin2253,
aminreza93,
ftmeslmi,
dream.kop,
fatememohamadiomran,
mahsa._.alz._,
imanzari3611,
karimi__96__,
meysamvalikhani.fan1,
neyestanimohamad,
mohammad.galavi.021,
mehr__mir,
gamagram.com4,
maryam_goliiiiiiiiii1,
bahram_khaaaan,
zarulafifi,
hmd_kimiya,
queen.nazanin70,
mmbb7620,
nahid.mrz,
masome_veysi,
saheregmail.com16,
maryam_alimoradii,
gitamehrbeauty,
neda.rahmatii,
diamante_moda,
majid.spr,
nia__akhtari__,
melina.79_aj,
mojtabanademi633,
sohaaaajalili_nail,
amir.gamer.w,
sh.bll,
ar.ef98,
n_moosavii,
majid_kh1134,
asal_afrashteh80,
amir.arsalan6165,
azar.midokht_,
mr__saeed__mom,
mokl_khan,
kourosh_alibeigi,
bellaadelloficial,
aikocaine,
jackcozy,
_black_its_my_life,
micommoc4,
gelarenouri,
m1370_71363,
habibabdizadehcr7,
awrmin._.evr._.fun,
arminkoper_photography,
lanatbaromar3,
tins.n.1375,
habibrajabi64616804,
a.arab.4373,
najah_albdari,
oh_pop_,
mamad_akherat,
ys.4245,
maryamrrahimi,
futurepioneers_ir,
mss__faeze.sv,
meysam._.bagheri,
simonunbutigi,
sajjadseyd,
saatcibahriye,
rizabarqii,
nuraddin.asiyabani,
sy2542,
honarmandan_for_iran,
_.yas75._,
noghrehchiofficial,
abolfazlabbasi_org,
rahnemaawebbb,
pardysii054,
daniyal.parham,
monica.moosanejad.makeup,
nafasansari.pv,
___masome___malki_,
fatyfrmrzi,
ariobarzan2500,
alaleh.soleymani,
iliyadfarzaneh1380,
ali.khakizad,
kanooneabzar,
ahmadghandali3,
mohamadreza.asadi2018,
berjis1990,
reza.khasraji,
mojtaba_mii,
amirhosen_m_1377,
m.mollareza68,
fatemehkhanlu_g,
moein.z.ss,
_mr.selavarzi_,
babak.sarchamii,
fatahisheyda,
melodi333333,
armin13823,
mohsen_eslami_afra,
oriflamekhorram,
hakmehr,
poriya_katebi,
aram_khosravani,
amirandmarjan,
amin_atk,
maryam.alayia,
hany.mortezaei68,
azar.farhadpanah,
gandom2381,
monasafari.law,
setayesh.rskh,
toukamawla,
velaire.archives,
lamborghiniad,
nazaninzahraborumand.77,
fateme.andish,
reza_._sezar,
_mahtab_hr_,
bonito_dessert,
bardia_afzalkhani,
fs2574,
7684.syd,
vikash.gup,
ava.ava1363,
elena.maleki,
mate_di_noo,
negarmm72,
diana___jooon,
me.hdi8125,
alirezaperspolise,
mehrdad66abedi,
star_africanviolets,
rz.kamran,
nckyzhwn,
butterfly__lovers,
mister_kit_,
farzanehbarani5283,
bahar.shf4302,
mohammad_k27h,
alirezahenghami,
quee3554,
bita_fakhr,
drfish.clinic,
skincare_sara_khani,
pariyatahery69,
mohsenpak22,
tajrishi.reza,
titisarikhani,
fateme_sadat4611,
sina___banihashemi,
gallerymorvarid,
davarkyiani,
omranbahman,
zahra.slma,
eli.p.1364,
pooyan_accounting,
yektajewellery,
mod_pai,
r1_2007,
sara_meqdadi,
z.saeidii,
ispirazione.e,
ghazaleh_1993,
hossein.hashemi3006yahoo,
farhad680611,
alihajipour66,
baran__nima88,
hossein.__.zare,
atefehzaamani,
sadat0229,
kamali9117,
_milad_ahd,
behroz_pazzle,
jurassicfartrugby,
cristianfoti_official,
mhsw_.ms,
farzaneh_mazinani,
reza.shariatzadeh,
rd_3887,
bahareh_s.k.z_,
amirshaban1666,
alireza_khakbaz0073,
saleh.sli_0410,
mojgan.farahani58,
narsis.shoping,
love_school.1877,
pari.z.1673,
bahar6545540,
mahbob7077,
nah2295,
amitrindekor,
ali_nasehi1993,
luxury_gift20,
galerey.bahar2,
nikaa.handmade,
gofteman_vakil,
nima_senter,
mehreganp2,
mojtabafiroozian,
nas_k69,
aliemadoddin1343,
vido_soheili,
ehsedighi,
leila_.zaeri,
omid_q68,
reza.0111_,
alirezazmzade,
mobin.yazdan.parast,
yunuskayax3,
inastygram,
martaagenjofoto,
aminnejaty1373,
mohamadreza14926,
darush.maghsodi,
s.h.a.d.a.bb,
puspita.della.773,
lawyer._.75._.97,
save3381,
noghre_tak_sigold,
lionstehran,
zeyna.art,
m_qorbani_76,
etmqom,
haniyeas,
matin_jewert,
haniio_0p,
tato_rokhnama_karaj_tehran,
hanasmt,
nil00farahmadi62,
sh.j.benyamin,
kosarkhashi9683,
hediezargaran,
shivakhaki_rmia,
hnyh.shryfy75,
yavarah,
myl9078,
saeed_irannezhad0092,
mohammd_shki,
aroosins,
pourya.purmuhammad,
itsalchemy,
zahraordibehesht,
ara.gold.gallery,
miss_jamei,
nesae.aein.jamshid,
nkh7179,
s.hashem2122,
khashayar.s_,
ll.shaghayegh.ll,
hosseinfarokhi5146,
sajiiii.sf,
zatochka.perm,
vahid.mohamadii_,
senora12.mhshd,
ahmadmousavi._.1,
___mss.y___,
fatemeh_s_68,
pouria.shabgard,
hosseinhighclass,
angelroses86,
ezkill_irby,
zhannayan13,
_sinaw_t_r_,
eli_gorjii,
royall__wedding,
_n_nazi_n_,
mo.hamadreza3117,
ali_samery78,
mahbobe397,
fatima1382fam,
tmn6617,
maryam.dashtian_,
f.panahi.mehrr,
nsymmhyny,
yeganeh_re,
raash9066,
zahrahdr1998,
hosein.m.00,
farhad.1569,
babayi5883,
a.l.i.7.9tkd,
gffhies,
ali.abgaro,
elnazmohebpoor,
behnooshmodaresi,
m.adineh007,
mehdi_javadpour1,
soroosh.mo9259,
faranak6715,
_hossein.mrz97_,
rezabaratizadeh,
mohammad_ghanimi2,
vrnbka,
reidafixa,
ultimateportraits1,
aulia.maharani27,
cristianzam2016,
francisvonwond,
tooka.academy,
mehrtab.psychology,
tarhnovin.3d,
s.ghati,
dibaaa371,
asal___64,
hanirasta4735,
dasta.gallery,
mahyar.mohebbi,
samane_zhd,
reza_1368_r.m,
mazenegar,
ferdoos_1234,
faramarz.pou,
mahmod4081,
saheljjjjjooooon,
mohammad0011mm,
maso7112,
rhw_sn,
maryam.shirody,
hadise.kazemi1997,
motahare_naybzde,
nassam851,
dr_sanaz.afshari,
talaye.khanooma,
youhana.tara,
hanie_mnsori,
293.64,
afsaneh.baranzehi,
mohsen.njt,
j.shaghzaii.761034,
elnazzz_kiani_,
pooladgym,
ghoreyshshahbazi,
marjan688m,
sobhn._,
mohammad.taheri_7878,
mr_.shaygan,
shekam.pis,
elaheh.sadat.sajjadian,
xx_catherine.xx,
amir.__.hosseini_i,
mohsen_ghasemasgari,
4marmarf,
beckyjames922,
kelyakelya_,
mortezashahrakinia,
saeid.habibi.laski,
sayed.milad.hosseini,
niloofar_nikoo_abadan,
moh55455,
afy.jooon,
haghighi_kimia,
nhl_ariayi,
faezeh__abbasiii,
royaemehdi,
homa.h.t.f,
elham.h.13655649,
mehrabiatosa,
_nazdana__,
ngynhmdyn,
nil0farane,
mohamadmaleki.official,
mohadese_asadi97,
macoo.tpstry,
zahra_razavi_78,
nasreen.habibnejad,
hesshop.co,
m.erfan583,
ms.wd4838,
nazilakazemian1862,
delsuny,
marziyeh.tmry,
_manije_mohamadian,
mhj40002,
alirezashekari_,
mr.king4616,
ahmadhaidir805,
javier_azabal,
nyizinting,
vidaativa_vidasaudavel,
santiago.ftinez,
yasin_hashmi763140,
whylaand,
faceoffightgamee,
decor_verena,
shahriar_masoudi,
zomorrod5449,
azadehmoudi,
ostooreye_eshgh,
nushaweb,
fateme_z_hosseini,
masoudranjbarr,
fatiiiiii_allz,
reza.mazandrani_3745,
fatemehzahra_roshandel,
marjan.azardehgan,
f.nrbkh.76,
maryam1350p,
majid.abbasi.942,
daryadaryai900,
n3g0li,
arezogholyan,
mozhgan_abdollahi63,
fatemeh.13776249,
raniiitz,
azadeh_abarghuoee_,
javad.gh43,
mhmdrezay,
said.sarie72,
zinor.ir,
b_3_h_n_a_m,
ahmadahmadian1996,
milad.abassi95,
jaber21karimi,
walking._.dead18,
sanaz.bzm.0,
kiavash0831,
amirreza_sobhani81,
a.l.i.4970,
meysam.tatoo.malakshah,
maryamd8446,
aliafifeh1074taji,
navid_sedghnezhad,
sheyda.sa.n,
miladesmi5,
peymanshafaghat,
printer_3d,
saideh.geran,
m.esmati5391,
aylyn2929,
azinnd_,
baran.t1353,
pakhsh_sarasari_angoshtar,
ali_jalali_original,
beauty_shaghayegh.lovely,
vibe_szn,
zaviyedesign,
erfan7.barzegariii,
winter_girl997,
zolfisadegh,
sohrabazadi521,
naser_esmaili4010,
alihamiadi,
ali_gh_0977,
negin__hamed,
iraj_tabakhiyan,
louisa.aqdassi,
khaneye_salamat,
sh.karubi,
mehdichangaei,
tahmasalireza,
m.rezaei1998,
pooriya__pakdel,
special_photos_unique,
farshad_153282,
dawoodjest136822,
smne69,
mir.akhavan,
faezeh_1225,
ali136470,
poison_ivy_cutie,
god_energy,
zahra.a.l.11.3,
saeedeh.p.s.n,
rahimii.t,
r.o.y.a_bb,
datamoil,
serpil.silver.jewellery,
studio_vector,
marjangoldgallery,
hosein_javid2014,
savalan.yurdum,
moonstar.hypermarket.kids,
__1_2_3pid100ra__,
unicorn_royal,
arezoogolestanpoor,
fao.57,
hengameh.1112,
hediye.shah,
faranak.m664,
shahinhr,
kajcarwash,
sani_sdi,
_shima_m1779,
moslem0334,
mehran19z,
pouriyataheri_kaka8,
koorosh_bakht,
emad4955,
mim_.p,
littlejohnsderbyjewelry,
rayan.gh20,
nayyer84,
mazeh_dooni,
ako_kurdparvar73,
__llkianll__,
reza.miir,
raminravan_,
amir9936ramezani,
mohamad00937,
the.radmehr,
zahraa__h.m,
tschima,
liandesign1,
rana_mohammadi2017,
mahsaw_1361,
hana.7322,
55_3995,
atis.st,
rajabzadegan6566,
macanband_ftm,
monetmir,
alireza.sarvar,
90s.bananas,
topoltip,
poor_hamrang,
mahdi2549073,
maetha1060,
pelak.kabootar2018,
hs_yn1054,
gahraman_gh2878,
aakbrpwr9,
snowflake5173,
kimiahajibashi,
alirezamirzaei704,
solmazsoltanzadeh,
afsoon_hosseini7471,
_wantown_,
vahid.j021,
sajad.ghasemi.66,
_igalheta_,
brito_fitdance,
dayanamesa_10,
dido.midooo,
namebartar,
sada_ffx18,
ghalam.group,
kamyarhakim,
jajeeneh,
aden.kalantary,
athar1394,
sanaz.ch66,
amir_yasser__,
samanebehruzi,
elh.rashid,
malihesamaye,
khtrh6265,
forashayda,
niloofare_abi60,
r.sadeghi_66_75,
pejman3417,
amingholamiiii,
mohsenhasani2911,
its_.kuku,
elena__eln,
saeidjoon2440,
m_mohammad_v,
merkambakhtiari,
mohmmad_bagher1,
maryami_reza,
lida_taghidoust,
sahebnejad_pv,
mohamad.ramezani.m.s,
arosak.ildashti,
llmsihll,
parisa.sarvi20,
miss_davodi7668,
moh55455,
amirabbastahani5046,
naroei.omid,
moein.shangipoor,
vahid_kollol,
_mrym_8090,
pune_taieby,
m.khoshneshaan,
elham.h.13655649,
hmd_kimiya,
kh.mozhde70,
zohreh.parvardi,
zahra.a.h.20,
yasinmirmana,
hamidi7853,
amirreza_r_7,
zahra.alizade3885,
mahyar.akhtari,
_haniie.eb_,
ali.rafee9887,
delalii._,
ali_.093692,
hm.ydrd3511,
md.sayyadi,
sahar.mehran87,
mahsa.sedigh.m,
niloofarmadisa,
sepideh.abadian,
amir.arsalan6165,
mnosrati628,
mashin_dw_khz,
milad.hff,
amin_keshavarz97,
dry_nomad21,
bangzaatt,
saeed_nosrati41d,
maryambanoo_65,
hamiid_sdt,
jsbbijoux.ir,
persianzivar,
nilsa___gallery,
homa_gavary,
anna_saberinia,
davod.rastak,
sondosjv,
parisa_salmanian,
n3g0li,
momy.manyad.dady,
behzaddoov,
h_momtazi8,
mozhgan_abdollahi63,
ma5385382017,
alaleh.soleymani,
vozara_hamedan,
marjan688m,
a.b.64,
shahab.bandani25,
hamidreza4210,
tohid_surveyor,
fadel_alsetri,
gaudyglamorous,
mosavimohamadreza912,
mc_boy.van,
farzane__.rezvani,
amo_shadmehr_org,
_fatemeh_313_133,
parham.gharaghani,
mahgol_jooooon,
phototajrishi,
3_a_h_a_r_,
___maryam_k___,
banoo_rk_48,
lyrd13584043,
gisu.rainbow,
zahra.moh7075,
mehrabiatosa,
jewelry.manufacture.soft,
faziwsh,
gggggvggggggggjjiiiiiiii,
meraaj.ghalam,
drtavakolijou,
mosallanejad_ir,
sohaaaajalili_nail,
darbastrostami,
mehdi_ltfy,
nrs.hosseini1995,
mi_lad6205,
unicornnasim,
royakeyhanfar,
banoasal,
lili.behshti,
k.afzalifar,
mahnazshahidiyan727,
behnoush.aryamehr,
jwdbdgyw,
amin__ahwazi,
hadi.asham7,
nimasvari,
zagrossbr,
san4ez_9999,
_antonymarquez,
elstaromg,
falw_nakonin,
sneha_rao_shekhar,
parkon.ir,
bia2lux,
zahra.1.4.1368,
s.mokhtari1489,
hayatstudioo,
boutique.zanerooz,
tehranshare,
shayesteh__khosravi,
atie.m91,
anna_saberinia,
mohammad_roudbari1,
_hamed._.zahed_,
seyedamir_hoseini72,
elahehosseini77,
said_manocheri1944,
hediyeh_mhdi,
yashar_haqi,
sabersalimi8828,
rh.9502,
sy2542,
f.ghbi,
pv_azi,
maryaaaam.kazemi,
moejeze.zendegi,
moonstar.hypermarket.kids,
zangooei.trading.group,
mkhoshnezhad,
khayatkh00ne,
samanebehruzi,
shararegaladari,
razaghihasti,
m.deljooei,
selenaok80,
sahaar_p_,
sahebnejad_pv,
mojtaba_1358_06,
mohamadm445,
alid99999,
sajadfarsi1372,
niloofare_abi60,
arazbarani,
peyman_panahiyan,
mehranbb3694,
hossien_sarkaki,
behzadakbari73,
mohammad_abkhiz,
arezoo__nail__,
salib.calvin,
rem2_s,
haj.nima021,
alimohammadi5479,
lyby2949,
mojde.mozoni7798,
farhad.niknazhad,
maryam_abbasi2730,
vaezi65,
mohana2591,
mahsa.moon27,
shahrzad7.4,
spide_tavosi,
bahar138686,
arezoofarhadpanah,
masome_veysi,
hastii6183,
mahmoud.4202,
mahyar_gholami_,
saeed110_ir,
e.ll.a.h.e,
mahdi.m_k,
m.ghasrahmad,
nani.bya,
simasima5914,
n_moosavii,
mozafarileilaa,
mehdikashkouli,
farzad_abooali,
reza_tartifi,
h_shariiifi,
mazen77bushra,
fiserovaaa,
_alishka_83,
kavkaz_1221,
rominapeach,
maryambanoo_65,
mohamadparvizi031,
m4h_d0kht,
khanbaji13,
ehsanetes,
ssgc,
mahdy2325,
zahra._.pezhohan,
behrad.bara,
iran.strategist,
_miss_amineh_,
haircolor_niya_gorgan,
yegawwne2022,
reza_karimi1994,
syeedhojat4315,
sajadparsa1370,
hamidctx727,
vahidmehrabani3456,
kidsfashion.kks,
a.soleimani_67,
security_council,
eskadranco,
healthy_teaaa,
elahe5898as,
jhvvfjikmserrg,
niloofar.ganjiii,
nassim_jfr,
reyhaneh.tabari,
malihesamaye,
ssami_rs_,
moslem_2643,
fatijafari93,
sama._.hs,
vahidkhakpor2263,
gemini_gallery,
behnam_jafariiiiii,
k.bayatzadeh59,
zargariclinic,
sara_s7698,
karim.kiia,
r.elahe_mehri,
maaz.abadian,
sadafiii95,
ali_ghadiani70,
moghiseh5259,
ebi_turk6291,
mohammad__hemmati__,
9990hado,
lida_taghidoust,
sajad_7009,
milad_gladiator_kwu,
nazanin_1377_27,
mehditagizad2922,
ahademad81,
monadelfanazarii,
edrismahmoodzade,
prysaaa_n,
hamide_ranjbaran,
p.angel.rs,
jahani9189,
googooi5353,
le.ila8484,
mohamadreza_lorehmir,
hmolaei75,
happylowmayuni,
rond_mci,
rdhrdny8,
yousef._____,
faramrz.s.67,
n.z.58,
khashayar_moghaddam,
arashmojdehjoo,
afro_asby,
aliemadoddin1343,
fatanehyadegari,
ann_sha_,
topbudapestphoto,
eltac_hasanov,
xjohnnytigerx,
rodrigo_hairdresser,
fjmar64_ovd,
f.yarmohamady9065,
elham.r1275,
azadim322018,
theme_tavalod_prince,
1.3.7.4icu,
cinema__ayeh,
sani_fallahi2,
helia._.alp,
sis._.estr,
zahrasadatmozafari,
tanha_paige1,
khalaj.graphic,
gallery.mraj,
mohsen.m82,
shahnaz.ghamsari,
ghasedakbargh,
faegheh_er,
forbiden96,
p.baghban7312,
danialheydar,
mina_ojaghi_art_page,
ghaem_jewellry,
rahiimmmm,
niloofare_abi60,
alid99999,
hosseinfarokhi5146,
sepehr_m18,
pejman_lt,
elaheh.sadat.sajjadian,
mohamadreza.asadi2018,
1mosi63,
_.__roonaak_.__,
badboy_t.t,
657alfa,
emperoor_mehdi_yarrahi,
sahar.ala1986,
hassaniam110,
mandana_tbatbaei,
niluoofar.cj,
golnazkhsrvi,
eryhom_art,
ehsan.taji4,
asattarinavard,
ali.naderi72513676,
arooyn9132,
aliigorgan,
1374asdf,
just_lawyer_official,
fazel.latifi12,
_farhan_rz,
m_amani1977,
tohid_surveyor,
delaram__z_,
ladymajuvie,
pietro_belladelli,
reihan_pj,
alirezakhajaveshrabi,
atefeh_hezarkhaani,
smailfarej007,
milad__alang,
alirezanekooee,
sabt.rasmi.sighe,
cctvparsa,
moghganhejri,
meysam.mohaddes88,
mjavadzareinezhad,
e_lna_z__,
mehrnaz134,
zohreh.parvardi,
shima_mohamadiiiiiiiiiiiiii,
lily.rasel,
saforas2176,
soheila__navaei_pv,
manirezaei56,
mi.neda,
jalebiat011,
sayedqsm,
_haniie.eb_,
mehrdad.mozaffar,
mehdi_ltfy,
hosey0099900n,
jwyd891,
alirezaafsear,
azar.midokht_,
mehrbod_maral,
mnosrati628,
iran_jewellry,
mpf.amini,
elahe_oo3,
colcuero,
_firama,
_yulia_sivak_,
eli_hami_021,
art.farzadrezaii,
maryam.kkjj,
ali136470,
maryambanoo_65,
elahe.v_80,
sahandjornal,
originclouk,
zahra.ahmadi2883,
samereh_ghaderi,
tajrishi.reza,
anna_saberinia,
parastesh4266,
samane_zhd,
mehdi_zahed.9965,
iamallytz_mbise,
hediyeh_mhdi,
lhh7328,
hamed.p_a,
akas_farzad.m,
payam_pirhashemi,
hamidkazemzadeh63,
vahidmehrabani3456,
majid.jigizma2,
hdoost,
dr.hojjati.ads,
maryam.shirody,
hajar_haghdadi,
mehdin00ri,
zahra.alizade3333,
sahar.fatemi65,
fatyfrmrzi,
pargolx_x,
sahari.ch1370,
behpish_jewelry,
bahar.bahadori2003,
behnaz.fooo,
1616.sara,
soheila.sh2022,
girl974382,
hoseinhasanzade5814,
milislr,
alimohammadi33444,
m_mohammad_v,
behnam.zraat.1373,
mr_meysami,
mohamad_moodi,
nafis_galleryy,
saeed_dcm,
niamel97,
raulperez.10,
ali_ghorbani10,
mc_boy.van,
meisam_71g,
leilaa300,
behnaz.0009,
leila949977,
unesi2733,
khsrv9776z,
pari.z.1673,
humanslh,
mos76lem,
sajad12387654,
hastii6183,
dehbaniazam,
zahrasoheyli9969,
negar_torkamand,
_nilooofarii_,
mitraa4425,
soheila__navaei_pv,
bamdad66,
hasan.aghayi20,
abbasrahmanifard,
gspiran,
_haniie.eb_,
e.ll.a.h.e,
saeid.gharishvandy.73,
teuter8970,
hasansaww1363,
wrgdujhvg,
ariyan_zeraatkari,
nazanin_chitsaz,
fateme.safartalab,
amir.hokm70,
mojgan.rubealah,
naderi_farzaneh6,
farideh.badr,
vahshi4526,
sajjad______naghdi,
mehrdad66abedi,
raynahester,
goingthell,
rapush_006,
thviis_,
jandirssantos,
ali136470,
amir.golrookh16,
faraay.art,
whiteroseatelier,
ash.halim.seyed.hossein,
herzeimamjavad,
p.amatiss70,
magiadofunk.ofc,
b.forbeautyy,
mehdirezaei_56,
atie.m91,
chronicles.of.tina,
niloofar.jlo,
hediyeh_mhdi,
fatiiiiii_allz,
pinar.h.1393,
payam_pirhashemi,
forozan_ramezani,
spatna.studio,
__zrw___d_pv,
kharideroozusa,
mohsen.m82,
dr.dorita,
insta.a4.official,
antelectory,
hoorno.handmade,
mkhoshnezhad,
elahe5898as,
a.p.a.p1396,
alihedayati81,
sahar.safargholi,
_dorsa.mh_,
kouhbori,
marjaan.arjmandi,
elina_679,
mehrzadkeivan,
mehr.agha,
f_amoozad_51,
haghi.1367,
ftm__karimii,
f__d.sh,
saeidjoon2440,
ebrahim.yar,
hossein_dashtban,
bestfollowersaroundtheworld,
josebernabephoto,
dokhets,
shahrzad29771,
mojtabasayyah,
atiye_musaayi,
mahdie.banoo6,
fardin99251223fardin9925,
pourya.tam,
kianimehr.z,
hanafesghel,
_x_mhsa_x_,
adi_darbedar,
maryam_goliiiiiiiiii1,
hany.mortezaei68,
samiraaa_pourjafar,
_anita__rz,
hana.7322,
ghiasi5570,
nafisebkht,
faride2060,
ali__moradpor,
feridon_marri,
javahersazi.foghani,
narges.khosraviy,
nana1988_d,
hamidtabarsi,
mehdi_ltfy,
nasim.curly.r,
racing_pigeons_iran,
nooshin68n,
simasima5914,
nourani_r,
mojgan013yosfi,
arashmojdehjoo,
dastaransaeed,
reza.0111_,
farshidasadi1368,
rezakoma,
farshad_moradi_1996,
alitatlises7670,
jafarsajjad,
kirrim_88,
iarwzooo,
mobin_z7,
sara_sam_official,
hozan_k74,
roz88886625,
zahrajafari8521,
hes2623,
khatoon.javaher,
dr.dastani.physio,
h_mohadese1379,
serenitysportswear,
azadehmoudi,
behrad.bara,
saharii.e,
said_manocheri1944,
fati_8806,
hadi.eterafi.pv,
elahehosseini77,
sajadparsa1370,
yashar_haqi,
savalan.yurdum,
dreadlocks_for.girls,
a.soleimani_67,
art_artist_iran,
hadi.1363.63,
hediye_shah71,
vahide_rfz,
radiomarketing,
milad_tahmasebi83,
ey_jonam,
hamid_r_mirza,
shivamoosavand,
foroogh6711,
a._.ziaee,
niloofare_abi60,
yadegari.firooz,
asiyeh.madad,
mohamadreza.asadi2018,
amir_rehane82_90,
mehran_r.a.b.i.e,
bossss3798,
reza.kheyri_re,
molaie.r041,
abolixzzzz,
saeidamiripour2566,
popular79girl,
khalegh.baramaki,
fullhabs1,
a.yazdian72,
delaram.fereydoun,
mr.one.9431,
tahereh_razi1984,
amir.kh.1991,
samira689402,
tschima,
melikardg,
sahra.micro,
masome_veysi,
nah2295,
facebook_ariamajd,
hanie.shn,
esi_kamandani_198,
rajabzadegan6566,
setayesh8816,
safari.asl,
r137125,
hoseinalibakhshi_gold,
sohaaaajalili_nail,
golestan.tabligh,
milad_bahrami1320,
karamo.ir,
maryam89m91,
fariiba_byt,
fatanehyadegari,
pooria_abediasl,
gelarenouri,
k.afzalifar,
farhad_jalil_nasab,
ehsankhaleghi2016,
yahya_igdery,
misagh.abdalisoosan,
shahabkzm,
edri3_79,
prima_ir,
beita_nm,
malkevich_na_pp,
fashion.aliss101,
eizzzzz___,
ailenpinedagim,
dreams_love7,
radio_salamati_f400,
alamyagh67,
__hamed._.78,
kobra.panahi,
sainazbabaloi,
fereshtehsamimi,
venita_93,
ezatymaryam,
khadamate.nakhune.tina,
miinaaa8777,
reza.mazandrani_3745,
kimiyamohammadi.99,
oyanintakilari,
zarbuy,
gheble2,
sonati_kharatin,
arooserooya,
beugism,
unique.gallery110,
reyhaneh.tabari,
tehran.mag,
bahar.hh.m.hh,
mohamad.bagher.alavi,
hu__hu,
sara_nasirpour,
maryam.alipouri,
m.nabipour1982,
amir.hosein.saghafi.noori,
alaleh.soleymani,
alireza_bari,
hossein.hashemi3006yahoo,
__yegane.kh0__,
tohid_surveyor,
saba__sgh,
yaldaroxana,
ejoolaee,
junaidh___,
niloo_o_s,
yasaman_a95,
kashan.ramezany.carpet,
_amir_1289,
mohadetheeee,
samira_t_s_w,
mojgan.farahani58,
maryam_abbasi2730,
m756022,
yousef_z_zebare,
mehrim_70,
elika.decora,
minaa3928,
elham.h.13655649,
zahra__bat,
saeed110_ir,
ali.tasdighi82q,
tabassom.goodarzi,
xahra._.m,
miumiu_market,
anahita_h.z,
fariba.mazruei,
barsam.maryam,
sahar.mehran87,
sarah_khorram,
farideh_ilia,
laurasancheeeez7,
judiit_gar,
zoeyytang,
blueskyyalda,
fereshteh.ailzadeh72,
negin_.19,
sahar_gharedaghi12,
ehsan__ayoubi,
kalayekhab_dream.land,
sanaz.koochakpour,
reyhanejoodavi,
arezoo.ahmad.poor,
mohammad0011mm,
amin_shafaati,
hrbcj1376,
vajihe.you25,
_jafari91,
t.moghadam68,
sepide_hasani4,
mohamad_ehtesham,
fatemeh_toveiri,
perelaafaarshiid,
mana_niroomand,
faramarzjalali,
rezforootan,
tinaa_dv,
sa.5008,
alii_narimani,
siwvwsh_official,
lida_taghidoust,
zahraaaaaaammmmm,
mastan_hoseini,
nedajooooni87679576,
omid_vahid.h,
amiripourhabib,
peyman.moravvej,
bhnaz__rt,
hamidreza.shw,
afy.jooon,
_omid_azimi_,
ghalianchi,
miss_._owl,
ahmadpanahi949,
alireza_ems,
farimaadel,
____.fatemew.____,
zdrhymy5164,
hamide_ranjbaran,
___maryam_k___,
mahmoudzadeh88,
mahdi.nzb,
eiman.70,
narsis_mlk,
minellry,
s.a.6165,
mehrnaz_kh_17,
rokhsana_alinezhadi,
elahez68,
mahsaayazdani93,
delta__tools,
miladsh444,
yousef_mp65,
faezeh1375.dr,
farshidkamaei,
saba__sgh,
m_sanchez09,
niskaleroi2,
nasim__1374__,
farzane__.rezvani,
rozhyar_s.nezami,
fakherjewellery1,
shohreh.momeni79,
12_mhnj,
alireza_khakbaz0073,
amin_artesh,
atena_fazel,
nader.shoaie,
___miis___mobina___,
mah_tab8905606,
hastii6183,
vidaaa2713,
masih_62,
fa_rnz_ma,
diamond_bed_cover,
shazzaidi,
ghazal_banoo5001,
neda.rahmatii,
banoo_sadat__m,
parisa.mesrinejad,
miss_zeyni_,
donailand2,
e.ll.a.h.e,
mehdi_ltfy,
d.fateme.h.d68,
peyman_khanmohammadi,
pounehpkh,
farimah.hamdani,
nasimallahyarkhani,
majid_kh1134,
ccpt666,
mohz_z,
cuenta_bot555,
sahar.masudi,
marjan_rezazadeh71,
anahita_h2288,
mohddesea,
binaamstudio,
novin_ideh_,
hamid.zeynab,
m9366975283,
siamak_z92,
ranginkaman_qom,
shahidnavid_safari,
bluestone.turquoise,
pegah.sh.fitness,
mohaddese_momeni,
esetar_kh,
n3g0li,
iftwx,
r_s_akbari,
75.03866,
masoumibehnam1987,
k.bayatzadeh59,
niloofare_abi60,
habib.mirrezaei,
abas_vaffayi9791,
parisa.mesrinejad,
hasan.aghayi20,
ghasemimehdi111,
id.mohamadkarimi,
_farzad.t_,
lux.tehrann,
4jmgawpjmj,
rasul__deris,
abbas.glock,
mohammad_mis.1373,
milad.hff,
dr_n_a_v_u_,
ba7a_hd,
javad.silavi13740,
kosar3407,
baraxstudio,
mahdy2325,
laya8862,
anna_saberinia,
derakhshisima,
hadis__kh,
minaye_mahtab61,
mahi722969,
mohammad_roudbari1,
hediyeh_mhdi,
said_manocheri1944,
maryam.shirody,
hajar_haghdadi,
follower_market4,
a.soleimani_67,
rooyekoobi_choobin_kade,
nasrin_mansouri.74,
miss_jamei,
aliasring,
h.frz.1984,
afsan._.asadi,
amirhaji514,
_majid_hagh,
saied6112,
travelmvmt,
mostafarahma3338,
azaaaaaaazzzzzzz,
faranak.foroghi,
elham_javaz_,
noushinvc,
elahe5028,
mahvash35110,
mahsagh893,
sahebnejad_pv,
farhad_unesi93,
aliigorgan,
nesa061,
perelaafaarshiid,
hossein.hashemi3006yahoo,
sdllh7826,
amir_aghahosini,
_saewd,
shahab.bandani25,
reza_morshed_,
fercufre98,
faah_d.souza,
mona.at.k,
fatemeh.daneshmandi212018,
alirezanekooee,
amirsamrzaie,
hoseinalami71,
katooni_pushak_orginal,
amir.aboli8,
mehdiyadegari9832,
kian.pir.salami1,
mohsen.fatahiyan,
mohamad._.jahan,
vahidzamani3232,
ahmadi_09188122579,
mahboubeh6405,
sara_sh_62_,
jahani9189,
yeganeh_re,
sayeahmadi899,
hasan.aghayi20,
n.afsharii,
mehdi_ltfy,
_haniie.eb_,
ahmad_h1360,
mozhde_mohammadi,
hoomshop,
wjgwn7259,
siavash.davodei,
mojtabanolove9288,
s.k.academy,
hale.khoshgoo,
mehrakrostami,
parmida.110,
fatanehyadegari,
seluvedo,
jamal.sabirov9993,
lesvindas,
mari_ana_mlp,
arya.hhh00,
h._.mr._.hr,
_18432,
kosar3407,
jahedghadri07256,
tablighat__novin,
elahe.v_80,
hani.taha1389,
zahra_kohiii,
anna_saberinia,
parisa_sohrabi,
mm.emo59,
kangaritaraneh,
youtab69,
a_mahnazi,
hashem_saeedi_ard,
yashar_haqi,
sobhan.yadak5576,
mohamadasadiyan1,
payam_pirhashemi,
sareh6773,
a.soleimani_67,
mostafakh_ir,
box_shop.ir,
arayeshgah_dior,
mkhoshnezhad,
mehradmusavi,
reza.sayyadi0081,
mohsen1441,
jewellery_joanna,
fatyfrmrzi,
marziyeh_fathi_,
maryam.k2777,
pendas_cofe,
mahsaayazdani93,
marjan688m,
aligolkhani,
baran__nima88,
saeidjoon2440,
m_mohammad_v,
satar_khzrpour,
ayatabbasi0917,
sepinud.1365,
negin._.maghami78,
shari_eseich,
hadi_1380_tak,
amirarsalan1722,
samira_t_s_w,
abolfazlabaszade,
asma20178357,
narges1998_gh,
elhamnb76,
mosi__tafa1369,
ebrahimiangold,
zahrasoheyli9969,
hastii6183,
df.meyriz,
rahar8409,
nazarisanaz1369,
hamodi_master_of_architecture,
irancapshop,
mlkhbr8,
esmaeil856,
nourani_r,
shadi_tm2,
reza.mahmodsaleh,
cheapbeauty_bags,
mahinansariii88,
shense_33,
syasyasyafiqah_,
morgan.brown0101,
nafasam9395,
maryambanoo_65,
khorshidcharm,
behroz_ghanad,
fatemeh.h2211,
alirezakeramat11,
smyn9020,
opaljewellery,
michighetti,
hengamehsepehrnia,
swan_brand_mezon,
fati_8806,
mehdi_zahed.9965,
arezoo.ahmad.poor,
amin_shafaati,
reyhaneh.tabari,
parisa_davoodii,
jewelry_sharan,
faranak91.babaei,
mohammad.azarmehr89,
zohreh__dehghani,
atiw.jm,
toraj_mohammadi71,
m0hammadahmadi,
miiiss.rahmaniii,
rahiimmmm,
asattarinavard,
hamed.khoury55,
saeid_kermaniii,
fshyn1748,
barber_4011,
fazii.fa1234,
ali_asghar_bakhshi,
mr.mohammadrezaabedi1992,
little_mystical_soul,
silviadanieles,
zsbi.art,
lida_taghidoust,
teacher_1397,
meysam_moallem,
rrashid.k,
_narges._.7,
zahra.fasihi1348,
__atiye7__,
maryam_abbasi2730,
masood.n4825,
nafisebkht,
mina.17.1992,
airdriecbd,
mohammad.20002646,
asemansanat2017,
kralmobilya3473,
hamed_khademi,
hossein__2124,
sdr28044,
hosaeinasghari,
masroormoosavi73,
tala.sheikhi,
m.jenabi123,
hesamhash,
mohamad.sharifat8929,
m.mohseni200,
iraj_black_org,
mahdi_shahi.125,
_faho0di,
belleartihome,
amirhosseinkazemi96,
salamataneh,
mahdy2325,
behrad.bara,
arezoo_ramezanii,
nedaroham,
negar_anoshe,
alkacouture,
saharii.e,
said_manocheri1944,
arwzou__hi,
dayan__khorsand,
fatiiiiii_allz,
hediyeh_mhdi,
ni_nima,
zahra.slma,
emami69521,
mahtab2374,
nasrin_mansouri.74,
samad__tohidi,
majazinevisi,
mhsa_ameri,
njnikbakht,
mojtaba.zabihiyan,
maaahshadi_re,
zahra__shirali,
shima_1991shi,
sahar_fh91,
yahya_sy770_,
mojtabaesmailt,
mohammad_reza_nikooiy,
rokhsana_alinezhadi,
amylisanti,
khakzad.mehrdad,
aminakakkkk,
amir_mahdi.7,
a.b.64,
_.frzanw,
hasan_moradi_024,
masod_7ms,
sastiaheh30,
instalucia01,
smm9535,
sadafi_sf,
nima07s,
daryayaram0000,
yones_soma,
rezashahroodi16,
zargarijamali,
reza.ypr,
mojgan.farahani58,
misho__khallash,
mahsaw_1361,
f.467799,
elham.h.13655649,
hamide_ranjbaran,
hamidtabarsi,
miladshanbeza,
falah602,
mohamad_m_zooo,
mohammad_plaki,
farzad12342802,
k.afzalifar,
mahnazshahidiyan727,
pooria_abediasl,
m.r.p.h1379,
smart_home.zooril,
gate_ok,
mohaaaamadamiiiiiiiiin,
jenessis57,
amirbhroozi_66_,
ssssrdrxfghhhjjjj,
elif_25_elif,
classic1377gallery,
belarusnedoro,
camila_9647,
rapush_006,
f_gh_48,
minatrm2,
tala_mohamadzadeh1982,
hamiid_sdt,
home_stocks,
nafiseeeeeeeeh,
_kimiya.sa_,
marjanroustaei,
_mahsa._.alavii,
srawbt,
barista.svb,
rokhsana_alinezhadi,
mahdi669me,
parmin00000,
asiyeh.madad,
niloofare_abi60,
alid99999,
shahab.bandani25,
mostafa._.family,
ideapardo,
gennarobiancoo,
enriquecollado_,
dracookidd,
monir_h13,
samira_t_s_w,
saeedkia042,
sokot.validokht,
mehrshad.bsiri,
zahra_mow9,
farzad.rafieiyan,
tschima,
somaye.k71,
vahidlenzo,
souchenaccessories,
nafisebkht,
missmari.x,
afsane11367,
arezoofarhadpanah,
jahani9189,
malekian1387,
ipsychoopath,
hdjjdosooss,
jamalooo.k.s,
anahita_h.z,
fariba.mazruei,
mehdi_ltfy,
mr._.amar,
mnosrati628,
sepideh.abadian,
pooria_abediasl,
dastgirad,
arashmojdehjoo,
marymary_9797,
milad.hff,
mohammad_mz.79,
mr76_.mohammad,
ddperero,
cass.i.a,
motionlessinchemicalromance,
perezr689,
ttory_de,
wood_narvannn,
kosar3407,
narges_yaghobzade99,
golnaaazzzzz,
radi_m63,
orkidgoldgallery,
wpamooz,
elham25877f,
_m9496,
maryam__m__p,
elahe.b6,
marinjeyy,
freshtrends_paris_,
wferrr12,
itspanizzz,
fati_8806,
fatiiiiii_allz,
hediyeh_mhdi,
niloofar.jlo,
payam_pirhashemi,
yashar_haqi,
__sarina_abbasi__,
mohsen.m82,
behnaz.fooo,
s_daneshmandi,
arezogholyan,
arezoogolestanpoor,
mashhadonline,
mozhde_miraghazade,
71.milad.25,
n3da_91,
aarianart,
zeynababedinii,
saeideh_movahed,
ayaghouti4,
tohid_surveyor,
beiti.mirzaie2017,
m.s.am2177,
gholamreza4616,
gold_meker,
r.srvnz,
kieimoniek,
lida_taghidoust,
minanasiri5331,
nwry9392,
hastim8038,
tarashtarane54,
moghganhejri,
mohammadrezaie13706,
maryam_abbasi2730,
mahsaw_1361,
artibex,
saideh.geran,
tinaaa_ss3,
hany.mortezaei68,
sa_alz3,
minna78995,
lov.ely2442,
74_953_,
sikandarali786,
azar.midokht_,
reza.mohazabi,
amir.arsalan6165,
erika__sn,
sepide.dehban,
asal.nozari.1991,
esmatkarimi18342018,
sajadghn1993,
rezabaratizadeh,
saidamukhanzhanova,
adrianny_tejeda01,
sebas.jimc,
marjan_t70,
javaneh.jh,
rose_brandss,
donateennn,
golbaranbeheshzahra,
delsa727226138,
89.42275,
attttiiieee.az,
aden.kalantary,
reyhan75eh,
amin_pierrecardin,
insta_parsi,
sydkrym9908,
said_manocheri1944,
arwzou__hi,
elahehosseini77,
miinaaa8777,
batteryshahsavari,
ali.hz145,
n_t_rash,
mkhoshnezhad,
golnoosh_fard,
f.t.m92,
samanebehruzi,
maralp71,
maryam.zadpour,
arezoon555,
has_san69,
tentenchocolate,
banoo_13611,
mehrzadkeivan,
farhad_unesi93,
sahebnejad_pv,
saeid_kermaniii,
mr_meysami,
m_mohammad_v,
amin.atar74,
jawid.arzani,
farhad.h300,
raziye.srg,
rezaee_amirhossein,
atiyeh._.abedi1997,
sara.ghanbariiiiiiii2017,
frnz__frs,
ali_1996_shaho,
bizar79,
mos76lem,
alireza.rohani1996,
artejewelry,
sanjaghak.1370,
fateme__maham,
zarei7506,
bime__dey__hamedan,
hananeh_seifi,
masoud11069,
gholampoor.m,
abbasrahmanifard,
curaprox_iran,
ali_gh_0977,
karimpourahmad0,
qzahedannights.zn,
mdabutalaha17000,
ly_rd8440,
fatanehyadegari,
aazadeeh83,
negiinshirazi,
zangene_pourya,
sara_shirdel61,
mmd.faraz.rmz,
m1382_h,
hossein_shan,
camanhosilveirajr,
nurkaev_95,
odezhda.dlya.malysha,
gallery_saat_swiss,
reyhane_mokhtari94,
esmaeilijewerlyqom,
a.varpaei,
saharii.e,
azadehmoudi,
farnoush.ahmadi71,
abdollahi.jewellery,
biancaloren_,
anna_saberinia,
mehdi_zahed.9965,
ashkan694451,
galaktiktaki,
elahe5898as,
pansiun_heyvanat_saye,
momy.manyad.dady,
sahar_sharifnia,
nazipyrvi,
mahtabseifii,
negar_.yazdi,
baran.pakzad,
mozhgan_abdollahi63,
fnoori45,
morteza_m112,
mobile_puya,
roomi.13,
karmand_tablighati,
parvaneh_fp_,
dont_nosy,
alireza_sheykh60,
elaheh.sadat.sajjadian,
mohamadreza.asadi2018,
farnaz___1378,
tablo_sazi_shojaee,
eli7484,
maryam23.bnd,
aligharai0822,
amir_vares,
maryam.1.1366,
berenjdone,
sharif.nabhani,
adel.a.s.a,
mili.msd,
mr.amr1379,
elham.h.13655649,
hamide_ranjbaran,
___maryam_k___,
mobina_996,
tina._.morshedloo,
shohreh_khorshidi,
banoo_sadat__m,
_haniie.eb_,
abozarmanteshloo5364,
ahmadkhaleghi9965,
royakeyhanfar,
unicornnasim,
somi_baastani,
seepiiideeh,
amirshahabiiii,
aria8n,
msaeeid33,
reza.0111_,
adel.yektenjad.007,
zarin.mehrban,
a_h_m.z,
sk_photostudio,
alahmdyyasr99,
rothtatiana,
haider.550,
rangarang_fun,
mahdy2325,
negar_anoshe,
ma.hsa7690,
lionadan,
onenoble83,
mehrnooshsarikhani,
maryamdasshti,
0938gh.b,
hnyh.shryfy75,
emami69521,
zahra.slma,
fatemeove30_7477_,
a.soleimani_67,
_jean_presley_,
miss_jamei,
nasrin_mansouri.74,
zahraordibehesht,
reyhaneh.tabari,
monamelondi,
fahime.esfande67,
bahar.hz.1994,
mahsaa.mhd,
neda_tarkhan,
aaliyehh,
akbar.3802,
mohamadkhani1372,
behnam_jafariiiiii,
sara_198261,
yadegari.firooz,
saeidjoon2440,
_.naviiiid._,
mandoo1240,
kerman_membaran,
fbarani3090,
amirarsalan1722,
shohreh.momeni79,
niloofar.kashan,
sajo.safdari,
maleki_carpet_gallery,
prysaaa_n,
melikardg,
azita.razi.72,
sara_sh_62_,
__yasaman_slh,
ati.motaqi55069199,
shayan.p1376,
nikfarjammilad,
gelekman,
rajabzadegan6566,
gapogrambot,
aryagroup_iran,
narges.7238,
emran_a2003,
qazalmohammadiii,
baharmch,
niloofar.9670,
amir.orik,
sasangh56,
m.mohseni200,
komasi.k,
chessymarii,
afsoonsoooon,
sanaz.koochakpour,
nafise_balarostaghi,
bta_als,
h7078,
hajar_haghdadi,
maryam.shirody,
sahar.ala1986,
nimakhiran,
fereshteh_951,
samira1394f,
mstfau,
atefeh.kt73,
shiin_kaf,
khoshhali70,
ketabkhaneh2015,
mohammad___reza12345,
amir_rehane82_90,
maryam.morady9020,
samane__bp,
armin_21,
sahar.safargholi,
fereshte_hsnp0,
__.__kosari__.__,
asiyeh.madad,
niloofare_abi60,
yadegari.firooz,
behnam_jafariiiiii,
ayliiiin_m2b,
perelaafaarshiid,
ayatabbasi0917,
sepinud.1365,
m_mohammad_v,
saeidjoon2440,
m.ch.07,
dr_reza.rafiei,
hasan_arab_50,
alireza_khakbaz0073,
baharjjk,
maaryamm77,
mohamadshah68,
_mahdi_urm17_,
melikardg,
tschima,
nastarannajafi1363,
amir.kh.1991,
afy.jooon,
____.fatemew.____,
mohadeseh_salimiparsa,
nazarisanaz1369,
elham.h.13655649,
rahele__abbasii,
nadiashamari,
abbasrahmanifard,
rajabzadegan6566,
_haniie.eb_,
e.ll.a.h.e,
mehdi_ltfy,
shfyy6763,
amiroonejaty,
ali_gh_0977,
nafas_borideh.a,
taheri.saeed67,
niloofarmadisa,
r_i2465,
azziita6,
majid_kh1134,
asal_afrashteh80,
mahtabsalon,
_elham_teh,
ahang2018,
mytripsfootage,
mavizmedia,
behrad.bara,
atie.m91,
fa_teme4708,
_.ro.ya._,
mahjoobehsharifnataj_sh,
niloofar.jlo,
fati_8806,
miinaaa8777,
amirho3in_nejatiniya,
mehdi_zahed.9965,
shafiimehr,
yashar_haqi,
mohammad0011mm,
najaf6959,
reyhaneh.tabari,
mkhoshnezhad,
zahraordibehesht,
aftabscarf,
hassan.bastin,
maryam.mlk96,
hanixx___,
farnaz.rz70,
_nk_zahra_,
mahmoudzadeh88,
phateme74s,
aliigorgan,
sahebnejad_pv,
hossin1374ghorbane,
mamad_1_9_9_6,
mozhgan_abdollahi63,
mehdi_mansouri.music,
tohid_surveyor,
_milad_ahd,
sa.5008,
_ali.sf_,
mr_edvard6342,
seyed_amirhosein_1380,
jocelyntreleaven,
maryam.m9202,
farivar357,
saeed.samsami6,
monir_h13,
abolfazlalizadeh_org,
niloofar.kashan2,
altin__o,
hesam_ostadi,
leila_matinfar,
masome_veysi,
nafisebkht,
hamodi_master_of_architecture,
tali3000,
farimaadel,
parisabaloochi,
hamidtabarsi,
bwtlbbkhlyly,
mona_rjb,
dokhi_dezfoli,
moein8134,
n_moosavii,
negin__hamed,
afsoon_hosseini7471,
saeed.roshani,
made745,
alli3di,
tarish.ali,
abbas.h26000,
m.mohseni200,
dogukan4578,
rama.zapata04,
hujuki_,
food_industry_noor,
dahyana_ot.21_,
abdullah_mohebbi74,
donyae_sabz_va_salamat,
bahman16927529,
ebrahimsalamigalleryofjuwrly,
elahe.v_80,
mahdy2325,
kangaritaraneh,
msn_sr,
roya_jabari,
parsa.behnaz,
f_a_r_z_a_n_e_h_1992,
reza.mazandrani_3745,
sani_fallahi2,
fatiiiiii_allz,
majid.gh165100,
mohsen.m82,
maryam.shirody,
a.p.a.p1396,
alimhmudi,
enteshari_1376,
seyed_asghar1300,
sepideh.abadian,
z.h.a.m_,
ehsan_mohammadei,
n3g0li,
s_daneshmandi,
sahar_sharifnia,
bahareh._.76,
mahtatatoo,
rooz6174,
mohamadreza.asadi2018,
velat_paya,
iranmind_group,
kamalfarjami,
jwdy41,
fatemeh_210477,
fa.teme1971,
pouya.tagharobian,
mor_golshahi,
mahdi_mhzmd,
alireza.rohani1996,
mahsaw_1361,
maryam_abbasi2730,
13fryn,
naf8167,
termeshiva,
atis.st,
yasi_.ms,
sigmainstafollow_7,
mostafa.a078,
mhammad.gmil.com6,
arashmojdehjoo,
helia.velvele,
fatanehyadegari,
faezemb,
nayereh.kord.1367,
afsaneh__satari,
bahadormoradi61,
nahid_darihaki,
mehran.esf67,
zahrabashiri_36,
maria.starciuc,
pakhshmelody,
anna_saberinia,
venita_93,
dgordi,
tahere_abrahimi_465,
__vahid_jafari__,
payam_pirhashemi,
hadise.kazemi1997,
elahe5898as,
miss_jamei,
hanix._09,
amirspr76,
s.a.b.a_31,
alireza.lna,
takchehreha,
nastaran324654,
elina.ysi._.2002,
shadi_1993,
khalil_genaveh_love,
carwash_palladium,
ashtibasalamatii,
mobina_tk72,
saeid_kermaniii,
vahid__afrazi,
globalmedia.bh,
aminmohebbi_,
bibiko4610,
the.ali_robatjazi,
razie.mansouri_,
i_editorrvr,
samira_t_s_w,
arezoo_boorghanii,
nafs.pr,
elham.sadeghi7310_,
lilyana063,
javidanpooshak,
rtavallaee,
moh55455,
rnkpn,
mehrim_70,
__s.h.i.v.a__k,
amir_mokhader,
mohalb3,
sh.hyn201,
mhmd.khlylwy,
peyman_khanmohammadi,
mahsa.sedigh.m,
asal.nozari.1991,
mostafa.de22,
reza.f2013,
h_shariiifi,
giuliov3965,
maecky_,
black_moon_15,
ayno_nm,
biasafa4,
xavi.h666,
big.follower.member,
a.varpaei,
andreas.0045,
saharii.e,
miniator_flower_gallery,
mina.m1359,
originalshow.men,
sarasarikhani,
sahar.fatemi65,
momy.manyad.dady,
minamangoli9723,
mahvash35110,
miss.jahed.official,
taranehsharif94,
m0hammadahmadi,
hediyeh_93,
hossein.hashemi3006yahoo,
miladjavadii,
saeed.hos.rm,
asma_sfe,
rezaizadi5074,
mozhi.saa,
sajad_shahri19,
lunnaiasakura,
ejoolaee,
rira.clothing,
morsali.6900,
ramanajar500,
alirezanekooee,
daneshjoo_language_center,
tnhyy8879,
golnazpoorang,
alisohrabi7775,
_blluemoon_,
mahsa.moon27,
firooze_mf,
soudiiva4743,
tina._.morshedloo,
zahrasoheyli9969,
hastii6183,
arezookhazali60,
eli_heidary.14,
k.afzalifar,
pooria_abediasl,
gelarenouri,
ho3ein.mirsalari,
alibawi1984,
reza.0111_,
raminabdullaef,
ester__style,
_hacklendin_,
asallbeauty,
mobinahmadi79,
peyman.kave.125,
hanirasta4735,
afsoonsoooon,
mezondey,
iranmalekk,
mohammad_roudbari1,
batis.boutique,
behnaz.fooo,
arezogholyan,
arman5663,
maryam_a_poor,
ensirahnavardi,
138965donya,
adelebadi71,
ali_fazl007,
mahdi.jaberi4819,
mohsen.khaki011,
talasazialiabadigorgan,
yadeyaran7617,
paeiiz_er,
mansorymenswear,
zahr5535maz,
reza.ypr,
mojgan.farahani58,
ati.motaqi55069199,
samiraaa_pourjafar,
hamide_ranjbaran,
___maryam_k___,
made_in_iran_78,
i_.kami_76,
anahita_h.z,
amir.arsalan6165,
s_naderi65,
mnosrati628,
am.abr,
sina.naseri95,
kosar3407,
2017.mass,
ahmadi2953,
mahbobeh.m2016,
lionadan,
hanannehtatto,
ftm._6207,
mahdi.yousefzadeh110,
elahehosseini77,
said_manocheri1944,
hediyeh_mhdi,
emami69521,
a.soleimani_67,
azizi.nastaran,
happy_elf63,
aaliyehh,
majidhehe,
khashayar.s_,
faezehfo,
aho1368,
mobl_itak,
saeed.aliyari,
abdolrasool_zargar,
___f_a_r_i_b_a___,
s.m.hosseini1853,
cafetype,
marcela.d.jimenez,
jazz.badazz,
narges.ba4042,
mehdi69098,
a.atefeh64,
m_bari_1993,
___.naziii.___78,
r_m.021,
persiandavid,
mohammad.tobe0012gmail.com2839,
hany.mortezaei68,
mjtaba0903,
reza.mohazabi,
parisa.kak,
rezabaratizadeh,
jonvandenbraberok,
armnaleg,
mina_kashani81,
pariyatahery69,
hadis.choorom1122,
lili_jafarli,
matina1363,
arwzou__hi,
rahhiil,
armina_elhaky,
nilufarghasemii54,
parastoo.hl,
yousefmohammadia,
z_rajaeian76,
hanie__s.t__,
hassaniam110,
k.bayatzadeh59,
baran112243,
aligolkhani,
baran__nima88,
alaleh.soleymani,
mr.ali_._koohi,
amin.mehrabian_____,
karim.kiia,
sadeghkhan8483,
saeed_____taheri,
x_.mld._x,
lida_taghidoust,
sara305612,
ehsan8936,
mr.mohamad.golshani,
safura_naderi,
na.zanin4126,
farnazeparsa,
ainaz_ranjbar73,
bamdad66,
sohaaaajalili_nail,
taghi_ebrahimi_barmi,
sedifarajzade,
aliemadoddin1343,
__sorati,
gollkade,
perans1886,
tarfand20honar,
a.shafiizadeh,
ali.na3860,
negar__15_,
1010appl,
sajadparsa1370,
shah_meysam,
ramin.porrashid1985,
_jean_presley_,
paria_ghadery,
nilowfri,
__am11n__,
habesha.official,
arezoogolestanpoor,
mohammad1511_perspolis,
behzadsotodeh,
ronak.rona,
pretty_balanced,
minaa5878,
alisalare1373,
3476ali,
m.salehi201677,
maesomeh_,
alimousavi0082,
jahani9189,
mohammad_bazm_1378,
farivar.riahi,
blueberi.m,
hourisadatian,
nazanin_chitsaz,
veris_handmade,
fighter.rrrrr_,
herengami,
dana.khalilii,
ropeereyyraa,
perseia_shop,
kamiwaze,
arevik_arevik_arevik,
ermia_kurd1288,
black.ahwaz,
ashkan.nirvana,
ali_portfolio,
itspanizzz,
_fatemeh_jabari_,
tajrishi.reza,
pinar.h.1393,
fereshteh_951,
s_motlagh76,
mrs_fiuna,
slt.sahar,
emi_azizi,
abbas.sadeghi8141,
asattarinavard,
shivamoosavand,
makhmalsorkh,
fazii.fa1234,
ata.madari_,
baharre_z,
ma.hsa6006,
_hee.vaa,
saideh.geran,
akbar.nazarian57,
mahi_moshaver_salamati,
arian_sag,
manirezaei56,
sonakhanbabae,
sali_slmi,
chihebeddine3,
amcit.780,
sjsjsjjsjsjs.sjsjsj,
kabinet_yazd,
mohamadesmaile.61,
kids_kala,
mnasserghandi,
saaraa_bg,
warning_coreyj,
maary.m71,
syed_mehdi1361,
soheil_amiri2014,
amirhoseinraha1,
leila_soloki,
setareyevenoos,
bargadva,
eli_690402,
aghafazli,
amir.rahimi8200,
gadfum,
elhamezhdehakosh,
ebi.rezaie69,
hamed.hermes,
mohamaad_at,
damadsara1,
mozhde_mohammadi,
amir.hosein_84,
hale.khoshgoo,
shabioshari,
soraya.kh91,
lbknk6531,
shoeb.ab,
taknavazinst,
sareh_bhd,
mahla_moosavi1,
_zahraahomayoun_,
anar_mahi367,
drivenmedaisy,
aboozar.hesari,
tachra.vira,
aktif_aktiff,
follower.bots,
morvarid9666,
mahsa.mimm,
aa.anvari,
sanaz.langari,
maryam.ds75,
moostafaa5104,
amin_ehteshami,
afsaneheskandari50,
1354alireza,
n3da_91,
h.hosseini_9118,
cafe_boof,
a.b.64,
shahab.bandani25,
bahram_jewellery__,
arash__soodmand,
taakhte,
ftmh_mohj,
marziyhpmd,
soheyla0071,
narges1998_gh,
_zed__shin_,
tb3252,
fa.kh,
_nk_zahra_,
fatememdh,
mim__fe,
alireza.jadidi1998,
niloofare_abi60,
ali_talaiii,
masjed_zeynab_dez,
homa_azma,
leili._.bano,
sahebnejad_pv,
marziyeh.parto,
saeid_kermaniii,
sa.5008,
mohamadreza.asadi2018,
thu_loreniithaaa,
qasr_tablo,
pietro_belladelli,
partikbeauty,
benambehtarinha,
mahsan_mhrb,
shohreh.momeni79,
amirabbas_.hoveyda,
alireza_khakbaz0073,
reza.ypr,
page.store,
elham.h.13655649,
masome_veysi,
shahrmart,
mahkmhkamh,
mehdi_ltfy,
hamidtabarsi,
_haniie.eb_,
yosefbrnje,
saranorouzi59,
amir.arsalan6165,
pariiiisaaaaaaa,
amin_milad6969,
aliemadoddin1343,
mostafa.de22,
azstyleofficial,
hossein3718888,
zari.afg78,
nafasam9395,
behnam_gholamali,
andreas.0045,
elahe.v_80,
ghazal.a7210,
sahar_eyelashes,
atie.m91,
setare7725,
fati_8806,
hediyeh_mhdi,
shahrzad.nails,
yashar_haqi,
emperaturvpn,
payam_pirhashemi,
mkhoshnezhad,
a.p.a.p1396,
sahar.fatemi65,
mahvash35110,
maryam.mlk96,
sohrabeslami,
samanebehruzi,
armin4353_,
khashayar.s_,
salman_talatoof1,
thejuvestory,
mmehdipour17,
sahar_fh91,
farshidkamaei,
ayatabbasi0917,
sepinud.1365,
sogol10955,
arash__soodmand,
mohaddeseh_hassani,
ali__reza_13799,
carlocarlini__,
reyhaneh._.mohammadi,
mohammad.nacafi,
pari.sh.13137373,
cr7.mohseen,
taakalhandicrafts,
mohaddese1275,
maryam_goliiiiiiiiii1,
melikardg,
maryam_abbasi2730,
zahrasoheyli9969,
hastii6183,
hamide_ranjbaran,
nafisebkht,
rashed.rostami,
ati5504,
zahra_razavi_78,
bdlhmyd196,
shabgarde_ashegh79,
albosbih1517,
naseri.sara34,
milad_movahedi017,
seepiiideeh,
mahnaz.bateni,
parvin_davoodi,
helia.velvele,
h_shariiifi,
mehran.esf67,
misagh.abdalisoosan,
dmdekflslflflfrlflx,
contornious,
kosar3407,
mahdy2325,
venita_93,
fatemebakhshi.75,
mrym.ghf,
itsdelaram_,
atigholami65,
mahdi.yousefzadeh110,
said_manocheri1944,
mohammad0011mm,
chakavak_felt,
sheyda_rahemi2013,
imranrangila6266,
nilowfri,
atiw.jm,
mohamd._.hosein,
n3da_91,
behzadsotodeh,
many.63,
bahareh._.76,
a.b.64,
shahab.bandani25,
sssam104,
ngakakbareng.suryaberlinobabel,
rn.1953,
nc_moghadam95727,
alishahsavari1032,
moh55455,
farimaadel,
cloooose4444,
_.tlw,
rajabzadegan6566,
_mahsa_2120,
parviz.arammoghadam,
farimah.hamdani,
karimi.diba,
shadi_tm2,
fatanehyadegari,
niva._.2084,
simasima5914,
wlnd_eawl,
ro_brt01,
iloveupiyush,
kangaritaraneh,
anna_saberinia,
saharii.e,
_.amirofficial._,
___nedaaa____,
_yaciiens_,
arwzou__hi,
mohsen.m82,
ms_mz_mf,
maryamahmadian,
mohamad_khordepa,
happy_elf63,
fat_emeh_mo,
mojtaba_arefnia,
maryam_keyvanshad,
behnam_jafariiiiii,
shivamoosavand,
mozhgan_abdollahi63,
mehdi_mansouri.music,
1354alireza,
fazii.fa1234,
elaheh.sadat.sajjadian,
zohreh_sarmast,
karimi__96__,
fatemeh_kooshki1994,
masire_roshaaan,
pedramgoodarziii,
alikashan7174,
fatemeh_1379_s,
sarayiii73,
elahehrahmanihosseini,
arashmojdehjoo,
yashar_abadi,
reza.0111_,
alibawi1984,
parvin_aeini1,
ml4e05,
milad_.th,
agustatri,
_lincolnjohn,
danyal.ahvaz,
negar_anoshe,
negar__15_,
eye_graphy,
hanirasta4735,
azadehmoudi,
niloofar.jlo,
ni_nima,
emami69521,
mohammad_saarbaaz,
elahe5898as,
hassan.bastin,
aaliyehh,
mhsa_ameri,
atimatimas,
i_mohammad_m,
katayooon.a,
sepide_hasani4,
karpa_27,
odmenkz,
mohammad_negahdar,
im_.saraw,
__nstrn_mm,
kosar_picaso,
hamid222818,
mrm.mozafari,
leilasahragard,
__s.h.i.v.a__k,
sourenanazeh5829,
saeed110_ir,
masud.541,
foroozan.akbarpoor,
_r_eshaghian,
ahmad_gorgan,
parisasedaghatniaa,
niloofarmadisa,
mahtab_art,
reza.f2013,
m_ahmadzadeh.public,
mehdi_zahed.9965,
sareh6773,
a.soleimani_67,
hajar_haghdadi,
maryam.shirody,
niluoofar.cj,
babaalijan,
melikarabie,
noushinvc,
aidin25733,
sahari.ch1370,
perelaafaarshiid,
hossein.hashemi3006yahoo,
fatemeh.roodhelehpoor.15,
goddess_.98,
deltatajhiz,
bubelgumsports,
iranipour_maahrokh,
alirezanekooee,
neda.ehs69,
fatememotevali,
taheri.saeed67,
asal.nozari.1991,
faezemb,
peyman_khanmohammadi,
mr_chevere,
x_benyi_martinez_x,
konstantin_shar,
anu.3gp,
hassan.bouguern,
seaquien.legustas.latinos,
mahbobeh.m2016,
thelifeoftherichandfamous,
zero_stress_technology,
toptiermoving,
nasrin_mansouri.74,
miss_jamei,
moein671,
studiotaklens,
zari80__,
sahar.tasbihi,
mina.panah1052,
fatyfrmrzi,
_nataa_nn,
m.ashoori.35,
aliigorgan,
saeidjoon2440,
atiye_musaayi,
mojgan.j61,
fatemeh__r__72,
atis.st,
hamodi_master_of_architecture,
nazarisanaz1369,
sarah_kourd,
m.kh8941,
parisa.mlkt1991,
npnp4257,
photoshop_mastee,
abdullah_jafari_,
my.memes.my.life,
hossein.soltaani,
mandana5892,
lampada_romanova,
hasan_jahani91059296,
sahar_sharifnia,
momy.manyad.dady,
arezogholyan,
elahe5028,
s.safarzaade,
monir_h13,
rj.sln,
sararahim1362,
pedramsazmoney,
arsi_rf,
mahsa.moon27,
hany.mortezaei68,
ati.motaqi55069199,
sam_2877,
maryam.zghi,
elnazmohebpoor,
hamed_behro,
farideh_ilia,
msar_sarm,
reyhaneh._.jalali,
mehrane2043,
emirhan_u.l.a.s,
fsfsarajevo,
sasan_alizadeh_urmia,
mohamd._.hosein,
1365109m,
faranak.foroghi,
saminehsharifi,
dj_elnaz_zabihi,
farhad_unesi93,
saeid_kermaniii,
sarah1998na,
kerman_kerman_,
ar.ash5543,
zdostmohammadi,
amir.kh.1991,
melikardg,
moh55455,
minaa3928,
masome_veysi,
__s.h.i.v.a__k,
zahrasoheyli9969,
manirezaei56,
rajabzadegan6566,
mehdi_ltfy,
_haniie.eb_,
hamidtabarsi,
ostovarfarhad,
drys2982,
arashmojdehjoo,
fatanehyadegari,
helia.velvele,
dozanaciya,
lpsoldier2018,
ig_guru1831,
a.2088a,
6ij1s,
patronum_6,
mahdy2325,
_.shiva.afkham.____,
farnazameri2564,
sarasarikhani,
anna_saberinia,
atie.m91,
kangaritaraneh,
mehdi_zahed.9965,
hediyeh_mhdi,
haniyeh_nm72,
hadise.kazemi1997,
miss_jamei,
mkhoshnezhad,
zahraordibehesht,
hanie.st,
azar_chegini,
hamednajafi71,
samanebehruzi,
frsh_feizi,
zahra_shahdoost_,
asiyeh.madad,
hosseinfarokhi5146,
set8521,
amiralijz.pv,
agus.miroo0,
simelxm,
elhamezhdehakosh,
saeed_m_1380,
daniyal._.gh,
zari.1507,
hayedeh_reza,
mreza079,
alireyhani2222,
negar_baboli_music,
aramd198,
maesomeh_,
mr.amr1379,
tarhanim,
hamide_ranjbaran,
ati.motaqi55069199,
faezemb,
niloofarmadisa,
unicornnasim,
amir.arsalan6165,
godfathermusicgroup,
z0z83,
dayanenickls,
pezeshk.dehkadeh,
gelarenouri,
mohamadi13831383,
fuzhan.media,
said_manocheri1944,
arwzou__hi,
nasrin_mansouri.74,
n3g0li,
s_daneshmandi,
bhnm_fafa,
dorsa88fatemeh,
k.bayatzadeh59,
1354alireza,
mehdi_mansouri.music,
maryam_enbi,
bahram_sherizadeh,
zahramonfared16,
_.fatemeh_etz._,
rj.sln,
asiatech.hasansoori,
maryam_goliiiiiiiiii1,
mi.no52,
amirrezajewelery,
cheraagh_e_jadoo,
menubaz,
andreas.0045,
venita_93,
khlakhyrzadh,
rohollah_rahimi_r,
aidaesf,
anahitaheydarii73,
ni_nima,
yashar_haqi,
emami69521,
mohsen.m82,
hajar_haghdadi,
bazigaran_iran_film,
a.soleimani_67,
a.p.a.p1396,
sahar.fatemi65,
atiw.jm,
sepideh.abadian,
mim__fe,
rastin.shl,
shivamoosavand,
behnam_jafariiiiii,
sahar_fh91,
m0hammadahmadi,
mohadesehkhani769,
mhs.m.hs,
mahsaw_1361,
tschima,
mahtabrafiee,
fatiii_bi4142,
gondehjin_hamedan,
shahla__sama,
banoo_sadat__m,
peyman_khanmohammadi,
sepide.dehban,
elnazmohebpoor,
saranorouzi59,
mehran.esf67,
shahabkzm,
reza.f2013,
zahra.m418,
smylshh6,
_mohamad.slh_,
estefania_peress,
parmisbeauty,
elahe.v_80,
amin.danesh1991,
hairstyle_mariya,
princess_studio9981,
bta_als,
saharii.e,
magumuscom,
maryam.mlk96,
faramarz__dlc,
mehrzadkeivan,
sahebnejad_pv,
niloofare_abi60,
saeidjoon2440,
kiaa_store_saari,
narges.ba4042,
maryamzareh076,
atiye_musaayi,
maryam_abbasi2730,
nafisebkht,
hastii6183,
mahkmhkamh,
shadi_tm2,
faqat_khodaaaaaaaaaaaaaaaaa,
imanpayam,
mr_mohamd.reza,
clipefa,
extremely_nail_beauty,
nafasam9395,
marzieh.new.photo,
faezeh.1392.06.12,
___nedaaa____,
niloofarshm,
mrym.ghf,
payam_pirhashemi,
sajadparsa1370,
elahe5898as,
pdrm8456,
mah_darya444,
mahvash35110,
hediye.shah,
ysn.zeynab,
sheyda._,
fatemeh.roodhelehpoor.15,
ayatabbasi0917,
mehdi.kezha63,
nahid_amidi,
shahrokh_komando,
mahsa.moon27,
arsi_rf,
jahani9189,
missaddrahmd,
_nwazi_,
arezoofarhadpanah,
ebrahim750946,
nasimallahyarkhani,
milad.hff,
reza_kazmi_mlm,
ehsankhaleghi2016,
roverega1,
shomalmaskan3,
extension.senik,
hanirasta4735,
itspanizzz,
sahar.ala1986,
sherry.zam,
mahsaa.mhd,
mmd_ghzli,
farshidkamaei,
sepinud.1365,
mohamadreza.asadi2018,
sa.5008,
mohammad.02120,
nabavi6190,
hasti.yadgar6353,
3642.hsyn,
ava.ava1363,
pooria_abediasl,
ftm.mofidi,
elhamzavie,
shahrzad_newgallery,
misagh.abdalisoosan,
sadeq_eskandari,
ali.a.l.m,
mr____ab_pv,
petrich711,
sarafrazi.prs,
pariyatahery69,
mahbobeh.m2016,
miinaaa8777,
daffyshopvip,
f.barizadeh,
vali_saber4675,
thegumush,
dr.rezajf,
64.adorable,
sepide_hasani4,
a.t.gh.a.t,
taheri1204,
emaniya1516,
rasool_sadeghi_1370,
elaheh.sadat.sajjadian,
aminu___madigawa,
armanazinour,
kazembabayi1379,
m_s_m1917,
saharnaznikookari,
297346farzane,
i.amir_khan,
sepideh.z69.a,
nooshin68n,
nazanin_chitsaz,
ahmadataei1995,
pedram_ghaffari137373,
farhad.payam,
kosar3407,
hope_artgroup,
hip2rap,
sanaz.koochakpour,
timbouvette,
sooroosh_s_f,
mofasam.5590,
fatyfrmrzi,
nilofur.hojat62,
bgphoto.ir,
azbad11,
kafsh_pejman,
abolfazl_sana,
isba_iid,
arash__soodmand,
axl_b_v,
q8_sayegh3,
maryam.f.d.6122,
el.imantalab,
8625maryam,
samira_t_s_w,
neda_nikfar,
safura_naderi,
ahmadi.4666,
soudeh_habibian,
eliroda60,
raha_1212_a,
fariba.mazruei,
ywsfmhmdy78,
theth_hari,
joulaei_mask_beautyshop,
samaneh_hesam,
msar_sarm,
naderi_farzaneh6,
mahsa.sedigh.m,
takhfif30,
samira__tj,
niloofar.jlo,
nilowfri,
asma.mohama,
mahsolatezoha,
mina.alizadeh8814,
narges1998_gh,
mona_mb2,
mostafa__kaabi,
dorsa.7878,
baghebenin,
yaserheidari206,
maryam.1.1366,
am.irreza881,
mahsa_m.h.m.d.i,
hamodi_master_of_architecture,
zahra.aj72,
saeed110_ir,
reza.mohazabi,
zahra_kohiii,
rshl5738,
mahdiye_reza_1394,
mohammad_dehghan1997,
akhaligh,
mr__k1,
sobhan1205,
bahareh._.76,
zaker588,
hany.mortezaei68,
sawman_98,
almak_mr,
atefeh.roostapishe,
bakhtiyarii_m,
fa.teme2153,
donyabanafsh,
hastiii_54,
mehraban.hamidreza,
mehranhafezi,
mahmoodrezaghavami741439,
zino.design.gallery,
happy_elf63,
missviolet_r,
darlinton0,
juliannazubor,
zahra780095,
lida_taghidoust,
raihanpranata9,
soma.f1982,
termeshiva,
mana_______md,
mahsa_nazanin_,
palakikaron9884,
sarayiii73,
hale.khoshgoo,
_medical_boy,
shahin36611,
mohammadreza385,
qetsiyahgeronimo,
iamnoramzi,
aulia_fadillahfitri,
wetravelgo,
farzaneh_tvakoli,
mohammad1511_perspolis,
6967.sam,
reba_6699,
leilaaramon,
taheri.saeed67,
rezabaratizadeh,
abbas.h26000,
djkdduihdt,
_.mowhsen._,
gallery_silver96,
kamiwaze,
_shon2much_01,
elnaz_kzi3543,
reza.mazandrani_3745,
spsetareh,
fatemeh_toveiri,
hasankhani.nasrin,
mahmoudi.sama,
jafar.mirzajani4186,
mana_niroomand,
hosseinzarqami,
zhra._.soltani,
mahdi_mr_tab,
asal.nozari.1991,
latifibahare,
wearerepcity,
danil.ivanov21,
sasha_kun63829191,
yalda72954,
posteriom,
leilahamidi8994,
arezoo_ramezanii,
pinar.h.1393,
arezoo.ahmad.poor,
elahe.70.ff,
seifabadi_com,
_nk_zahra_,
_kimiya.sa_,
alaleh.soleymani,
amirhshahidi,
mamalibolvar,
mozhgan_abdollahi63,
esmail.emadi.tkd,
mahmud.pk,
ali_khani379,
ahmad.ebrahimzadeh32,
tina._.morshedloo,
alireza585859,
soudiiva4743,
snowflake5173,
aliemadoddin1343,
msaeeid33,
mr.yazdan.es,
ali.ha.ha,
siyavash_etemad,
svzalien,
djsjxjxndfkdmf.xks,
m2hostyle,
samyaar.90,
a.varpaei,
daei_b,
meysam.minaie,
seluvedo,
azar.midokht_,
s_rahmannia,
mojtaba.sadeghi.061,
adel_oboodi,
mahsa.azam71,
nazi_rk,
leila.asadi1981,
mahsun_turkiye,
pishrafte_sabz_ba_ukrain,
1992_enciyehrezaeii,
ha_m_edi92,
mirashrafi_langroodi,
yalda_zzz_66,
victoria_zolghadr,
bp.bh,
fatemeh_f7899,
mohammed137224,
fatemeh_gholizadeh96,
zeinab.afzaliiiiiiiii,
mehrdad41b,
malekian1387,
raha65543334,
sareh6773,
dordori310,
arezoogolestanpoor,
homa_azma,
behzadsotodeh,
vahid.jahedi74,
daff__12,
mohammadkhaniipour,
adel.a.s.a,
aqa_milad95,
babak72b_,
malk.n2377,
bigsmock,
ayazfruit,
baharak_hosseinii,
rozita.rafiei,
elahe.b6,
fabulousglamorouspeople,
fereshteh_951,
noushinvc,
elnaz_inl,
yadegari.firooz,
unhumanoinsta,
naserabbaspoor,
mohsenbayeiofficial,
rtavallaee,
atis.st,
a_yogla,
nazaninbar,
saba5524,
rashidi_mohammad_375_,
sai.6796,
mofasam.5590,
fatyfrmrzi,
atiw.jm,
golnoosh_fard,
samanebehruzi,
sajad_sh_a1,
rezaeghbali5179,
fatemesme,
farhad_unesi93,
sahebnejad_pv,
amirmagharre_mylove,
shahab.bandani25,
a.b.64,
ayatabbasi0917,
fatemeh.roodhelehpoor.15,
alirezanekooee,
behroz38800,
farahnaz_sh30,
bahram_sherizadeh,
rufarshi.tork.istikbal,
parii_pooya,
amir.kh.1991,
maryam_abbasi2730,
bahram_khaaaan,
hamedan.neff,
eli______kh,
zahra_cheraqi75,
zahrasoheyli9969,
reyhaneh_al_82,
aliasgahr_official,
malekian1387,
fariba.mazruei,
hamidtabarsi,
sjd111123,
galilamani.97gmail1080,
alisaki1607,
khaldziba67,
1140_rd,
abrahim.kan,
bakhtiyarii_m,
nahid_asadie,
farivar.riahi,
donyabanafsh,
aliemadoddin1343,
snowflake5173,
20tikfastfood_abadan,
amin_khan_1376,
gelarenouri,
handicateam,
nazanin.khanom69,
andreas.0045,
smyn9020,
yaldaaa90,
maryamgh1990,
mezon_atrinaaa,
sanaz.rashidy,
hanirasta4735,
zohreh_a.r.m.a.n93,
no.name.gorgan,
mhrdd1100,
hediyeh_mhdi,
pinar.h.1393,
payam_pirhashemi,
mehrsana_2afam,
sareh6773,
a.soleimani_67,
mohsen.m82,
mkhoshnezhad,
a.p.a.p1396,
__i.sun1__,
morvarid_0__0_,
mozafari_fatemeh94,
reba_6699,
heliiiixa2731,
mohammad1511_perspolis,
set8521,
asiyeh.madad,
niloofare_abi60,
aliigorgan,
mehrzadkeivan,
sepinud.1365,
farshidkamaei,
lida_taghidoust,
byr3152,
zizi.h6821,
ramin_ahmadi1375,
marian_elev,
adel.a.s.a,
tarhanim,
mr.amr1379,
__s.h.i.v.a__k,
zhina.17,
jahani9189,
maryam.zghi,
sa_alz3,
abbasrahmanifard,
mehdi_ltfy,
mhmdplyy,
arashmojdehjoo,
peyman_khanmohammadi,
faezemb,
foroozan.akbarpoor,
ahmad_gorgan,
farimah.hamdani,
maryambanoo_65,
hasan.2326,
mohamadi13831383,
sh.j.benyamin,
farnooshmhd,
bahar_lyd,
nouriii4422,
naz.saniepour,
sarasarikhani,
mehdi_zahed.9965,
elahehosseini77,
ni_nima,
emami69521,
kimi_kia_,
design.hadaf.host,
javaherban,
zahraordibehesht,
miss_jamei,
elahe5898as,
hassan.bastin,
maryam.mlk96,
saminehsharifi,
sahari.ch1370,
katayooon.a,
sinaasadifatemeh,
vilipacino,
asattarinavard,
shivamoosavand,
behnam_jafariiiiii,
shadi_1993,
mohamadreza.asadi2018,
saeid_kermaniii,
arash__soodmand,
samira.bayg7272,
rasolll.1375,
sepideh_4751,
elyas2592,
farahnazsalehi2224,
fatemekhasaki82017,
vahid_kollol,
haghighi_kimia,
masome_veysi,
hany.mortezaei68,
negar_torkamand,
_fateme_basiri_34491_,
sadaf19667391,
_haniie.eb_,
rhmansahrefat,
rezam5776,
nasim_73m,
seluvedo,
m.sh2311,
marjan.nos,
khandefori,
panah2954,
helenrezaeiiiiii,
a.varpaei,
faezeh.1392.06.12,
meymenat_garmsir,
atie.m91,
ma_h_sima,
___nedaaa____,
hengamehsepehrnia,
parastesh4266,
hossein____davari,
hossein.sami13,
danial_godarzi0353,
pariii1972,
arezoo.ahmad.poor,
mehdin00ri,
sahar.fatemi65,
mrsarlak94,
masiha680,
marjanroustaei,
_jafari91,
reza.sayyadi0081,
faegheh_er,
yadegari.firooz,
kereshme_shirazgallery,
zb.abolhassani3,
mahshid_5742,
mahdi42421854,
aliaziziarjmand,
mojgan.farahani58,
mjavadzareinezhad,
armita_bm,
shundylife,
arezoofarhadpanah,
mjydmny8176,
snz___73,
alireza585859,
rajabzadegan6566,
mahkmhkamh,
najma4518,
mehran__mahmoodi61,
leyla.hekmat,
f__afshar,
as.al3082,
marjan.mk.karimi,
hale.khoshgoo,
fatanehyadegari,
rezabaratizadeh,
abbas.h26000,
sadrafarsh,
artclay_iran,
_ramiiin_kamyab_,
zahra_kohiii,
zamn1024,
mahvash35110,
samane.jabery,
meh.naghdi1114,
faezehhszdhhh,
alishaa.1316,
saeidjoon2440,
elaheh.sadat.sajjadian,
amir_rehane82_90,
ejoolaee,
moh55455,
mahdiyar.yas95,
shdy168,
daftare_eshghe,
farzaneh_amini96,
behii.denizz,
arian5283,
faziwsh,
mozhde_mohammadi,
zahra_razavi_78,
majid_kh1134,
afsoon_hosseini7471,
n_moosavii,
niloufar.farmani,
alibawi1984,
yashar_abadi,
luckyman7826,
_.a.4ntonio._,
mrym.ghf,
negar_anoshe,
2khi_land,
sepideh.abadian,
nilowfri,
mohaddese_momeni,
atena_zeous,
baran112243,
sahar_fh91,
rozaa__gallery_,
persian_teen_0,
behzadshekari5581,
ashpazi.naderi,
bashikan_official,
samira_t_s_w,
mona_mb2,
kianimehr.z,
arshidaabron,
reza_ismaili______________,
jafarnosratee,
arezoosheykhan,
elish1379,
merka2am,
__radfar_5642,
zahra___karimi___,
baran.bahari51,
amin.qashqaie,
amir.arsalan6165,
girl2707,
babak72b_,
milad.hff,
ehsankhaleghi2016,
marjan_t70,
pariyatahery69,
sanaz.koochakpour,
cap_official,
kathleensandess,
shivakhaki_rmia,
mohammad0011mm,
hajar_haghdadi,
ghab_noghre_valibeik,
meganetwork,
alireaza5611,
narges_barkhordarii,
vurujak_juuun,
hamid.rais,
zahra.mirr,
leather_zeze,
alii3628,
fazii.fa1234,
_sinaw_t_r_,
choobin.choobb,
mohammad31483,
amir.azadiiii7,
mahsa_m.h.m.d.i,
farimaadel,
hastii6183,
mehdi____irani,
manirezaei56,
javad_2.77,
sadatmahmonir,
maryam26254,
reza700mo,
_artiwx,
ms.m.s.yy,
mohammad.saad.albehi,
atii2650,
pa.7334,
kosar3407,
amir.r.b0000,
dokuhak,
zemasca,
lajaward_gallery,
elahe.v_80,
demirstringart,
parastesh9290,
forough_tvk,
shaghayegh.mousavi,
soheiill_karimi,
niloofar.jlo,
vetro.co,
aaliyehh,
neda_tarkhan,
mhsa_ameri,
64.adorable,
sepide_hasani4,
rahiimmmm,
rahil_joony,
honey_bnr,
arvin_afshar_asl,
aria_ai,
javaddareh,
mahdi.f.turk,
naheem9910,
shadan_yazdaniii,
mariya_kh73,
mahsa.moon27,
arsi_rf,
raha.2819,
neda.20790,
z.s_mohamadi,
sohaaaajalili_nail,
msar_sarm,
samaneh_hesam,
nazaninbar,
sarayiii73,
helia.velvele,
shadi_tm2,
mehran.esf67,
reza.f2013,
shahabkzm,
1360bi,
hmr.72t,
mahjoobehsharifnataj_sh,
roje_stand,
wedding_in_thailand_,
mojtaba_arefnia,
reyhaneh_mirhaj,
happy_elf63,
siamak_bayat_7,
mahya.msfa,
dr.alihashemi2,
_miss_charmer_,
azinnd_,
shima_mohamadiiiiiiiiiiiiii,
_nassim__md_,
hasti34816,
yasi1617,
_farzad.t_,
misagh.abdalisoosan,
amin__ahwazi,
sali_tam09,
fffffaaaaa2000,
sh.bjn,
bazargani_saburi,
elahe_1374.6.30,
rezi1392,
esisahaar,
mitra.mh1360,
meri2983,
mm.emo59,
minakh1212,
anilnajafi,
marziyeh.parto,
karimi__96__,
mhsny7521,
atiye_musaayi,
reza.ypr,
minaaa_dsht,
maryamkaviyanimashoof,
_saba.am_,
banoo_sadat__m,
falahi.arezo,
m.kashefi,
fahimebassiri,
mydmyn9531,
yashar_seatcover,
imanpayam,
sali.name,
s.ali.amd,
eliii.1999,
shadi_e_s,
farinoosh.rezaei96,
leila__saeed,
reza.mazandrani_3745,
miinaaa8777,
dariushbahal,
chehre.sho,
mohamd._.hosein,
homa_azma,
behzadsotodeh,
_mr_fox_o,
mohammad77ki,
__ma3a00d__,
elh7179,
melikardg,
ahmadvand_4748,
safura_naderi,
saranorouzi59,
mahsa.sedigh.m,
hadisss_banooo,
naderi_farzaneh6,
_rossella_carlino_,
_siemprepositivo,
jornal_lebas,
ehsan__ayoubi,
_elahe_ft,
abdollahsoltani34,
shahramjahani6773,
baharak_hosseinii,
h8mh,
tie_bowtie_pocketsquare_etsy,
zahrasadat73,
maryam.alipouri,
_sanii.1998_,
sousan.mdi70,
mozhgan_abdollahi63,
mehdi_mansouri.music,
ali_majaziyam_00,
sepidehbehnam1373,
look_1373,
javad.mohazabi7,
maryam.1.1366,
maesomeh_,
masoome_mo52,
mahdei6300,
_.tlw,
hamodi_master_of_architecture,
tali3000,
avestarezainejad,
anane_jordan,
riccardo_stoccoro__,
lionadan,
ghiassiarezoo,
aden.kalantary,
dordori310,
___nima_fallah___,
arash_cutbook,
elham_chaichian,
shokoofehghorbani,
mahshad_rahbar.may1989,
_fatemeh_slt,
___f_a_r_i_b_a___,
ahvazbakhtiyari,
sadafnobakht12,
balal_barahooi,
fatemeh_hosseini18,
ahmadtahmasbi_masih,
xhossein_mj,
mojtaba.abasi17,
pardis_kvn,
mahsa69mansh,
__zahra_vs,
armin1382000,
niloofarmadisa,
ehsan__zargham,
modiribehnaz,
fatemeznl7,
modapushak,
nanmuchunzi,
giannis_katsikoris,
reyhane_ahmadipoor,
mahmoud.jalalsirat,
_.farn.o.o.sh._,
1354alireza,
asma.mohama,
k.bayatzadeh59,
yaldamashreghi123,
hamide_ranjbaran,
taho072ygh,
taheri.saeed67,
mohamadbaghbehesht,
_aydatahmasebi,
khodroo_yab,
arhaz.man74,
elishbn,
maedeh.monfared24,
_zahra.sh_68,
roya_ahwaz9542,
eisa.boroomand7,
fqt3181,
pouria.havadare.moeinz,
yalda13.78,
mahla_zamani72,
yasii_957,
shamkhani_m,
behnazzzz.hb,
pooria_abediasl,
mehrnooshsarikhani,
saminteb57,
mojeze_nushidani,
hajarkeshavarzi,
arwzou__hi,
emranjafari71,
sun_stone_gallery,
m.asna.ashari74,
mohadeseh_taherii,
fatemeusfi,
ghasedakbargh,
zahra__mh78,
maryam55955,
diaeco_electronic,
mehdi.kezha63,
_._sabbbaaa,
soheylatahr,
rah_negar,
h_moshkelgosha,
mehrdad66abedi,
poorya_omfr,
mohammad_shafie1,
mahdy2325,
shiva_bzmr,
sorayia_alem,
maryamrrahimi,
ghazal_makeup_,
mehmooni,
behnaz.fooo,
1992_enciyehrezaeii,
shokooo_esh,
madineh_abbasii,
frozan_rn,
amir.sarhani632,
reza.amini23,
kingsleyackah,
sa.5008,
saeed620394,
zahra_k19800,
setarejooon3769,
sh_rajaee,
bano.k58,
monamobin64,
kangaritaraneh,
vesalino_co,
anahitadm,
behroozi.shahnaz,
miveplus,
mohamad_ehtesham,
raha.khanomi0001,
morteza.nazari99,
mr_bahram1,
sasy.ghane,
purple_darkrai,
ghazaal.ei1997,
aida_g69,
z.sabati.1344,
mohamdreza9663,
shatrymhmd95,
haniyah732,
miss.bahrami1374,
rezvanbakhtiariiii,
azin_azizian,
elham.h.13655649,
co2993210,
me_hr_ba_no,
t.moghadam68,
elahe5028,
alireza.jadidi1998,
daneshmarket,
mahdi.tak7,
yasserrafiee,
bornaboard,
torajkavosi7413,
gholamsafkar,
omidferdar,
rohollahkhatamiyan,
esmail.6435,
mary1376131,
mahsaw_1361,
fari_dabasi,
moonlight_work,
abas.1282,
maryam.shirody,
mona.pourseif,
sahar.safargholi,
motaharekahkha73,
ehsan.gallehdari,
shirini.ananas,
shohre.sh49,
farhadrzaie1,
hassanr65,
end_oof,
mojtaba_etemadi74,
mehdi_sh1346,
niloofar.9670,
anneliefarmanian,
illustration_grid,
sajjad___moeini,
saghi.fn,
pex.portrait,
layaaa.hsn,
mahsaa.mhd,
sahar.ala1986,
setareh.setareh4276,
______ziiiiiiba______,
maniya__pvz,
zmoradi14,
andreiitta25,
may___ohayon1,
minoo_89,
sajedeh.abdollahi,
mdlglobal,
rojin.jojo,
denise.de.assis,
niloufar.hshm,
bisjet,
marijooana,
sherry.zam,
_nk_zahra_,
shahnaz.ghamsari,
mrs_fiuna,
dr.h.baghi,
reyhaneh._.mohammadi,
termeshiva,
_.negwr.n._,
milad_movahedi017,
majid.majidkkkkkk,
vahid_shl1,
elnaz_mohebbi97,
forstylemag,
nilooofar_fr,
labohemebali,
venita_93,
_._.rouya._._,
shararsho,
_kimiya.sa_,
saeidenoruzi72,
fahime9670,
zeinab.afzaliiiiiiiii,
mahsa.gorgan79,
lat_geraphi,
00mahsan7878,
useroname,
musicinstrument2,
ebad_kariouni,
tehran,
grupobizcompany,
ftm_we,
nasrin_mansouri.74,
farahnz.dm89,
mi13noo22,
hediye.shah,
farideh7091,
pet_shop_seven7,
yasi25668,
nazanin_eskandari_1991,
14.37807,
miss__________yasi,
maha_enbi,
tschima,
_sajad_tahmasebi_,
lbknk6531,
aziii692017,
mohsen.kml9494,
ario.tv,
itspanizzz,
myrewardbox,
hissapropag,
workshop_retail,
mr__k1,
akhaligh,
monir_h13,
rj.sln,
dark.parmis,
myrth3400,
mariya.k.1368,
tina._.morshedloo,
soudiiva4743,
travelex_iran,
casainteligenteoficial,
aminrasouli1,
soozhee,
zimo.gallery,
m.m.khadem,
omidaryamusic,
amirhoseyn.sir1371,
shir_ali_4097,
ma.hsa8896,
samane1525,
xtx.inc,
sywsh503,
atena_ff1990,
mhmd__ch,
haj._.mohamad_,
matne_khob1,
tipnopage,
jstarlingphotog,
tomgronborg,
taee_lena,
hcctty,
fatemeh_toveiri,
fatemeh_f7899,
nznin_chrqi75,
amin_immortal,
_medical_boy,
iranian_horse.ir,
instaservvers,
hamiiid_khoshkab,
saharii.e,
zahraesmaeili402,
drnasiberostami,
kianmehr_karaj,
ahmadkhaliliphotography,
farnaz___1378,
neginshadabzadeh7,
e.ll.a.h.e,
talebini.bahar,
yasaminyuga,
mohamad_amin631,
gol1336gol,
maryam.63_,
amdrezaj280gimil_,
m.kh8941,
gita_khazaneh,
shahrivargoldgallery,
artjiar3,
negahememar,
dm_balea.ir,
tilaw_am,
f.o.u.a.d_196,
parivash_pdyn,
unknownnn12334444,
maxim_kuzmenkov.08,
iranwhiterose,
negin.zarei,
zzzzzzzzzzzzzzzzz4745,
murastone.tr,
behrad.bara,
mohammad.hajhasan,
sgrzdhfrshth,
mehran_baloot,
f.m.nazaridabir,
monaaaaaaami,
fahimehbostani,
_arezoo_mz,
myberkeh,
so.maye7396,
saeede.sayadan,
maryam__mostafavi__,
majid.bahmanmirza.farmanfarma,
s_zahra_468,
jetlifestyle75,
steph_myrp,
_yuxusuz_gozlerim_offical,
sajadparsa1370,
majid.gh165100,
mahta_cookie,
sepide_h_s,
nargol.a,
ranarzk735,
elmira_saryazdi,
moradmollae1936,
shahriyarazimiiiii,
farnaz_zameni,
majidabbaspour72,
parya_aff,
ya.sna378,
r0ominaa,
ghanbari.azam,
mohammadaminmotevalli,
maryam_pournasir,
ma_group1,
mohammad_roudbari1,
_.s.a.y.e._,
shakerali232018,
shokofe8123,
eventos_almeria,
diba_it,
mahdee.tkd7373,
fati_shri,
sajede___ebrahimi,
sadghipuorabdolhossin,
nazeri.maryam2158,
fereshte_hr7470,
nazgyl_kojoeva,
faa77259758w42714,
covermobleiranian,
doctorshirazi,
shirinnajafiii,
celebrity_tarafdar,
kimiya__kamyab,
sahartehraniiii,
zahra_ghbi,
aria_gold021,
maah__noosh,
ehsan.taji4,
rtavallaee,
madmazel_so0,
mahdii71,
sahebghodrati7305,
mazhari.vahid,
sara_sky9,
pix_zd,
safar7396,
mi.neda,
admugfd,
likeit2003,
abobakr_shahanavazi,
n.behnaz.niiik,
mostafa12h,
arezoogolestanpoor,
ehsan_zohrabi1375,
mh_sana,
digihosein,
irani1493,
shimazandi1369,
zeynab_azizmohammadi,
poya_kochakzahie,
elaina_monroe,
a.n.d_700,
de_mars_cafe,
saeedabbaszadeh30,
mahdi_j_110,
atlon67,
azadeh.mirali,
mona_bagheriii,
n3da_91,
onemy_a_x,
mo.hammed1983,
sepide.dehban,
bilionnaire_vibes,
thisisghazalii,
mina_taheri58,
aida.khanooomi,
amirfatemi63,
torontehran_listing,
saeid.jodeiri,
dokhi_ariii74,
anisjafari80,
khushmazzeha,
npnp4257,
shvebik,
iman.amiri789,
ar.a.1985,
morteza.valiyan,
sadegh.divune,
fatemeh_6_5,
myrhsynchnglwyy,
reay2017,
_d.r.e.a.m.er_,
fatimaaa_nrz,
hosein_bahrampor8566,
sara.v2915,
fatimasadeghikia,
sanaz_hamishe,
s_rahmannia,
mohre_doa,
maha_entekhabi,
tehrantrends,
amirhosseinrajabiyan,
rzae_baba,
o.08k,
__._sawmi_.__,
aroose.gol,
sadeg.sargazle,
nastaran.kh1,
mahsaa751,
taghi.heydary8964,
fatemeabbasi13,
ar._.miss,
zeynab_ali25,
miss___kosariii,
bano2192,
fateme766727,
saba130000,
mohamad_javad293,
mobtakers8,
bimehiran34099,
nasser_salehii,
nazi_m68,
marjan57275595,
hanieh.hemati14,
erkek_yuzuk,
haniezamani_,
melika_asl,
babak.rasoulzadeh,
mehrbanoelham,
minafatahi,
golhaieziba.64g,
nani.bya,
shadishadloo,
mahmoud_barati_1990,
lalique.iran,
sepehris429,
mahdi_hoseinnejad,
shiiriin86,
zahra.cheshomi,
ali.najian,
_lost_in_memorys,
hamed.s.m.1290,
ghazalehsalehii,
shahnoosh68,
hamed.dastpiman,
maryameseesfand,
golsang_gallery,
nazanin.rezaei,
tehranidea,
vahiid_az,
korooshow,
fateme_khazaiee,
fatemeh.1612.17,
mansoorpoorkhani,
bagheri3893,
emetis5239,
manuchehari_sam_666666,
ali_baniaghil,
matinhosseini_,
atefeh.kavandi,
en_firouzeh_gh,
amir_abron,
davood.sh89,
ali.a.p.d180,
mostafaabdi27,
ebrahim.p.66,
erfani.masoud_,
ali_shanbezade67,
pedram_namjo,
termehobubi,
yaldaroxana,
amazon_choob,
mm.mmm3046,
mhmdbygdly8211,
mdmh1369631,
azar.farhadpanah,
aliforati_1379,
raha.karm,
aminiali253,
fooladkhozestan31,
ladan_egh,
rosesun_sale,
_milad_ahd,
good_art_seeing,
homatzn,
sarahrz20,
neda.firozi,
samireh1377,
fadayi777,
alirezakarsaz,
masoome_kshz,
niloufar.saebi,
milad_saravni,
peyman33712018,
saeed.farokhpey,
_mousa_amiri_,
emilii_y,
fateme.samadi.kashani,
mahsaaa76mk,
mmozhgan___ch,
atie_07_07,
sahar.s.rabani,
mohamadreza_akbari87,
chimera_life_,
sh.i.v.a5659,
aziiiiii96,
mitra712441,
eli7484,
soheilastiri,
hamid_reza_jozi7,
mry_________m,
alireza_khakbaz0073,
kn19961,
y_egina,
gallery_m.h.a,
khashayar.s_,
farahnaz_osanloo,
nooshin.b.15,
azin__akbarian,
elhamghaderimoghadaam,
hamid.38.8,
ebadi7978,
pory.pzsh,
