2018-07-09 22:16 ~ miladazadkhani21,
2018-07-09 22:16 ~ mina_gm01,
2018-07-09 22:16 ~ maloscats,
2018-07-09 22:17 ~ 75_mohammad_75_,
2018-07-09 22:17 ~ yaldadigital,
2018-07-09 22:17 ~ bazazpoor1998,
2018-07-09 22:18 ~ shimaaaaa.am,
2018-07-09 22:18 ~ bahare9862,
2018-07-09 22:19 ~ ashraf____shakiba,
2018-07-09 22:31 ~ doa._.95,
2018-07-09 22:32 ~ vidaabdolalipour,
2018-07-09 22:32 ~ iman_nasiri_,
2018-07-09 22:32 ~ alirezarekavandi73,
2018-07-09 22:33 ~ maryam__ts1997,
2018-07-09 22:33 ~ fer_feeeriiii,
2018-07-09 22:34 ~ royaakramian,
2018-07-09 22:34 ~ masoud.silver.com.1359,
2018-07-09 22:34 ~ _eli_safakhah,
2018-07-09 22:38 ~ _.nelisa,
2018-07-09 22:38 ~ hamidreza.khoramnezhad,
2018-07-09 22:38 ~ mohsanahmadin9,
2018-07-09 22:39 ~ sepideh.h.3249,
2018-07-09 22:39 ~ h_shafiepoor,
2018-07-09 22:39 ~ helma941234,
2018-07-09 22:40 ~ m.zeighamiii,
2018-07-09 22:40 ~ _.ladan.____,
2018-07-09 22:40 ~ faeze_langarii,
2018-07-09 22:41 ~ masoodbabaee,
2018-07-09 22:42 ~ tanzjook,
2018-07-09 22:42 ~ rokhsare_ramezani,
2018-07-09 22:43 ~ avina95.k,
2018-07-09 22:44 ~ _wx_000,
2018-07-09 22:54 ~ badalijatii,
2018-07-09 22:54 ~ zhamstudio,
2018-07-09 22:55 ~ amirmahdi7w,
2018-07-09 22:55 ~ mmad_o.o,
2018-07-09 22:56 ~ vejab1385,
2018-07-09 22:56 ~ ebiiishonam,
2018-07-09 22:56 ~ m.rezai.68,
2018-07-09 22:57 ~ abdolreza.shajiei,
2018-07-09 23:06 ~ amene_ziayi_67,
2018-07-09 23:08 ~ parnian_bedcover,
2018-07-09 23:08 ~ riita.lk,
2018-07-09 23:08 ~ mari_3165,
2018-07-09 23:09 ~ hamidrezaroozitalab,
2018-07-09 23:09 ~ monir.ghasemzadeh,
2018-07-09 23:10 ~ mostafa_zamani1987,
2018-07-09 23:10 ~ saeidazez,
2018-07-09 23:10 ~ pooshak_ehsan,
2018-07-09 23:11 ~ _insta.angel_,
2018-07-09 23:12 ~ arsam_shafiyi,
2018-07-09 23:23 ~ marjan67.9.16,
2018-07-09 23:23 ~ arooseiraniii,
2018-07-09 23:24 ~ niloofar_mnpo,
2018-07-09 23:24 ~ iliya7562,
2018-07-09 23:25 ~ mary.a65,
2018-07-09 23:25 ~ nora_basati93,
2018-07-09 23:25 ~ sadegh_torkman,
2018-07-09 23:26 ~ miss.akbari54,
2018-07-09 23:26 ~ im_soroush,
2018-07-09 23:35 ~ slymny8441,
2018-07-09 23:35 ~ mohamadgordhani,
2018-07-09 23:36 ~ ali.tizhoush,
2018-07-09 23:36 ~ zohreee.y,
2018-07-09 23:37 ~ elhamtavakollllliiii,
2018-07-09 23:38 ~ fardin_qnvti_11,
2018-07-09 23:38 ~ hamedaskari022,
2018-07-09 23:39 ~ sarahpv_1234,
2018-07-09 23:39 ~ maryzb3643,
2018-07-09 23:40 ~ mehrjo.a,
2018-07-09 23:40 ~ maryam.gh.ashpazi,
2018-07-09 23:40 ~ m.taghiyeh,
2018-07-09 23:51 ~ hami1593,
2018-07-09 23:51 ~ reyhani.silver,
2018-07-09 23:51 ~ nigar_829398,
2018-07-09 23:52 ~ nadia_ngd,
2018-07-09 23:52 ~ a.y.d.a___,
2018-07-09 23:53 ~ masi.1973,
2018-07-09 23:53 ~ _alhz6782,
2018-07-09 23:53 ~ f.s.mosavi73,
2018-07-09 23:54 ~ snor221,
2018-07-09 23:54 ~ nafiiseh.sn,
2018-07-09 23:54 ~ glorya8655,
2018-07-09 23:55 ~ taha_rangamiz80,
2018-07-09 23:55 ~ amerishahrooz,
2018-07-09 23:55 ~ sheydahti,
2018-07-09 23:56 ~ s.hadadfar,
2018-07-10 00:06 ~ havaloyfi,
2018-07-10 00:06 ~ http.nwgin,
2018-07-10 00:06 ~ amirabbas5360,
2018-07-10 00:07 ~ marziye.pooryavi,
2018-07-10 00:07 ~ miss_f.sadeghi70,
2018-07-10 00:08 ~ samarazani,
2018-07-10 00:08 ~ pona_solo,
2018-07-10 00:08 ~ mahroz.3333,
2018-07-10 00:10 ~ parisa.royaei,
2018-07-10 00:10 ~ forugh1367,
2018-07-10 00:10 ~ abbas.bashiri_1390,
2018-07-10 00:11 ~ __silver.stone__,
2018-07-10 00:11 ~ soma._.m,
2018-07-10 00:11 ~ h.k___53,
2018-07-10 00:12 ~ maed_bayati,
2018-07-10 00:25 ~ hosseinmosaddeghzadeh,
2018-07-10 00:25 ~ ahmadyusuf4394,
2018-07-10 00:25 ~ maaariii_sa,
2018-07-10 00:26 ~ _____amir.gh_____,
2018-07-10 00:26 ~ mohamadreza_1883,
2018-07-10 00:26 ~ mehdi_joooon68,
2018-07-10 00:27 ~ mamaly._.pv,
2018-07-10 00:27 ~ mattin__d,
2018-07-10 00:28 ~ parham_yarmohammadi,
2018-07-10 00:28 ~ arosake__zesht,
2018-07-10 00:28 ~ sarap437,
2018-07-10 00:29 ~ nastaran.nabs,
2018-07-10 00:29 ~ shaqayeq._.si,
2018-07-10 00:37 ~ __ppp__60,
2018-07-10 00:37 ~ mohammad_moaref_1380,
2018-07-10 00:38 ~ mona.mehrara,
2018-07-10 00:38 ~ abbas_oghba11,
2018-07-10 00:39 ~ neda_n5253,
2018-07-10 00:39 ~ hadis.karimi1376,
2018-07-10 00:39 ~ sadat_6_banoo,
2018-07-10 00:40 ~ sara_sami89,
2018-07-10 00:41 ~ _miss_babaeiii_,
2018-07-10 00:41 ~ shams_charity,
2018-07-10 00:42 ~ mehdi_morovati_,
2018-07-10 00:42 ~ mahmudpilbala,
2018-07-10 00:42 ~ _fatima_trn_,
2018-07-10 00:53 ~ 67.3985,
2018-07-10 00:53 ~ g_king57,
2018-07-10 00:54 ~ bright_luminous,
2018-07-10 00:55 ~ elham_hmir,
2018-07-10 00:55 ~ laya_zh_,
2018-07-10 00:56 ~ fereshteh.arshadiyan,
2018-07-10 00:56 ~ linda.sh1987,
2018-07-10 00:56 ~ adrin_arsam,
2018-07-10 00:57 ~ sabashirazi1374,
2018-07-10 00:57 ~ angoshtarsazii,
2018-07-10 00:57 ~ __atena__k,
2018-07-10 00:58 ~ jahanbakhshnonahal,
2018-07-10 00:58 ~ jhonfabio.ospinalopez,
2018-07-10 00:58 ~ samannoori5763,
2018-07-10 00:59 ~ ideapardazan_org,
2018-07-10 00:59 ~ sarzaminsafar,
2018-07-10 00:59 ~ neandertal_62,
2018-07-10 01:01 ~ jodeiriali,
2018-07-10 01:12 ~ 599000____a,
2018-07-10 01:13 ~ traditionnel__dz,
2018-07-10 01:13 ~ badalijat.ir,
2018-07-10 01:13 ~ mnswrhphlwn,
2018-07-10 01:14 ~ s.a_hoseini,
2018-07-10 01:14 ~ behtariiiin.miss1,
2018-07-10 01:14 ~ mahnazrahmani43,
2018-07-10 01:15 ~ organ_afraz,
2018-07-10 01:15 ~ haniii3469,
2018-07-10 01:15 ~ hamraz_ghahramani,
2018-07-10 01:16 ~ nilou.balou,
2018-07-10 01:16 ~ mona_s.71,
2018-07-10 01:24 ~ a_m_b7760,
2018-07-10 01:24 ~ manije4808,
2018-07-10 01:24 ~ shaqaieq_e_penhan_,
2018-07-10 01:25 ~ negar.ziba73,
2018-07-10 01:25 ~ sog465,
2018-07-10 01:26 ~ niloofarjavadi.midwife92,
2018-07-10 01:26 ~ atiye1990,
2018-07-10 01:26 ~ shawmi_m,
2018-07-10 01:27 ~ maryamno434,
2018-07-10 01:27 ~ sima_b.2015,
2018-07-10 01:27 ~ maha__eslami,
2018-07-10 01:28 ~ f.a.aref,
2018-07-10 01:28 ~ hodajaber.7.5,
2018-07-10 01:28 ~ nanita.sleem,
2018-07-10 01:29 ~ abbas_gahremani80,
2018-07-10 01:36 ~ mehrdad0277,
2018-07-10 01:36 ~ ariobarzan2500,
2018-07-10 01:38 ~ ndry67,
2018-07-10 01:38 ~ ali_saeidey,
2018-07-10 01:38 ~ sajjadnorizade,
2018-07-10 01:39 ~ fateme_vazife1511,
2018-07-10 01:39 ~ asieh_ssni,
2018-07-10 01:39 ~ _javadi_44,
2018-07-10 01:40 ~ hobot_313,
2018-07-10 01:40 ~ narges.eideyon,
2018-07-10 01:41 ~ naserkhoshzadsilver,
2018-07-10 01:41 ~ zahra__ri21,
2018-07-10 01:41 ~ nazgol_fr,
2018-07-10 01:42 ~ soltanpasand25559771,
2018-07-10 01:55 ~ shahin40302738,
2018-07-10 01:55 ~ bdy_hy,
2018-07-10 01:55 ~ hadise.995,
2018-07-10 01:56 ~ i_love_memari,
2018-07-10 01:56 ~ saeidkhordbin,
2018-07-10 01:56 ~ babak_alizadeh_5,
2018-07-10 01:57 ~ waseghi863,
2018-07-10 01:57 ~ maryam_nasiri__60,
2018-07-10 01:57 ~ zahra.hasani_163,
2018-07-10 02:08 ~ zarinaz.sarafrazi,
2018-07-10 02:08 ~ vitamin_tours,
2018-07-10 02:08 ~ khodabandeh_samaneh,
2018-07-10 02:09 ~ h.shoraka,
2018-07-10 02:09 ~ mohamadh_pour,
2018-07-10 02:10 ~ dwd6754,
2018-07-10 02:10 ~ zeinab.5809,
2018-07-10 02:23 ~ aida._.da,
2018-07-10 02:24 ~ micropigment.tatoo.momeni,
2018-07-10 02:24 ~ mohsen.kaboli2831,
2018-07-10 02:24 ~ amirhosei.eli,
2018-07-10 02:25 ~ mrs.ghasemi.t,
2018-07-10 02:25 ~ saeed.montazero,
2018-07-10 02:25 ~ arez00ghavidel,
2018-07-10 02:26 ~ newshazeighami_eli,
2018-07-10 02:26 ~ zeinab.677,
2018-07-10 02:27 ~ miss.farhani,
2018-07-10 02:27 ~ persian.madlipz,
2018-07-10 02:41 ~ tattoo_arash1,
2018-07-10 02:42 ~ mostafa.tavakoli66,
2018-07-10 02:42 ~ nasim.khodamoradi,
2018-07-10 02:42 ~ yeganeforoghi,
2018-07-10 02:43 ~ negin.fallah71,
2018-07-10 02:43 ~ monire_mohamad,
2018-07-10 02:43 ~ mahak.gh.24_,
2018-07-10 02:44 ~ forbidenlove91,
2018-07-10 02:44 ~ shaghayegh8820,
2018-07-10 02:51 ~ ali_reza_yus,
2018-07-10 02:51 ~ _mehrana.m,
2018-07-10 02:51 ~ sabaeshghifan,
2018-07-10 02:52 ~ antik.silver,
2018-07-10 02:52 ~ m_o_b_i_n.4549,
2018-07-10 02:52 ~ marjanjl,
2018-07-10 02:53 ~ idaw_mh_7881,
2018-07-10 02:53 ~ alireza_abdeshah014,
2018-07-10 02:53 ~ zahrababadostt,
2018-07-10 02:54 ~ masoudzabihi09304015814,
2018-07-10 02:54 ~ pouladkhansilver,
2018-07-10 03:05 ~ malihe13266,
2018-07-10 03:06 ~ marryammirzapour,
2018-07-10 03:06 ~ mahdi_makoulu,
2018-07-10 03:06 ~ mahnazmemary,
2018-07-10 03:07 ~ akbarbayani95,
2018-07-10 03:07 ~ esfahanian456,
2018-07-10 03:07 ~ tolydabrysham,
2018-07-10 03:08 ~ mojgan.1982,
2018-07-10 03:08 ~ mjsajady20012021,
2018-07-10 03:08 ~ somaye65d,
2018-07-10 03:09 ~ leila_mavandadi,
2018-07-10 03:17 ~ rasoolnatayej,
2018-07-10 03:17 ~ mahdi_17_r.p,
2018-07-10 03:18 ~ tanhas606,
2018-07-10 03:19 ~ marymohii,
2018-07-10 03:19 ~ mistress_379,
2018-07-10 03:20 ~ ma.htab2631,
2018-07-10 03:20 ~ mira.yildiz.2000,
2018-07-10 03:20 ~ negarin_shop,
2018-07-10 03:21 ~ azam.firozabad,
2018-07-10 03:21 ~ n.o.0.s.h.i.n,
2018-07-10 03:30 ~ minoosh.a,
2018-07-10 03:30 ~ noghre.dizaji,
2018-07-10 03:31 ~ vape_land1,
2018-07-10 03:31 ~ a.r.v.i.n.9.6.9,
2018-07-10 03:32 ~ esfandiyari4884,
2018-07-10 03:33 ~ moje_fit_przepisy,
2018-07-10 03:33 ~ arezozz,
2018-07-10 03:33 ~ hanieh.m1375,
2018-07-10 03:34 ~ mohammad_ebrahim_ijbani,
2018-07-10 03:48 ~ sogol2377,
2018-07-10 03:48 ~ hometexbag,
2018-07-10 03:49 ~ enhance.jewelry,
2018-07-10 03:49 ~ dlkh5532,
2018-07-10 03:49 ~ niloofar_bakhshayesh_,
2018-07-10 03:50 ~ mita.35524,
2018-07-10 03:52 ~ hhgfgvcjbcvbnnmn,
2018-07-10 03:52 ~ soudarouda23,
2018-07-10 03:52 ~ mmd_chito,
2018-07-10 03:53 ~ shimagoudarzi1972,
2018-07-10 03:53 ~ glmlybrhym,
2018-07-10 03:53 ~ soltani__ni,
2018-07-10 04:03 ~ arezola2014,
2018-07-10 04:04 ~ ava_bahadori_7478,
2018-07-10 04:04 ~ wwwmgholamian66,
2018-07-10 04:04 ~ shkhyl8471,
2018-07-10 04:05 ~ noghre.ghaem,
2018-07-10 04:05 ~ fariba.saemian,
2018-07-10 04:06 ~ sadaf.fa.2,
2018-07-10 04:06 ~ f.a.f.a.sad._,
2018-07-10 04:06 ~ yac.za,
2018-07-10 04:07 ~ nasrin0096,
2018-07-10 04:07 ~ atlon67,
2018-07-10 04:07 ~ faranakahmadi87,
2018-07-10 04:08 ~ ssbahareh,
2018-07-10 04:20 ~ dr.marenaalk,
2018-07-10 04:21 ~ mitra.khanii,
2018-07-10 04:21 ~ htahmasbi982,
2018-07-10 04:22 ~ _dl.maryam_,
2018-07-10 04:22 ~ mersanamonjzi8,
2018-07-10 04:22 ~ mahbobeh.eslami,
2018-07-10 04:23 ~ golzeytoon,
2018-07-10 04:23 ~ igin.redland,
2018-07-10 04:23 ~ miss.reihaneh.t,
2018-07-10 04:24 ~ sahar.b.13675,
2018-07-10 04:24 ~ mgzonah,
2018-07-10 04:25 ~ missbaranf,
2018-07-10 04:25 ~ javad.6087,
2018-07-10 04:25 ~ fathileylaa,
2018-07-10 04:37 ~ mhri._.spt,
2018-07-10 04:37 ~ tab___50,
2018-07-10 04:37 ~ sara_validokht,
2018-07-10 04:38 ~ s_est75,
2018-07-10 04:38 ~ k0l0rz,
2018-07-10 04:38 ~ del._.aram__,
2018-07-10 04:39 ~ ghanbari2376,
2018-07-10 04:39 ~ bboy.ns,
2018-07-10 04:39 ~ ___96632___,
2018-07-10 04:40 ~ jaber.gh536,
2018-07-10 04:40 ~ azade__bhr,
2018-07-10 04:52 ~ farahnaz.ava,
2018-07-10 04:52 ~ asghar.ebrahimi1598,
2018-07-10 04:52 ~ hossein_kordii,
2018-07-10 04:53 ~ noghreeeee1991,
2018-07-10 04:53 ~ minovol,
2018-07-10 04:53 ~ coralgoldgallery,
2018-07-10 04:54 ~ sara_kh1372,
2018-07-10 04:54 ~ rahim_badavi3961,
2018-07-10 05:05 ~ fpuryhya,
2018-07-10 05:05 ~ mansoureh_az,
2018-07-10 05:05 ~ mahshid16669,
2018-07-10 05:06 ~ s.saeed.kazemi,
2018-07-10 05:06 ~ queen_hellish_1702,
2018-07-10 05:07 ~ fatemeh_1371f,
2018-07-10 05:07 ~ ati.k.b,
2018-07-10 05:07 ~ _.niloufar.__b,
2018-07-10 05:08 ~ mojtaba13006,
2018-07-10 05:08 ~ s__zahra,
2018-07-10 05:08 ~ nazduneeeee,
2018-07-10 05:10 ~ faribaff7985,
2018-07-10 05:10 ~ zohrehtajyk,
2018-07-10 05:10 ~ sajad.nozari_2190,
2018-07-10 05:12 ~ hamidreza.azarmehr,
2018-07-10 05:12 ~ ali_norbakhsh6419,
2018-07-10 05:12 ~ parting_shop,
2018-07-10 05:23 ~ khaledan68,
2018-07-10 05:23 ~ alb_silver,
2018-07-10 05:23 ~ abdollahi_elahe,
2018-07-10 05:24 ~ farangissadeghibabaahmadi,
2018-07-10 05:24 ~ raha.9022,
2018-07-10 05:24 ~ mohamad_hosein_mohebi,
2018-07-10 05:25 ~ meysam223304,
2018-07-10 05:25 ~ salekframe,
2018-07-10 05:26 ~ honarsaazco,
2018-07-10 05:26 ~ ranholding,
2018-07-10 05:26 ~ m.nourmahamadi,
2018-07-10 05:27 ~ sediqi9396,
2018-07-10 05:28 ~ atosa.tarazi,
2018-07-10 05:28 ~ parsa_bozorg,
2018-07-10 05:38 ~ 2reza.2nargsiannn1,
2018-07-10 05:39 ~ melika_kh2486,
2018-07-10 05:39 ~ gallery_noghre_payam,
2018-07-10 05:40 ~ zahra_mousavi__75,
2018-07-10 05:40 ~ baran___taheri76,
2018-07-10 05:40 ~ sahar_rh66,
2018-07-10 05:41 ~ needa_org75,
2018-07-10 05:41 ~ gwhww,
2018-07-10 05:41 ~ alireza63217,
2018-07-10 05:42 ~ hamidentezarii,
2018-07-10 05:52 ~ k.shaghayegh,
2018-07-10 05:52 ~ shayan92_93,
2018-07-10 05:53 ~ mehrdadcarpet,
2018-07-10 05:53 ~ ali663626,
2018-07-10 05:54 ~ taha90596384,
2018-07-10 05:54 ~ tarh14a,
2018-07-10 05:54 ~ saharfallah84,
2018-07-10 05:55 ~ taakalhandicrafts,
2018-07-10 05:55 ~ hoseinansari469ya,
2018-07-10 05:55 ~ ashkan_1300,
2018-07-10 05:56 ~ malihe.r2315,
2018-07-10 05:56 ~ miladtajeri__,
2018-07-10 05:56 ~ mahan.haghparast,
2018-07-10 05:57 ~ hasanashkoftyh,
2018-07-10 05:57 ~ avaaaa8539,
2018-07-10 05:58 ~ eli.l.m,
2018-07-10 06:08 ~ gham_h,
2018-07-10 06:09 ~ ___asabiyam___,
2018-07-10 06:10 ~ asgari_shaghayegh,
2018-07-10 06:10 ~ kamand_pishro,
2018-07-10 06:11 ~ mohamadrezaghp,
2018-07-10 06:11 ~ marjanmozaffarian,
2018-07-10 06:11 ~ nima.torabi66,
2018-07-10 06:13 ~ farzan.farzaneh.b,
2018-07-10 06:13 ~ alireza_00787,
2018-07-10 06:14 ~ sonia_m77,
2018-07-10 06:14 ~ miad9315,
2018-07-10 06:14 ~ maryam.dadfar61,
2018-07-10 06:14 ~ masiiii17,
2018-07-10 06:15 ~ sami_v_kh,
2018-07-10 06:15 ~ yaldamaloos1,
2018-07-10 06:16 ~ mahboobh65,
2018-07-10 06:24 ~ a.heydari1022,
2018-07-10 06:24 ~ sama2.arts,
2018-07-10 06:24 ~ maryam__mahmuodi,
2018-07-10 06:25 ~ f.manouchehri,
2018-07-10 06:25 ~ marya._kh66,
2018-07-10 06:26 ~ reza_zardak8,
2018-07-10 06:26 ~ mmss9604,
2018-07-10 06:26 ~ maedeh.mozafari79,
2018-07-10 06:27 ~ kafpooshchoobi.asannasb,
2018-07-10 06:27 ~ mohsen.danbaran,
2018-07-10 06:27 ~ i5_iztok,
2018-07-10 06:28 ~ maryam.h2778,
2018-07-10 06:28 ~ _a._.mh_,
2018-07-10 06:29 ~ minazmoradi8806,
2018-07-10 06:29 ~ narjsraid,
2018-07-10 06:29 ~ maryamhosseini8660,
2018-07-10 06:40 ~ akilliev,
2018-07-10 06:41 ~ mahmonir2914,
2018-07-10 06:41 ~ ___6__8__f__a___,
2018-07-10 06:41 ~ nenwnnnnn,
2018-07-10 06:42 ~ dr.farnoosh_farahini,
2018-07-10 06:42 ~ arezu9301,
2018-07-10 06:42 ~ sogand_8864,
2018-07-10 06:43 ~ shohreh.shahrokni,
2018-07-10 06:55 ~ zalammzimboo,
2018-07-10 06:55 ~ f_.mohammadii,
2018-07-10 06:56 ~ farah.o8544,
2018-07-10 06:56 ~ eskandarihooman,
2018-07-10 06:56 ~ elham.h_n,
2018-07-10 06:59 ~ crystal.janesari,
2018-07-10 06:59 ~ selda_gp,
2018-07-10 06:59 ~ hosein.hasani1475,
2018-07-10 07:00 ~ mardani_samiraa5083,
2018-07-10 07:00 ~ javad.af1,
2018-07-10 07:01 ~ masud.iran.omid0481,
2018-07-10 07:01 ~ nazila.ashgi,
2018-07-10 07:01 ~ gallery_angoshtar.aghigh,
2018-07-10 07:10 ~ azam_24151,
2018-07-10 07:11 ~ abozar.ky,
2018-07-10 07:11 ~ sarah.jf,
2018-07-10 07:11 ~ behzad.tafteh,
2018-07-10 07:12 ~ _mohads73,
2018-07-10 07:12 ~ poker.starbet,
2018-07-10 07:13 ~ azam_abbaszade1,
2018-07-10 07:13 ~ pooyanpooya.twins,
2018-07-10 07:26 ~ mmmsss.m.r.n_italy,
2018-07-10 07:26 ~ _fatemeh.k_m_z,
2018-07-10 07:26 ~ hapootoo_nana,
2018-07-10 07:27 ~ hanieh.keshvardoost,
2018-07-10 07:27 ~ kajalenikbazo,
2018-07-10 07:27 ~ antiquegallery.ag,
2018-07-10 07:28 ~ noghre_malile_naghshine,
2018-07-10 07:28 ~ bizhaniali7300,
2018-07-10 07:29 ~ morteza_sarbazi8190,
2018-07-10 07:29 ~ faezehyavari1994,
2018-07-10 07:29 ~ am.ir4692,
2018-07-10 07:30 ~ hadis_71_hadis,
2018-07-10 07:30 ~ _morvaridabdolalizadeh_,
2018-07-10 07:32 ~ shahrzad.khoshbakh,
2018-07-10 07:33 ~ faezeh_beigzadeh,
2018-07-10 07:33 ~ alirezailyat,
2018-07-10 07:33 ~ fatemeh.b.akashe,
2018-07-10 07:34 ~ atiye3654,
2018-07-10 07:34 ~ yasaman170488,
2018-07-10 07:35 ~ marjan.mirabadi,
2018-07-10 07:35 ~ roz2939,
2018-07-10 07:35 ~ shabnam_maz_,
2018-07-10 07:36 ~ monarayati,
2018-07-10 08:38 ~ ghamar.gh53,
2018-07-10 08:38 ~ lilgroom_,
2018-07-10 08:38 ~ elham_hmir,
2018-07-10 08:39 ~ elham.adhami88,
2018-07-10 08:39 ~ shirin_mozafari70,
2018-07-10 08:39 ~ maryam.ebz11,
2018-07-10 08:40 ~ mohammad426000,
2018-07-10 08:40 ~ af.1360,
2018-07-10 08:40 ~ faranak.5.5,
2018-07-10 08:41 ~ abba_gallery,
2018-07-10 08:41 ~ niloo_sh_13704758,
2018-07-10 08:42 ~ naz._.afarin,
2018-07-10 08:42 ~ raheleh2340,
2018-07-10 08:42 ~ nm.bhnm,
2018-07-10 08:54 ~ ssaa13601623,
2018-07-10 08:54 ~ 72_s_t,
2018-07-10 08:55 ~ arzw5506,
2018-07-10 08:55 ~ arezo.ep1370,
2018-07-10 08:56 ~ m74ohaddese,
2018-07-10 08:56 ~ taranehhh2296,
2018-07-10 08:56 ~ s.t5430,
2018-07-10 08:57 ~ azarm_gha,
2018-07-10 08:57 ~ somayeh_hadampoor,
2018-07-10 08:57 ~ f_baghian,
2018-07-10 08:58 ~ arezu9301,
2018-07-10 08:58 ~ saye_rafieyan,
2018-07-10 08:58 ~ dr.farnoosh_farahini,
2018-07-10 08:59 ~ lesaaani,
2018-07-10 08:59 ~ kingcrystal.ir,
2018-07-10 08:59 ~ maryam.afshar8824,
2018-07-10 09:09 ~ tolydabrysham,
2018-07-10 09:09 ~ free_65,
2018-07-10 09:09 ~ darkmind1369,
2018-07-10 09:10 ~ shaqayeq.mmtl,
2018-07-10 09:11 ~ donyasts,
2018-07-10 09:11 ~ masiiii17,
2018-07-10 09:11 ~ ritaj137272,
2018-07-10 09:12 ~ she_y_da,
2018-07-10 09:19 ~ f__asadollahi_49,
2018-07-10 09:21 ~ samin.afkhami,
2018-07-10 09:26 ~ _zahraa_1989,
2018-07-10 09:37 ~ farzane_bani,
2018-07-10 09:37 ~ lachinbaharvand,
2018-07-10 09:38 ~ soheila__gholizadeh,
2018-07-10 09:38 ~ alifatahiiii,
2018-07-10 09:39 ~ mahladindar33,
2018-07-10 09:49 ~ hamid_mohamadiann,
2018-07-10 09:50 ~ ramiiiss,
2018-07-10 09:50 ~ fatemeh__1371__,
2018-07-10 09:50 ~ taminsts,
2018-07-10 09:51 ~ ani____barati,
2018-07-10 09:51 ~ noghre.jelveh,
2018-07-10 09:51 ~ behzad.ak68,
2018-07-10 09:52 ~ hani__miri,
2018-07-10 09:52 ~ nasrinmahmoodi6017,
2018-07-10 09:53 ~ nastaran8919,
2018-07-10 09:53 ~ saba_furniture,
2018-07-10 10:04 ~ saaraaniya,
2018-07-10 10:05 ~ zahra_mzyn,
2018-07-10 10:05 ~ matinteb_skincare,
2018-07-10 10:06 ~ k1.kamrava,
2018-07-10 10:06 ~ meysam.rostamzadeh,
2018-07-10 10:06 ~ hoomaan_zandieh,
2018-07-10 10:07 ~ saeideh_hosseini11,
2018-07-10 10:07 ~ asmaa_badr251998,
2018-07-10 10:07 ~ mahbubb_ma69,
2018-07-10 10:08 ~ m.amiri5482,
2018-07-10 10:08 ~ farzaneh__sj,
2018-07-10 10:08 ~ azarmahdavii,
2018-07-10 10:20 ~ reyhane2917,
2018-07-10 10:20 ~ 2reza.2nargsiannn1,
2018-07-10 10:20 ~ mehri_jaberian,
2018-07-10 10:21 ~ agahi_kerman,
2018-07-10 10:22 ~ _nazanin.goodarzi_,
2018-07-10 10:22 ~ mahnazzahedi63,
2018-07-10 10:23 ~ krunalvaniya44,
2018-07-10 10:23 ~ maryamno434,
2018-07-10 10:23 ~ dl.zhd,
2018-07-10 10:24 ~ roonak_bapirian,
2018-07-10 10:25 ~ marjan18432,
2018-07-10 10:26 ~ ehaghollahi,
2018-07-10 10:26 ~ miss.taherzade,
2018-07-10 10:27 ~ amirhosseinsoheili_original,
2018-07-10 10:27 ~ babak_silver,
2018-07-10 10:27 ~ er._.3,
2018-07-10 10:27 ~ sinsin10005,
2018-07-10 10:28 ~ boloosh14,
2018-07-10 10:39 ~ rezamirmoradi1,
2018-07-10 10:40 ~ reza.soltani.94,
2018-07-10 10:40 ~ nasimalon66,
2018-07-10 10:40 ~ viyanaamanda,
2018-07-10 10:41 ~ frzdsl,
2018-07-10 10:41 ~ aliebrahim6420,
2018-07-10 10:41 ~ nima_layagat,
2018-07-10 10:42 ~ mojtabaemadi67,
2018-07-10 10:42 ~ fahimehshalc,
2018-07-10 10:42 ~ nima.sanuei64,
2018-07-10 10:43 ~ _am.manafy,
2018-07-10 10:43 ~ 7090shkhn,
2018-07-10 10:43 ~ nargeshatami90,
2018-07-10 10:44 ~ iranscalp_narges_alipour,
2018-07-10 10:44 ~ kuhsar_6157,
2018-07-10 10:44 ~ mahbube_golesorkh,
2018-07-10 10:45 ~ atoosa_bagheri68,
2018-07-10 10:45 ~ sorayya4479,
2018-07-10 10:45 ~ marzieabbaci,
2018-07-10 10:58 ~ banoo_taji34,
2018-07-10 10:58 ~ lotfitermeh,
2018-07-10 10:58 ~ sepidea.h,
2018-07-10 10:59 ~ jazbe_moshtari,
2018-07-10 10:59 ~ shelinco,
2018-07-10 10:59 ~ azam_9069,
2018-07-10 11:00 ~ neda_art_2040,
2018-07-10 11:00 ~ ghazanfari._.behnaz,
2018-07-10 11:00 ~ niloo_am88,
2018-07-10 11:01 ~ paryabahardel,
2018-07-10 11:01 ~ maysamtaghavi,
2018-07-10 11:02 ~ maryam_ramezani83,
2018-07-10 11:03 ~ maryamkokabi94,
2018-07-10 11:03 ~ maralpoursmd,
2018-07-10 11:04 ~ 00elay00,
2018-07-10 11:04 ~ sh001168,
2018-07-10 11:05 ~ mitra.m.saber,
2018-07-10 11:05 ~ wdaddodo41,
2018-07-10 11:05 ~ sanaz_ahangar,
2018-07-10 11:06 ~ negin.jalilyan75,
2018-07-10 11:06 ~ cube3535,
2018-07-10 11:06 ~ zahraifar,
2018-07-10 11:07 ~ se7ensolarium,
2018-07-10 11:17 ~ f_a_r_z_a_n_e_h_1992,
2018-07-10 11:18 ~ mohammad.zakeri.gargari,
2018-07-10 11:18 ~ luxurybyharakh,
2018-07-10 11:18 ~ shaghayegh_1849,
2018-07-10 11:19 ~ bazargani_valizadeh,
2018-07-10 11:19 ~ turkdelgado,
2018-07-10 11:19 ~ marziyeh7717,
2018-07-10 11:20 ~ razieh.baharvand93,
2018-07-10 11:20 ~ fatemehbo279,
2018-07-10 11:21 ~ salemimar,
2018-07-10 11:21 ~ amireza_elahi,
2018-07-10 11:22 ~ baharehb65,
2018-07-10 11:22 ~ ali.n.0mrani,
2018-07-10 11:22 ~ smyhe1360ch,
2018-07-10 11:23 ~ shahla_6533,
2018-07-10 11:23 ~ mahbobe2647,
2018-07-10 11:33 ~ atenabalooch,
2018-07-10 11:33 ~ eli_rooh,
2018-07-10 11:34 ~ nayerehhaji,
2018-07-10 11:34 ~ saeed_sii,
2018-07-10 11:34 ~ atesaahmadzadeh,
2018-07-10 11:35 ~ rose_beauty12z,
2018-07-10 11:35 ~ arezouak31,
2018-07-10 11:46 ~ abtinsd,
2018-07-10 11:46 ~ mr_ali.eb,
2018-07-10 11:47 ~ alistok120,
2018-07-10 11:47 ~ pgqq1,
2018-07-10 11:48 ~ ailin_galery,
2018-07-10 11:48 ~ elhamvalizadeh,
2018-07-10 11:49 ~ maryamjbr8017,
2018-07-10 11:49 ~ zahra.mohammadnezh,
2018-07-10 11:49 ~ ariaa7575,
2018-07-10 11:50 ~ mehdi62gmail.c,
2018-07-10 11:50 ~ balloonland.teh,
2018-07-10 11:51 ~ parisazoghi1200,
2018-07-10 12:01 ~ oranuos___65,
2018-07-10 12:02 ~ nazzi.7474,
2018-07-10 12:02 ~ fatimeh_sajade,
2018-07-10 12:02 ~ rohangiz.1364,
2018-07-10 12:03 ~ mahootshop.ir,
2018-07-10 12:03 ~ amirali_051n,
2018-07-10 12:04 ~ sasan_136,
2018-07-10 12:04 ~ rahamoghadam1995,
2018-07-10 12:13 ~ mousio_showana,
2018-07-10 12:13 ~ niloufar___ghoreishi,
2018-07-10 12:14 ~ mahi_sol_pv,
2018-07-10 12:14 ~ amir_ooop_00,
2018-07-10 12:14 ~ tanhadisslove,
2018-07-10 12:15 ~ elham.sh94,
2018-07-10 12:16 ~ nilootabrizi98,
2018-07-10 12:16 ~ faranak.m.s8029,
2018-07-10 12:17 ~ mooniireh8672,
2018-07-10 12:17 ~ saeede.rahimpoor,
2018-07-10 12:17 ~ mehrnoosh.tavasoli,
2018-07-10 12:18 ~ manizhehmohamadi5622,
2018-07-10 12:18 ~ turkey_silver,
2018-07-10 12:28 ~ gosfandonline,
2018-07-10 12:29 ~ maryam5246,
2018-07-10 12:29 ~ kouroshkiyarash84,
2018-07-10 12:29 ~ marjanrohan,
2018-07-10 12:30 ~ delinoghreh,
2018-07-10 12:30 ~ marjan67.9.16,
2018-07-10 12:31 ~ mozhghanalipor,
2018-07-10 12:31 ~ goli_rajabi6295,
2018-07-10 12:31 ~ setare.mm7845,
2018-07-10 12:32 ~ 000swan,
2018-07-10 12:32 ~ mahsa_fr_1999,
2018-07-10 12:33 ~ romana_rubat,
2018-07-10 12:33 ~ maryamsamanazari,
2018-07-10 12:34 ~ fateme_hatamy,
2018-07-10 12:34 ~ sima.solimany4444,
2018-07-10 12:34 ~ nazi.66.i,
2018-07-10 12:35 ~ zeinab8352,
2018-07-10 12:35 ~ zariporakbari,
2018-07-10 12:35 ~ divar_jiroft,
2018-07-10 12:36 ~ baharerv9335,
2018-07-10 12:36 ~ fatan.d.603438,
2018-07-10 12:37 ~ norsa7497,
2018-07-10 12:37 ~ hasan_arjmandii,
2018-07-10 12:37 ~ mojtaba_nazari_i,
2018-07-10 12:47 ~ hamidreza49m,
2018-07-10 12:47 ~ forozan.m.n,
2018-07-10 12:48 ~ jvdsalari,
2018-07-10 12:48 ~ ahadjafari_yaghin,
2018-07-10 12:48 ~ hazbavi2405,
2018-07-10 12:50 ~ naderkamyab,
2018-07-10 12:50 ~ zahramosaed424,
2018-07-10 12:50 ~ layali.layali54,
2018-07-10 12:51 ~ art_yasamin,
2018-07-10 13:06 ~ salamatzohre4,
2018-07-10 13:06 ~ negin.shadmehr70,
2018-07-10 13:07 ~ sadatmahdavi3421,
2018-07-10 13:07 ~ rasheen.kh,
2018-07-10 13:07 ~ aloen1377,
2018-07-10 13:08 ~ niloofar_zare_2001,
2018-07-10 13:08 ~ alireza55567,
2018-07-10 13:09 ~ llmeloodyll,
2018-07-10 13:09 ~ radin.baran1394,
2018-07-10 13:09 ~ shahamatishima,
2018-07-10 13:10 ~ gharenamak.restaurant,
2018-07-10 13:10 ~ d0rna_gh,
2018-07-10 13:10 ~ sam.tabloo,
2018-07-10 13:11 ~ moraveji.h,
2018-07-10 13:11 ~ mohammad.asadi4446317,
2018-07-10 13:11 ~ behzad_aidi,
2018-07-10 13:12 ~ mahdiebrahimi233,
2018-07-10 13:12 ~ 15bnen,
2018-07-10 13:12 ~ leva__fashion,
2018-07-10 13:21 ~ maryam_nail_shiraz,
2018-07-10 13:21 ~ narges662777,
2018-07-10 13:21 ~ nogre_farrokhi_tabriz,
2018-07-10 13:22 ~ soroor_64,
2018-07-10 13:22 ~ rasouliarchitect,
2018-07-10 13:22 ~ hipata_pv,
2018-07-10 13:23 ~ f._.fateme._.f,
2018-07-10 13:24 ~ massomealishiri,
2018-07-10 13:24 ~ parisa._.hrv,
2018-07-10 13:24 ~ fatemeh.moh1381,
2018-07-10 13:25 ~ zari8286,
2018-07-10 13:25 ~ 1390.armita,
2018-07-10 13:25 ~ shahrzad.khoshbakh,
2018-07-10 13:26 ~ saeide_khandar,
2018-07-10 13:26 ~ marzi_davoodi69,
2018-07-10 13:37 ~ missniloofar___,
2018-07-10 13:37 ~ vida_al20,
2018-07-10 13:37 ~ fz_____foroogh,
2018-07-10 13:38 ~ moatafazada1979,
2018-07-10 13:38 ~ parimj6258,
2018-07-10 13:39 ~ mitram902,
2018-07-10 13:39 ~ arsalan_mousavi1379,
2018-07-10 13:39 ~ sadaf_amr,
2018-07-10 13:40 ~ sandali_rak_kalachoobi,
2018-07-10 13:40 ~ farivarsalon,
2018-07-10 13:52 ~ mahsa1191370,
2018-07-10 13:53 ~ cedraschi.rodrigo,
2018-07-10 13:53 ~ maryam_zafarii,
2018-07-10 13:53 ~ zahra___jooony,
2018-07-10 13:54 ~ motahare_1246,
2018-07-10 13:54 ~ delzade20,
2018-07-10 13:54 ~ mahla_mr00,
2018-07-10 13:55 ~ maryam__mahmuodi,
2018-07-10 13:55 ~ elinaz7743,
2018-07-10 13:56 ~ azita.tahvildari,
2018-07-10 13:56 ~ sn_shr7981,
2018-07-10 13:56 ~ akram.shirkhani,
2018-07-10 14:05 ~ samamansori,
2018-07-10 14:05 ~ arezoo_13663,
2018-07-10 14:06 ~ hatefiakbar,
2018-07-10 14:06 ~ mahtabsharifigohar,
2018-07-10 14:06 ~ faribaghavam,
2018-07-10 14:07 ~ vihan_chip_industry,
2018-07-10 14:07 ~ fa.ro,
2018-07-10 14:07 ~ haniyeh.arjang,
2018-07-10 14:08 ~ azshiremorq_tajooneadamizad,
2018-07-10 14:08 ~ sahar_nz1,
2018-07-10 14:09 ~ mona_s.71,
2018-07-10 14:10 ~ ebon_crow,
2018-07-10 14:10 ~ najmeharad,
2018-07-10 14:11 ~ saeid_yazdani68,
2018-07-10 14:11 ~ molok_talebzadeh,
2018-07-10 14:11 ~ zahra.hosseini1993,
2018-07-10 14:12 ~ asghar13626222018,
2018-07-10 14:12 ~ fati__1372_a,
2018-07-10 14:13 ~ yaser.beigii,
2018-07-10 14:13 ~ yasin_asoudeh,
2018-07-10 14:13 ~ shahinranjbar42,
2018-07-10 14:14 ~ _pari._.p.a_,
2018-07-10 14:15 ~ aht_seyed,
2018-07-10 14:15 ~ forget_never_,
2018-07-10 14:15 ~ zohre___m71,
2018-07-10 14:16 ~ amirhosseinabbasi_1380,
2018-07-10 14:16 ~ m.roshan1991,
2018-07-10 14:16 ~ nshns563,
2018-07-10 14:17 ~ gham_h,
2018-07-10 14:17 ~ arefe.rzmara,
2018-07-10 14:18 ~ mozhgan__st,
2018-07-10 14:18 ~ fariba_kazime_oriflem_khoy,
2018-07-10 14:31 ~ nahid_bh1365,
2018-07-10 14:31 ~ hiradl5295,
2018-07-10 14:32 ~ saralina8274,
2018-07-10 14:32 ~ mohammad_baledii,
2018-07-10 14:32 ~ romina79khaleghi,
2018-07-10 14:33 ~ aliii__sai1234,
2018-07-10 14:33 ~ aida__wx,
2018-07-10 14:33 ~ atoosaazand,
2018-07-10 14:34 ~ le___ila,
2018-07-10 14:34 ~ mahsaaa.az70,
2018-07-10 14:35 ~ fatemeh.delkhosh,
2018-07-10 14:44 ~ vida.saeidi_,
2018-07-10 14:44 ~ marziye.najafpour6,
2018-07-10 14:44 ~ m.razaghi92,
2018-07-10 14:45 ~ n______parsa,
2018-07-10 14:46 ~ nazaninn1591,
2018-07-10 14:47 ~ maee_gne,
2018-07-10 14:47 ~ katy.j.61,
2018-07-10 14:48 ~ ma7sen77,
2018-07-10 14:48 ~ zahraimani1362,
2018-07-10 14:48 ~ piumi_amy,
2018-07-10 14:49 ~ shiva_miir,
2018-07-10 15:01 ~ f2m__n__,
2018-07-10 15:02 ~ zahra.hassanzadeh1,
2018-07-10 15:02 ~ shahin45hoseini,
2018-07-10 15:03 ~ masoud_erfani_2012,
2018-07-10 15:03 ~ art.mozaffary,
2018-07-10 15:03 ~ nafisehabforosh,
2018-07-10 15:04 ~ e.r_3666,
2018-07-10 15:04 ~ italsilver_gallery,
2018-07-10 15:05 ~ javad___arab,
2018-07-10 15:05 ~ riya.m9531,
2018-07-10 15:05 ~ somayeh1359pazooki,
2018-07-10 15:06 ~ minazarrinmoghadam,
2018-07-10 15:06 ~ ronak.m.1369,
2018-07-10 15:20 ~ reza.dizaji,
2018-07-10 15:20 ~ miss_parya800,
2018-07-10 15:20 ~ tannaz_mhs,
2018-07-10 15:21 ~ mooh35ad,
2018-07-10 15:21 ~ mahdiaz6,
2018-07-10 15:21 ~ mehran.tizer,
2018-07-10 15:22 ~ ayyyda1168,
2018-07-10 15:25 ~ roya.rose12,
2018-07-10 15:25 ~ sami_v_kh,
2018-07-10 15:26 ~ afshar9325,
2018-07-10 15:26 ~ anamanriquez9,
2018-07-10 15:27 ~ royalgps.ir,
2018-07-10 15:28 ~ lysgrhsyn.z,
2018-07-10 15:29 ~ mo.slem7822,
2018-07-10 15:29 ~ afshin.karimi1385,
2018-07-10 15:29 ~ elham2700,
2018-07-10 15:30 ~ faezeh.kz,
2018-07-10 15:30 ~ serveh_abbasi,
2018-07-10 15:30 ~ kha_0110,
2018-07-10 15:31 ~ mahnaz9819443m,
2018-07-11 00:37 ~ pona_solo,
2018-07-11 00:37 ~ arashkhosravi9960,
2018-07-11 00:37 ~ queen.neda2017,
2018-07-11 00:38 ~ elnazclick,
2018-07-11 00:38 ~ marjan67.9.16,
2018-07-11 00:38 ~ sepideh8888sss,
2018-07-11 00:39 ~ el.ham403,
2018-07-11 00:39 ~ royamakvandi2,
2018-07-11 00:39 ~ nazaninn9092,
2018-07-11 00:48 ~ ayli1269,
2018-07-11 00:48 ~ marzieabbaci,
2018-07-11 00:49 ~ romana_rubat,
2018-07-11 00:49 ~ halanhandmaker,
2018-07-11 00:49 ~ sahar_tattoo_kerman,
2018-07-11 00:50 ~ mehran__paroon,
2018-07-11 00:51 ~ zahraifar,
2018-07-11 00:51 ~ balloonland.teh,
2018-07-11 00:52 ~ ariaa7575,
2018-07-11 00:52 ~ _atii.m_,
2018-07-11 00:52 ~ shabmi8993,
2018-07-11 00:53 ~ nasii.hhhh,
2018-07-11 00:53 ~ faeze.nasr66,
2018-07-11 00:54 ~ miss.esteghlal00,
2018-07-11 00:54 ~ negin.shadmehr70,
2018-07-11 00:55 ~ maryam1938,
2018-07-11 00:55 ~ z.aaaaa68,
2018-07-11 01:05 ~ baranrad68,
2018-07-11 01:05 ~ nikansns,
2018-07-11 01:06 ~ ssssssssiiiiisi,
2018-07-11 01:06 ~ _zahraa_1989,
2018-07-11 01:06 ~ faranakahmadi87,
2018-07-11 01:07 ~ ddroj,
2018-07-11 01:07 ~ iman_nasiri_,
2018-07-11 01:08 ~ mohamad.gh_74,
2018-07-11 01:17 ~ _.swpehr,
2018-07-11 01:17 ~ medo__xv,
2018-07-11 01:18 ~ hedayati_abbas,
2018-07-11 01:18 ~ chaharbaghche,
2018-07-11 01:18 ~ anasahami_art,
2018-07-11 01:19 ~ rvn_pouladkhan,
2018-07-11 01:19 ~ imansaeed_art,
2018-07-11 01:19 ~ leila__k__,
2018-07-11 01:20 ~ hosna.63,
2018-07-11 01:20 ~ nasrin453757,
2018-07-11 01:20 ~ tanazsam5927,
2018-07-11 01:21 ~ akramc4522017,
2018-07-11 01:30 ~ mh.rn2877,
2018-07-11 01:30 ~ firoze.m.d,
2018-07-11 01:31 ~ ahmadreza.kbl,
2018-07-11 01:31 ~ fa.ro,
2018-07-11 01:32 ~ rohangiz834,
2018-07-11 01:32 ~ cedraschi.rodrigo,
2018-07-11 01:33 ~ hori_mahmodi_v,
2018-07-11 01:41 ~ shirin_sh.f,
2018-07-11 01:43 ~ free_65,
2018-07-11 01:43 ~ bozorgmehr_n,
2018-07-11 01:43 ~ maryam.khajeh_nazari,
2018-07-11 01:44 ~ mahbobe.fatehi,
2018-07-11 01:44 ~ mahboube_s79,
2018-07-11 01:44 ~ hsn_negarr11,
2018-07-11 01:45 ~ baran.h316,
2018-07-11 01:45 ~ shole34t,
2018-07-11 01:46 ~ salemimar,
2018-07-11 01:46 ~ maryamno434,
2018-07-11 01:46 ~ nadianaghibi_,
2018-07-11 01:47 ~ mehrnaz_tavassoli,
2018-07-11 01:47 ~ fati.p1818,
2018-07-11 01:47 ~ negararazpour,
2018-07-11 01:48 ~ amipoifa,
2018-07-11 01:48 ~ sherafatnejad,
2018-07-11 01:58 ~ atre_cake,
2018-07-11 01:59 ~ mah.bano5,
2018-07-11 01:59 ~ e_akrami,
2018-07-11 01:59 ~ hanihoseynalipour,
2018-07-11 02:00 ~ silverstoreistanbul,
2018-07-11 02:00 ~ matrisjewelry,
2018-07-11 02:00 ~ shidashahram,
2018-07-11 02:01 ~ kourosh_alibeigi1986,
2018-07-11 02:01 ~ gholam_baghoyi,
2018-07-11 02:02 ~ lzmly6105,
2018-07-11 02:02 ~ mamad.a.saaaa,
2018-07-11 02:02 ~ ___6__8__f__a___,
2018-07-11 02:03 ~ zohreh_mohammadimoein,
2018-07-11 02:03 ~ hamedseven56,
2018-07-11 02:03 ~ mahin.z1344,
2018-07-11 02:04 ~ haniyeh.milani,
2018-07-11 02:04 ~ mohammadabbasi_org,
2018-07-11 02:04 ~ r_hashemi74,
2018-07-11 02:05 ~ asan_pakhsh_teh,
2018-07-11 02:15 ~ r_momtaz,
2018-07-11 02:16 ~ farnazvanaki,
2018-07-11 02:16 ~ hossein_jamei_,
2018-07-11 02:17 ~ afri.ff1,
2018-07-11 02:18 ~ narjes_7151,
2018-07-11 02:19 ~ yeganeh5980,
2018-07-11 02:19 ~ nasssim.storm,
2018-07-11 02:20 ~ _azizabduqodirova,
2018-07-11 02:21 ~ kyokushinkwf.ardabil,
2018-07-11 02:21 ~ br.parvarehms,
2018-07-11 02:21 ~ lbyky7391,
2018-07-11 02:22 ~ rana.alimohamadi92,
2018-07-11 02:33 ~ trendyfacom,
2018-07-11 02:33 ~ s.danesh5751,
2018-07-11 02:33 ~ fatiii_tak_1990,
2018-07-11 02:34 ~ athareh1386,
2018-07-11 02:34 ~ kab466,
2018-07-11 02:35 ~ nafis.sh_6992,
2018-07-11 02:35 ~ shiva_miir,
2018-07-11 02:35 ~ parisa.mazar,
2018-07-11 02:35 ~ mezon.sayeh80,
2018-07-11 02:36 ~ parmin7846,
2018-07-11 02:36 ~ talapoosh.mezon,
2018-07-11 02:44 ~ rostami.amirhosein,
2018-07-11 02:45 ~ taekwondo4kids,
2018-07-11 02:45 ~ javidferoozi,
2018-07-11 02:45 ~ behnazimanzade,
2018-07-11 02:46 ~ mojtaba_firoozian,
2018-07-11 02:46 ~ farhadna6,
2018-07-11 02:46 ~ sogowl_khosravi,
2018-07-11 02:47 ~ mojman66mm,
2018-07-11 02:47 ~ morteza_ataai,
2018-07-11 02:54 ~ karaj.bet,
2018-07-11 02:54 ~ maryamkhoshgele3,
2018-07-11 02:54 ~ bahar.samavati69,
2018-07-11 02:55 ~ elham_masoudi1371,
2018-07-11 02:55 ~ maryam_13sh,
2018-07-11 02:55 ~ mojasmekadens,
2018-07-11 02:56 ~ mahbubb_ma69,
2018-07-11 02:56 ~ baarf.handcraft,
2018-07-11 02:56 ~ nrgs_pm,
2018-07-11 02:57 ~ mehrasa_.asadi,
2018-07-11 02:57 ~ maralpoursmd,
2018-07-11 02:58 ~ zahra.j997,
2018-07-11 03:11 ~ nazila_ssp,
2018-07-11 03:11 ~ fr.pishva,
2018-07-11 03:11 ~ fatemeh_a74a,
2018-07-11 03:12 ~ miss_f.sadeghi70,
2018-07-11 03:12 ~ manije4808,
2018-07-11 03:12 ~ fatemehbo279,
2018-07-11 03:13 ~ dnyz3628,
2018-07-11 03:24 ~ t.s.p____,
2018-07-11 03:24 ~ zeynabrahi,
2018-07-11 03:25 ~ masomisaleh,
2018-07-11 03:25 ~ __zoleikha,
2018-07-11 03:27 ~ sepideh_2fp,
2018-07-11 03:27 ~ milad.moradi.1991,
2018-07-11 03:27 ~ chakavak.gh,
2018-07-11 03:29 ~ xabir_too,
2018-07-11 03:29 ~ salah_nz2001yahoo.com2672,
2018-07-11 03:40 ~ parisa.zadsh,
2018-07-11 03:40 ~ paryabahardel,
2018-07-11 03:41 ~ sva._.2002,
2018-07-11 03:41 ~ roshanak.8.2.rl,
2018-07-11 03:42 ~ hamed.r7693,
2018-07-11 03:42 ~ rihanna.zandi,
2018-07-11 03:42 ~ hedpixel,
2018-07-11 03:43 ~ sara.kh.rr1066,
2018-07-11 03:43 ~ khordadleather,
2018-07-11 03:43 ~ mina.907,
2018-07-11 03:44 ~ sadaf_amr,
2018-07-11 03:44 ~ hodajaber.7.5,
2018-07-11 03:45 ~ toptangallery,
2018-07-11 03:45 ~ hosna4330,
2018-07-11 03:45 ~ ha_fa_ta_he,
2018-07-11 03:46 ~ njm.56,
2018-07-11 03:46 ~ abe11205,
2018-07-11 03:47 ~ minoo_sadrr,
2018-07-11 03:47 ~ ati.k.f,
2018-07-11 03:47 ~ honarmandanvideo_,
2018-07-11 03:55 ~ nasrin_benvan,
2018-07-11 03:56 ~ rozita_beryani,
2018-07-11 03:56 ~ oxide.shirt,
2018-07-11 03:56 ~ gham_h,
2018-07-11 03:57 ~ elegance_gallerie,
2018-07-11 03:57 ~ ash.shirrazm,
2018-07-11 03:57 ~ shafiqpooya,
2018-07-11 03:58 ~ taimazwood,
2018-07-11 03:58 ~ safamarzie,
2018-07-11 03:58 ~ mykhadem,
2018-07-11 03:59 ~ en.rasouli,
2018-07-11 04:00 ~ arex_ketab,
2018-07-11 04:12 ~ rasouli__a,
2018-07-11 04:13 ~ maryam.khodakarami97,
2018-07-11 04:14 ~ zahraaaaa448,
2018-07-11 04:14 ~ katayounbaradar,
2018-07-11 04:15 ~ zahraqh5156_,
2018-07-11 04:15 ~ kosar_h87,
2018-07-11 04:15 ~ armina_flower,
2018-07-11 04:16 ~ _.inchebroon._,
2018-07-11 04:16 ~ ssaa13601623,
2018-07-11 04:16 ~ khatere6458,
2018-07-11 04:17 ~ apple.sfive,
2018-07-11 04:17 ~ sarpil1119,
2018-07-11 04:17 ~ maryamm_motamedi,
2018-07-11 04:19 ~ fahimehshalc,
2018-07-11 04:32 ~ taniya.govahi,
2018-07-11 04:33 ~ adele_fakhari,
2018-07-11 04:34 ~ amirhossein_zamani22,
2018-07-11 04:34 ~ ameneh.137026,
2018-07-11 04:34 ~ nazi.shirini,
2018-07-11 04:35 ~ afsanehghandi95,
2018-07-11 04:35 ~ atefe.j.h,
2018-07-11 04:35 ~ mandegar_silver,
2018-07-11 04:36 ~ mona._.654,
2018-07-11 04:45 ~ sory.lash02,
2018-07-11 04:45 ~ ahoo_996,
2018-07-11 04:46 ~ elmira_fredun,
2018-07-11 04:46 ~ setarehhhh76,
2018-07-11 04:46 ~ shaqayeq._.si,
2018-07-11 04:47 ~ dr.farnoosh_farahini,
2018-07-11 04:47 ~ _axine,
2018-07-11 04:47 ~ sepahwand0,
2018-07-11 04:48 ~ reza_1627,
2018-07-11 04:48 ~ mehranamehrniya,
2018-07-11 04:49 ~ maryams1335,
2018-07-11 04:50 ~ maryam.ebz11,
2018-07-11 04:50 ~ hanieh.keshvardoost,
2018-07-11 05:02 ~ p.fatima66,
2018-07-11 05:03 ~ toranjhandmade,
2018-07-11 05:03 ~ rh_plus_marjan,
2018-07-11 05:03 ~ lili._.1388,
2018-07-11 05:04 ~ doorna.ev,
2018-07-11 05:04 ~ melika_rahimi12,
2018-07-11 05:04 ~ fati._.abbasi,
2018-07-11 05:05 ~ mahinbm,
2018-07-11 05:05 ~ f.h.f1395,
2018-07-11 05:17 ~ zahra.moazeni8,
2018-07-11 05:17 ~ anisa_nooor,
2018-07-11 05:17 ~ mehrnoosh.tavasoli,
2018-07-11 05:18 ~ iman.0348,
2018-07-11 05:20 ~ mansoreh_nj,
2018-07-11 05:20 ~ daneshmand_z,
2018-07-11 05:20 ~ yaser.sabagh,
2018-07-11 05:21 ~ khwrw6580,
2018-07-11 05:21 ~ aram69fatima,
2018-07-11 05:21 ~ sahar_ardani,
2018-07-11 05:22 ~ rahele.gh1378,
2018-07-11 05:22 ~ samira_samira69,
2018-07-11 05:23 ~ zahra_mzyn,
2018-07-11 05:23 ~ ghazaaleh.hj,
2018-07-11 05:23 ~ hadiss.motavalli,
2018-07-11 05:33 ~ poyan_11738,
2018-07-11 05:33 ~ mokammal51,
2018-07-11 05:34 ~ mahnaz.jegarian,
2018-07-11 05:35 ~ adele_hayati,
2018-07-11 05:35 ~ fereshco,
2018-07-11 05:35 ~ najvayemoshaver,
2018-07-11 05:36 ~ sina_alone4868,
2018-07-11 05:36 ~ mahtab_ashkezari,
2018-07-11 05:36 ~ __anahita_ghm__,
2018-07-11 05:37 ~ nasim.panahi94,
2018-07-11 05:38 ~ niloofarjebely,
2018-07-11 05:38 ~ sh.aziz0077,
2018-07-11 05:39 ~ louve_25,
2018-07-11 05:40 ~ azarm_gha,
2018-07-11 05:40 ~ nkargarfard,
2018-07-11 05:41 ~ nilofars6456,
2018-07-11 05:43 ~ atoosaazand,
2018-07-11 05:43 ~ zahra13691028,
2018-07-11 05:43 ~ shokoofeh9117,
2018-07-11 05:44 ~ zahra.hosseini1993,
2018-07-11 05:44 ~ leylaaaaa1021,
2018-07-11 05:44 ~ arasteh_moazamii_,
2018-07-11 05:45 ~ sheibani_0508,
2018-07-11 05:45 ~ farnazhalimi,
2018-07-11 05:46 ~ tonysilver840,
2018-07-11 05:46 ~ miabambaofficial,
2018-07-11 05:58 ~ nazilaafrodit,
2018-07-11 05:59 ~ h_ho3einpourm,
2018-07-11 05:59 ~ eli_rooh,
2018-07-11 05:59 ~ fahimeh1686,
2018-07-11 06:00 ~ e_m.r_6760,
2018-07-11 06:00 ~ zahra.3027,
2018-07-11 06:00 ~ soroor_64,
2018-07-11 06:01 ~ _fred_sh,
2018-07-11 06:01 ~ farshad.xare,
2018-07-11 06:02 ~ elnazzarei2538,
2018-07-11 06:02 ~ maryamgoly013,
2018-07-11 06:02 ~ elham.h.s.1395,
2018-07-11 06:03 ~ bhcc96,
2018-07-11 06:03 ~ sogandv06,
2018-07-11 06:04 ~ navalpirzad,
2018-07-11 06:04 ~ madani.elahe,
2018-07-11 06:04 ~ sahar.afjeh,
2018-07-11 06:05 ~ lalisistany,
2018-07-11 06:06 ~ arefe.rzmara,
2018-07-11 06:07 ~ badalijat.vanda,
2018-07-11 06:20 ~ mahsan.kml,
2018-07-11 06:20 ~ fatimakhanom_1212,
2018-07-11 06:21 ~ saideh.n1369,
2018-07-11 06:21 ~ maryam_dadvar1977,
2018-07-11 06:21 ~ radin009,
2018-07-11 06:22 ~ marjan.ostovan,
2018-07-11 06:22 ~ celine__fallah,
2018-07-11 06:23 ~ zane_shikpoosh,
2018-07-11 06:23 ~ alie_falahati997,
2018-07-11 06:23 ~ sanam_galavi,
2018-07-11 06:24 ~ serveh_abbasi,
2018-07-11 06:25 ~ vetro.co,
2018-07-11 06:26 ~ nurshahram7,
2018-07-11 06:26 ~ f.tag.93,
2018-07-11 06:28 ~ mahsa_khodatars,
2018-07-11 06:28 ~ samane.pmp,
2018-07-11 06:28 ~ royanajiby612,
2018-07-11 06:29 ~ letahamedi1,
2018-07-11 06:39 ~ omid_safari_69,
2018-07-11 06:39 ~ qadir.alipour912,
2018-07-11 06:40 ~ g.o.l.i_f.t.m009470,
2018-07-11 06:40 ~ milad.zagrosi,
2018-07-11 06:40 ~ farahnazsharifi.di,
2018-07-11 06:41 ~ saeedghasemi7032,
2018-07-11 06:41 ~ irandezfulll,
2018-07-11 06:42 ~ pedram628ak,
2018-07-11 06:43 ~ viyanaamanda,
2018-07-11 06:43 ~ sahargolshan67,
2018-07-11 06:44 ~ pegah_zi,
2018-07-11 06:44 ~ maryam5246,
2018-07-11 06:54 ~ m.javid3460,
2018-07-11 06:54 ~ fatan.d.603438,
2018-07-11 06:55 ~ s.javadi_azar1,
2018-07-11 06:55 ~ arzw5506,
2018-07-11 06:55 ~ delaho_sabz,
2018-07-11 06:56 ~ mahro.sdi,
2018-07-11 06:56 ~ rozi.n.v.13711,
2018-07-11 06:56 ~ sabaii_7918,
2018-07-11 06:57 ~ takhtenardbaza,
2018-07-11 06:57 ~ yazndaraghmeh,
2018-07-11 06:58 ~ moslem91m,
2018-07-11 06:58 ~ mojmam166,
2018-07-11 06:58 ~ mina_khosravi94,
2018-07-11 07:01 ~ elham.archt,
2018-07-11 07:01 ~ setarhe.mi,
2018-07-11 07:02 ~ mezone_faraneh,
2018-07-11 07:02 ~ sepide4513,
2018-07-11 07:03 ~ r7435,
2018-07-11 07:04 ~ sami_v_kh,
2018-07-11 07:04 ~ parisa.royaei,
2018-07-11 07:04 ~ kianzar.gold2015,
2018-07-11 07:15 ~ bahar___1372,
2018-07-11 07:17 ~ banooyeseyed,
2018-07-11 07:17 ~ mahsa_amini56,
2018-07-11 07:18 ~ masoumeh_aminranjbar48,
2018-07-11 07:19 ~ tannaz_mhs,
2018-07-11 07:19 ~ simin_yk,
2018-07-11 07:19 ~ fatimah720,
2018-07-11 07:20 ~ azadeh_mardani,
2018-07-11 07:20 ~ mrs_rzyi.f,
2018-07-11 07:20 ~ mahsa_74771,
2018-07-11 07:21 ~ talaforosh.ir,
2018-07-11 07:21 ~ hamed_radane,
2018-07-11 07:22 ~ hab.mosavi,
2018-07-11 07:22 ~ arc_miladabdi,
2018-07-11 07:36 ~ ndyglhdry,
2018-07-11 07:36 ~ homakhodarahmi,
2018-07-11 07:36 ~ tab_leila,
2018-07-11 07:37 ~ armin_shahrokhi_,
2018-07-11 07:38 ~ raminmokhtare,
2018-07-11 07:38 ~ alireza_a.r.a.b,
2018-07-11 07:39 ~ mohsen.hassaniha,
2018-07-11 07:40 ~ love1372sh,
2018-07-11 07:40 ~ farid_pirani,
2018-07-11 07:40 ~ sara.pournasirisarap,
2018-07-11 07:55 ~ mohamadhasanva,
2018-07-11 07:57 ~ alifaalghayoumi,
2018-07-11 07:57 ~ s.vash_hz,
2018-07-11 07:57 ~ mahboub.azar,
2018-07-11 07:58 ~ andiya_kamali,
2018-07-11 07:58 ~ arezoo1994n,
2018-07-11 07:59 ~ shaghayegh8820,
2018-07-11 07:59 ~ n.amini329,
2018-07-11 07:59 ~ zeynab.pourmosayeb,
2018-07-11 08:12 ~ mehrabi63,
2018-07-11 08:12 ~ m_o_b_i_n.4549,
2018-07-11 08:12 ~ mohamadjafary1070,
2018-07-11 08:13 ~ mohaed73,
2018-07-11 08:13 ~ edris_s.n,
2018-07-11 08:13 ~ mohammad_hossain_9134,
2018-07-11 08:14 ~ elnaz.hatami.1373,
2018-07-11 08:14 ~ o.h10.96.5,
2018-07-11 08:14 ~ zipoolin,
2018-07-11 08:15 ~ marjan_shahin_120,
2018-07-11 08:15 ~ mr_hashemi.1999,
2018-07-11 08:16 ~ shopping_and_enjoying_life,
2018-07-11 08:16 ~ roonak_bapirian,
2018-07-11 08:17 ~ sobhn.jadavi,
2018-07-11 08:17 ~ z_hra_8868,
2018-07-11 08:17 ~ sara_sltni2001,
2018-07-11 08:18 ~ sinashn10007,
2018-07-11 08:18 ~ azadehgodini18,
2018-07-11 08:18 ~ denizyari,
2018-07-11 08:19 ~ like__forosh,
2018-07-11 08:19 ~ sori6189,
2018-07-11 08:19 ~ niloofarjavadi.midwife92,
2018-07-11 08:20 ~ somayeh4356,
2018-07-11 08:20 ~ afsaneh__.__71,
2018-07-11 08:20 ~ nazanin.golab,
2018-07-11 08:21 ~ honarkade_azita,
2018-07-11 08:29 ~ amirhosein7799,
2018-07-11 08:30 ~ chelcheshmeh_esf,
2018-07-11 08:31 ~ masoume.jabbari,
2018-07-11 08:31 ~ persiantiques,
2018-07-11 08:31 ~ fateme.heidari.820,
2018-07-11 08:32 ~ sh.taheriyan,
2018-07-11 08:32 ~ neginvakilzadeh,
2018-07-11 08:33 ~ gharehdaghi1340,
2018-07-11 08:34 ~ ftm.shayan,
2018-07-11 08:34 ~ mahta983,
2018-07-11 08:34 ~ amir.h_sirjan_,
2018-07-11 08:35 ~ parvinshirzad55,
2018-07-11 08:46 ~ amir_abbasi.125,
2018-07-11 08:47 ~ maryamm.mhd,
2018-07-11 08:48 ~ ala.mofidi,
2018-07-11 08:48 ~ mobin96ahmadi,
2018-07-11 08:48 ~ im_soroush,
2018-07-11 08:49 ~ hmdaqkhwsh,
2018-07-11 08:49 ~ smyhe1360ch,
2018-07-11 08:50 ~ saeedeh51,
2018-07-11 08:50 ~ zahra.razeqi0507,
2018-07-11 08:50 ~ leilamolaie,
2018-07-11 08:51 ~ z.hosseini.1986,
2018-07-11 08:53 ~ marimah66,
2018-07-11 08:53 ~ _ronaz_gh,
2018-07-11 08:54 ~ mythmmyrshkhly,
2018-07-11 08:54 ~ sahel.rahimi.88,
2018-07-11 09:04 ~ zahra.de_74,
2018-07-11 09:04 ~ zahra.ebrahimi49,
2018-07-11 09:04 ~ rahmani_1391,
2018-07-11 09:05 ~ safa.mbk,
2018-07-11 09:05 ~ mitra1312,
2018-07-11 09:05 ~ mahdi_m4812,
2018-07-11 09:06 ~ khaledan68,
2018-07-11 09:06 ~ renwar.baran,
2018-07-11 09:07 ~ mo3lem_a.b,
2018-07-11 09:07 ~ narmin.kamarann,
2018-07-11 09:07 ~ sharareh_azordeh,
2018-07-11 09:08 ~ __atena__bjb,
2018-07-11 09:08 ~ malakjonob,
2018-07-11 09:09 ~ parandoosh.n,
2018-07-11 09:09 ~ parla.and.pasha,
2018-07-11 09:22 ~ eli_khz86,
2018-07-11 09:22 ~ sim_alizade,
2018-07-11 09:22 ~ yaghmaeiiman,
2018-07-11 09:25 ~ samira.yp67,
2018-07-11 09:25 ~ amozeshgah.gisoo,
2018-07-11 09:26 ~ minoo______ab,
2018-07-11 09:26 ~ mahnazsaemie63,
2018-07-11 09:26 ~ tahere_pooladkhan,
2018-07-11 09:27 ~ persian.forex,
2018-07-11 09:27 ~ mohadese_pv_77,
2018-07-11 09:27 ~ mahya.128,
2018-07-11 09:40 ~ shishi8081,
2018-07-11 09:40 ~ pantea1973,
2018-07-11 09:41 ~ mziaye6944,
2018-07-11 09:41 ~ maassii3895,
2018-07-11 09:41 ~ donyayesheida,
2018-07-11 09:44 ~ m_ghodsii,
2018-07-11 09:45 ~ jinousfv,
2018-07-11 09:45 ~ masiiii17,
2018-07-11 09:45 ~ chobsho,
2018-07-11 09:46 ~ ali_ghavibonyeh,
2018-07-11 09:47 ~ buyuk_jahan,
2018-07-11 09:47 ~ marjan18432,
2018-07-11 09:47 ~ sh_hashemi1351yahoo.com_,
2018-07-11 09:48 ~ dj_milad_gavi,
2018-07-11 09:48 ~ khatereh71868,
2018-07-11 09:49 ~ k_a_fati,
2018-07-11 09:49 ~ ashraf____hosseini,
2018-07-11 09:49 ~ azi_azi2020,
2018-07-11 09:50 ~ majidhtf,
2018-07-11 09:51 ~ yasib61,
2018-07-11 09:52 ~ yasaman_d_z_h,
2018-07-11 09:52 ~ rahman_bnd_ss,
2018-07-11 09:53 ~ kristina_shkoza,
2018-07-11 09:53 ~ shiva.kazemi4260,
2018-07-11 09:54 ~ mahya.veisi83,
2018-07-11 09:54 ~ parva.int2008,
2018-07-11 09:54 ~ fatima.3838,
2018-07-11 09:55 ~ abbasisheyda,
2018-07-11 09:55 ~ tina.1397m,
2018-07-11 10:04 ~ jeunesi,
2018-07-11 10:05 ~ dizainere121,
2018-07-11 10:05 ~ taraneh_lida,
2018-07-11 10:06 ~ sami.eve.1990,
2018-07-11 10:06 ~ hamidsaeedi93,
2018-07-11 10:06 ~ zahra._lovestory,
2018-07-11 10:07 ~ mahdieh_talebiii,
2018-07-11 10:08 ~ farhad_z48,
2018-07-11 10:08 ~ berlin_po,
2018-07-11 10:08 ~ yalda_bpz,
2018-07-11 10:09 ~ maryamyaaaaa5678,
2018-07-11 10:09 ~ naderadavi,
2018-07-11 10:09 ~ honarkade_jazini,
2018-07-11 10:10 ~ omidetebary,
2018-07-11 10:11 ~ mehrnaz_masoumipv,
2018-07-11 10:11 ~ abbasi.com9838,
2018-07-11 10:21 ~ mojgan_hoseiny,
2018-07-11 10:21 ~ marymohii,
2018-07-11 10:21 ~ joryjory.456,
2018-07-11 10:22 ~ f.a.f.a.sad._,
2018-07-11 10:22 ~ sanaz_haghir,
2018-07-11 10:23 ~ ahoo2368,
2018-07-11 10:23 ~ ali511423,
2018-07-11 10:24 ~ 1367.4.19,
2018-07-11 10:24 ~ sarzamine.sabz62,
2018-07-11 10:25 ~ fariba_shoa,
2018-07-11 10:26 ~ samin_radbeh,
2018-07-11 10:26 ~ m.a.68.56,
2018-07-11 10:26 ~ elahe._hajizade,
2018-07-11 10:27 ~ arsin851,
2018-07-11 10:27 ~ s_a_r_a_g_o_li,
2018-07-11 10:28 ~ peyman89891,
2018-07-11 10:28 ~ shadi.roshaniyan,
2018-07-11 10:28 ~ maryam.ghanbarnejad61,
2018-07-11 10:29 ~ angelj8021,
2018-07-11 10:29 ~ mastanabad_sorayya,
2018-07-11 10:29 ~ nahid.ranjbaar,
2018-07-11 10:30 ~ s_a_n_a_z_b,
2018-07-11 10:30 ~ namdari_arezoo,
2018-07-11 10:44 ~ narsis.macani,
2018-07-11 10:44 ~ shinyvesal,
2018-07-11 10:44 ~ fans_sarabahrami,
2018-07-11 10:46 ~ marzieh_banoo88,
2018-07-11 10:47 ~ mahboob_j,
2018-07-11 10:47 ~ massumeahmadi,
2018-07-11 10:47 ~ simin_kh1,
2018-07-11 10:48 ~ shabnamsadeghpour,
2018-07-11 10:48 ~ silver_of_majid,
2018-07-11 10:48 ~ shahla.ahadi52,
2018-07-11 10:49 ~ behzad.ak68,
2018-07-11 10:49 ~ alizade2260,
2018-07-11 10:51 ~ katy.j.61,
2018-07-11 11:03 ~ morvarid_store,
2018-07-11 11:03 ~ mobina.khadivar,
2018-07-11 11:05 ~ maryam.m8055,
2018-07-11 11:05 ~ neshatmoslehi,
2018-07-11 11:06 ~ m.akbari3768,
2018-07-11 11:06 ~ jila__abbasi,
2018-07-11 11:06 ~ iran_osteen.89,
2018-07-11 11:07 ~ najmeh_nematzadeh,
2018-07-11 11:07 ~ f171676gmail.com9569,
2018-07-11 11:07 ~ zohreh_nazari5656,
2018-07-11 11:08 ~ maryam_m61m,
2018-07-11 11:09 ~ fateme_shabany_._,
2018-07-11 11:09 ~ sargol9470,
2018-07-11 11:10 ~ mostafa.tavakoli66,
2018-07-11 11:10 ~ safamahram9968,
2018-07-11 11:10 ~ samiraazarbaijani,
2018-07-11 11:11 ~ elm7140,
2018-07-11 11:11 ~ maryam.manavipoor61,
2018-07-11 11:11 ~ hosna799,
2018-07-11 11:16 ~ valiasr_exchange,
2018-07-11 11:16 ~ shahla_6533,
2018-07-11 11:17 ~ zhr_mhd0,
2018-07-11 11:17 ~ nargeshatami90,
2018-07-11 11:18 ~ majids967,
2018-07-11 11:18 ~ badankhobaaa,
2018-07-11 11:18 ~ cclz.foot3,
2018-07-11 11:19 ~ homa.afshar59,
2018-07-11 11:19 ~ zviewcctv,
2018-07-11 11:19 ~ hassanfallahi,
2018-07-11 11:20 ~ mohammad.ba.021,
2018-07-11 11:20 ~ paria.prg,
2018-07-11 11:21 ~ mehdi.mo6348,
2018-07-11 11:21 ~ mani_mm_1381,
2018-07-11 11:22 ~ miss__m06,
2018-07-11 11:23 ~ soomayeh_fakoriiii_75,
2018-07-11 11:23 ~ manijeh.farhangzade,
2018-07-11 11:33 ~ haniyehosseynifar,
2018-07-11 11:34 ~ yas.136800,
2018-07-11 11:35 ~ maryamseyed4,
2018-07-11 11:35 ~ ghasemii.i,
2018-07-11 11:37 ~ miss.narges.banoo,
2018-07-11 11:37 ~ mahdydashty,
2018-07-11 11:37 ~ studio_arvan,
2018-07-11 11:38 ~ sahar.naftchi0918,
2018-07-11 11:38 ~ faegheh_68gl,
2018-07-11 11:39 ~ elmirarrabiee,
2018-07-11 11:39 ~ benyamin11222,
2018-07-11 11:41 ~ elina.bakhtiari,
2018-07-11 11:51 ~ sh.ahrzad9,
2018-07-11 11:51 ~ mozhdeh_333,
2018-07-11 11:52 ~ rondbit,
2018-07-11 11:53 ~ foiladva,
2018-07-11 11:54 ~ hosseinkarimi2026,
2018-07-11 11:54 ~ ensafi13407,
2018-07-11 11:54 ~ maryam9189,
2018-07-11 11:55 ~ e_l_i_6_5,
2018-07-11 11:55 ~ fi_rou_zeh,
2018-07-11 11:56 ~ fereshtehhe,
2018-07-11 11:56 ~ lovely.m1991,
2018-07-11 12:07 ~ alexianebijoux,
2018-07-11 12:07 ~ pouya_aren,
2018-07-11 12:08 ~ fantasy_madak,
2018-07-11 12:09 ~ ezalamiri783,
2018-07-11 12:09 ~ mortza.hj,
2018-07-11 12:09 ~ amirhey345678,
2018-07-11 12:10 ~ firmgirll,
2018-07-11 12:13 ~ ghzal6873,
2018-07-11 12:13 ~ asalasalak5,
2018-07-11 12:13 ~ amirten13,
2018-07-11 12:14 ~ parmisa_1359,
2018-07-11 12:15 ~ shamimkabiri,
2018-07-11 12:18 ~ kazhaljezhni6871,
2018-07-11 12:18 ~ mahomahtab.m,
2018-07-11 12:18 ~ golnaznematii68,
2018-07-11 12:31 ~ atiii.a,
2018-07-11 12:31 ~ _marmar_t,
2018-07-11 12:31 ~ marzieh171773,
2018-07-11 12:31 ~ gumuslightingorginal_,
2018-07-11 12:32 ~ _talachian,
2018-07-11 12:32 ~ masuod_javadi,
2018-07-11 12:33 ~ maryam_safaeii,
2018-07-11 12:33 ~ _maryam.___.ranjbar_,
2018-07-11 12:34 ~ asansor2,
2018-07-11 12:34 ~ mehran.alireza4,
2018-07-11 12:34 ~ masi.fw145,
2018-07-11 12:35 ~ abolfazl_naghash_hoseini,
2018-07-11 12:35 ~ sarahejaziyan,
2018-07-11 12:46 ~ romeysa_hamze,
2018-07-11 12:46 ~ shabnam__ghadiri,
2018-07-11 12:47 ~ e.ch27,
2018-07-11 12:47 ~ sheida1200,
2018-07-11 12:48 ~ design_artin92,
2018-07-11 12:48 ~ sara_5301,
2018-07-11 12:52 ~ moza1676,
2018-07-11 12:54 ~ zahrafeizollahi,
2018-07-11 12:54 ~ ehaghollahi,
2018-07-11 12:55 ~ soheylamohammadii,
2018-07-11 12:55 ~ tanhas606,
2018-07-11 12:55 ~ maryamjanjani17,
2018-07-11 12:56 ~ samiraafsar71,
2018-07-11 12:56 ~ mofoz235,
2018-07-11 12:57 ~ neda.khanooom,
2018-07-11 12:57 ~ sohi_061,
2018-07-11 12:57 ~ mohammad_sadeqi77,
2018-07-11 12:58 ~ jamshid.4444,
2018-07-11 12:58 ~ vida.saeidi_,
2018-07-11 12:58 ~ maryam_mirhabibi,
2018-07-11 12:59 ~ _.maria_vl,
2018-07-11 13:00 ~ ali_nj13,
2018-07-11 13:00 ~ hani.b78,
2018-07-11 13:01 ~ 09389016042_,
2018-07-11 13:12 ~ toktammousaviii,
2018-07-11 13:12 ~ golnazhormoozi137,
2018-07-11 13:12 ~ 75.9813,
2018-07-11 13:16 ~ v_by_q,
2018-07-11 13:17 ~ tarazpmoradi,
2018-07-11 13:17 ~ egy7egy,
2018-07-11 13:18 ~ soltan_saqqz,
2018-07-11 13:18 ~ health__shoop,
2018-07-11 13:19 ~ maryamhan62,
2018-07-11 13:19 ~ tofan_za_gh,
2018-07-11 13:20 ~ mojtabasolhju,
2018-07-11 13:20 ~ mmm503718,
2018-07-11 13:20 ~ ma_ryam2775,
2018-07-11 13:33 ~ maryam24643,
2018-07-11 13:33 ~ reyhane3.20,
2018-07-11 13:34 ~ negin_ax00,
2018-07-11 13:34 ~ maryami.60h,
2018-07-11 13:34 ~ samira_e_136661,
2018-07-11 13:35 ~ salemi000,
2018-07-11 13:37 ~ fatemeh.b.akashe,
2018-07-11 13:37 ~ soli73ab,
2018-07-11 13:38 ~ keykavosi.t,
2018-07-11 13:38 ~ olgun_elvan,
2018-07-11 13:38 ~ ssssshssjhhgcf,
2018-07-11 13:41 ~ mahtabbsara,
2018-07-11 13:42 ~ rajabi.parisa68,
2018-07-11 13:44 ~ banoo.golmohamadi,
2018-07-11 13:46 ~ atiye1990,
2018-07-11 13:46 ~ banoo_daryaie,
2018-07-11 13:47 ~ iseut60,
2018-07-12 21:10 ~ sadaf.fa.2,
2018-07-12 21:10 ~ samiiraseifi,
2018-07-12 21:10 ~ ramaak__69,
2018-07-12 21:13 ~ javadzaneganeh4,
2018-07-12 21:13 ~ siavash.58,
2018-07-12 21:13 ~ paiezeh_mollazadeh,
2018-07-12 21:14 ~ amir.h_sirjan_,
2018-07-12 21:14 ~ hani.b78,
2018-07-12 21:15 ~ minazarrinmoghadam,
2018-07-12 21:27 ~ mahnazmemary,
2018-07-12 21:27 ~ nilofarazimi_n,
2018-07-12 21:28 ~ fatemeh____1356,
2018-07-12 21:28 ~ l.haji_ali_gol,
2018-07-12 21:28 ~ shirin_2702,
2018-07-12 21:29 ~ hossin_mansouri,
2018-07-12 21:29 ~ tayyebe.1360,
2018-07-12 21:30 ~ smyhe1360ch,
2018-07-12 21:30 ~ zahra.hosseini1993,
2018-07-12 21:30 ~ f.s.mosavi73,
2018-07-12 21:31 ~ fatemeh.kavoshi1,
2018-07-12 21:32 ~ sanaziii19876195,
2018-07-12 21:32 ~ mahi_goli7,
2018-07-12 21:32 ~ maede_rdj,
2018-07-12 21:33 ~ respinaaa2004,
2018-07-12 21:33 ~ gh.ma4466,
2018-07-12 21:33 ~ dokhirajabi,
2018-07-12 21:34 ~ e_akrami,
2018-07-12 21:47 ~ top_videooo,
2018-07-12 21:47 ~ aida._.da,
2018-07-12 21:48 ~ navid_pn8898,
2018-07-12 21:48 ~ fatan.d.603438,
2018-07-12 21:49 ~ maryam5246,
2018-07-12 21:50 ~ maryamm.mhd,
2018-07-12 21:51 ~ __anahita_ghm__,
2018-07-12 21:51 ~ serveh_abbasi,
2018-07-12 21:52 ~ zahra_chrdy75,
2018-07-12 21:52 ~ iran_osteen.89,
2018-07-12 21:52 ~ dr.farnoosh_farahini,
2018-07-12 21:53 ~ fahimehshalc,
2018-07-12 21:54 ~ negin.shadmehr70,
2018-07-12 21:54 ~ hamedseven56,
2018-07-12 22:06 ~ rahagoli1395,
2018-07-12 22:06 ~ gissoo8198,
2018-07-12 22:07 ~ zohreahrabi20,
2018-07-12 22:07 ~ asvo7416,
2018-07-12 22:08 ~ eastnegin_box,
2018-07-12 22:08 ~ elham_masoudi1371,
2018-07-12 22:08 ~ mezone_faraneh,
2018-07-12 22:10 ~ zahra_mzyn,
2018-07-12 22:10 ~ nim.872,
2018-07-12 22:11 ~ romana_rubat,
2018-07-12 22:11 ~ mohammad_._ab,
2018-07-12 22:11 ~ fatemehbo279,
2018-07-12 22:12 ~ sahar2990,
2018-07-12 22:12 ~ m_ghodsii,
2018-07-12 22:13 ~ sima.moghaddam45,
2018-07-12 22:13 ~ m.davarian,
2018-07-12 22:20 ~ maryam.afshar8824,
2018-07-12 22:21 ~ mahnazsaemie63,
2018-07-12 22:21 ~ im_soroush,
2018-07-12 22:22 ~ silver_of_majid,
2018-07-12 22:22 ~ shabmi8993,
2018-07-12 22:22 ~ _marmar_t,
2018-07-12 22:23 ~ mahya.veisi83,
2018-07-12 22:23 ~ adine_6365,
2018-07-12 22:23 ~ parsan.gold,
2018-07-12 22:24 ~ __________ahmadreza___,
2018-07-12 22:24 ~ marjan67.9.16,
2018-07-12 22:24 ~ btkhani,
2018-07-12 22:31 ~ zahraifar,
2018-07-12 22:32 ~ elina.bakhtiari,
2018-07-12 22:32 ~ sahar.bakeshloo1370,
2018-07-12 22:33 ~ f.a.f.a.sad._,
2018-07-12 22:34 ~ faezeh.kz,
2018-07-12 22:34 ~ najmeh_nematzadeh,
2018-07-12 22:34 ~ zibaaa.z1374,
2018-07-12 22:36 ~ zahra_satari89,
2018-07-12 22:36 ~ mahdieh_yousefi,
2018-07-12 22:36 ~ fyrwzh7847,
2018-07-12 22:37 ~ soudeh1362,
2018-07-12 22:37 ~ laya_gafarzadeh,
2018-07-12 22:37 ~ aeiman157867,
2018-07-12 22:38 ~ nbahrami22,
2018-07-12 22:38 ~ mahdiye_nailartist,
2018-07-12 22:38 ~ amir_hairan,
2018-07-12 22:39 ~ hasti.z2779,
2018-07-12 22:39 ~ sajadnewface5,
2018-07-12 22:39 ~ monaditejaratkara,
2018-07-12 22:52 ~ nasrin6687,
2018-07-12 22:53 ~ hadise.m30,
2018-07-12 22:53 ~ 127s0496131,
2018-07-12 22:55 ~ soroor_64,
2018-07-12 22:56 ~ nourbaghdad,
2018-07-12 22:56 ~ sharareh1344,
2018-07-12 22:56 ~ anthuriom_,
2018-07-12 22:57 ~ iman_nasiri_,
2018-07-12 22:57 ~ saminasayed72,
2018-07-12 22:57 ~ tahereh2400,
2018-07-12 22:58 ~ donyayesheida,
2018-07-12 22:58 ~ hsn_negarr11,
2018-07-12 23:09 ~ nasssim.storm,
2018-07-12 23:09 ~ marjan18432,
2018-07-12 23:10 ~ ehaghollahi,
2018-07-12 23:10 ~ 18elham_,
2018-07-12 23:11 ~ hiva_mhmdi,
2018-07-12 23:12 ~ bnko88yf,
2018-07-12 23:13 ~ somayeh._.h,
2018-07-12 23:13 ~ mhmdmhmdy9340,
2018-07-12 23:14 ~ zhr_mhd0,
2018-07-12 23:24 ~ manije4808,
2018-07-12 23:24 ~ somayeh.mosavian,
2018-07-12 23:24 ~ mahboob_ah_199,
2018-07-12 23:25 ~ onecitystar,
2018-07-12 23:25 ~ fatmamahmoud011,
2018-07-12 23:26 ~ gham_h,
2018-07-12 23:26 ~ arefe.rzmara,
2018-07-12 23:37 ~ eli_rooh,
2018-07-12 23:38 ~ shoaeiparisa,
2018-07-12 23:38 ~ baran13704800,
2018-07-12 23:38 ~ _emili_72,
2018-07-12 23:39 ~ sepideh8888sss,
2018-07-12 23:39 ~ mahboube_s79,
2018-07-12 23:40 ~ delaho_sabz,
2018-07-12 23:40 ~ elm7140,
2018-07-12 23:40 ~ shabnam__ghadiri,
2018-07-12 23:41 ~ hosna799,
2018-07-12 23:42 ~ shahrzad.shushtari,
2018-07-12 23:43 ~ jila__abbasi,
2018-07-12 23:43 ~ m.akbari3768,
2018-07-12 23:53 ~ _fati_az_79,
2018-07-12 23:53 ~ vahide.abdollahi2020,
2018-07-12 23:54 ~ yasra8908,
2018-07-12 23:54 ~ ayham_ayham1988,
2018-07-12 23:54 ~ faribaff7985,
2018-07-12 23:56 ~ mahsa_khodatars,
2018-07-12 23:56 ~ safamahram9968,
2018-07-12 23:56 ~ r_e_z_v_a_a_n,
2018-07-12 23:57 ~ fi_rou_zeh,
2018-07-12 23:58 ~ mahdieh_talebiii,
2018-07-12 23:58 ~ alireza55567,
2018-07-13 00:07 ~ o.tehran2595,
2018-07-13 00:07 ~ narsis.macani,
2018-07-13 00:07 ~ najram123,
2018-07-13 00:08 ~ 6631_ma,
2018-07-13 00:11 ~ mahsa30655,
2018-07-13 00:12 ~ saedeh.khaari,
2018-07-13 00:12 ~ zeynab.arghavani,
2018-07-13 00:13 ~ ___mahsa_majidi,
2018-07-13 00:13 ~ mehrimoudi,
2018-07-13 00:25 ~ art_and_creativity5844,
2018-07-13 00:25 ~ miss_f.sadeghi70,
2018-07-13 00:27 ~ farzan002,
2018-07-13 00:27 ~ maryam_nezhad_l,
2018-07-13 00:28 ~ maryam.aram55,
2018-07-13 00:28 ~ hlmnrj3013,
2018-07-13 00:28 ~ hodajaber.7.5,
2018-07-13 00:29 ~ marjan8769,
2018-07-13 00:31 ~ 72_s_t,
2018-07-13 00:31 ~ fatiiiiiiiiiii_jooon,
2018-07-13 00:31 ~ lw_zhr,
2018-07-13 00:43 ~ masiiii17,
2018-07-13 00:44 ~ maryamno434,
2018-07-13 00:44 ~ m_ad1215,
2018-07-13 00:45 ~ saman_zahed,
2018-07-13 00:45 ~ maryam.r4082,
2018-07-13 00:45 ~ betisafatemi,
2018-07-13 00:47 ~ simin_kh1,
2018-07-13 00:47 ~ shahla_6533,
2018-07-13 00:47 ~ mahboob_j,
2018-07-13 00:48 ~ maryam.manavipoor61,
2018-07-13 00:50 ~ meysammusavi71,
2018-07-13 00:50 ~ ribeiro_marta.silva,
2018-07-13 00:50 ~ opticarman,
2018-07-13 00:52 ~ mysmhelali,
2018-07-13 00:52 ~ setarehsamati,
2018-07-13 00:52 ~ anahid13anahid,
2018-07-13 00:53 ~ niloufar___ghoreishi,
2018-07-13 00:53 ~ leila_moghaddam101,
2018-07-13 00:53 ~ kosar.kurd,
2018-07-13 00:54 ~ nafiseseidi,
2018-07-13 00:54 ~ sepide7722,
2018-07-13 01:05 ~ manizhehz44,
2018-07-13 01:05 ~ sinadoagoo,
2018-07-13 01:05 ~ sadyghehsabwryan2017,
2018-07-13 01:06 ~ parva.int2008,
2018-07-13 01:07 ~ baqer.63,
2018-07-13 01:07 ~ talasaziyeganeh,
2018-07-13 01:07 ~ firouzeh_mojtaahed_,
2018-07-13 01:09 ~ n.tanderli,
2018-07-13 01:09 ~ z.ranjbar71,
2018-07-13 01:09 ~ mitraesmaeli,
2018-07-13 01:12 ~ m.zeighamiii,
2018-07-13 01:12 ~ maralpoursmd,
2018-07-13 01:12 ~ massumeahmadi,
2018-07-13 01:13 ~ atenahashemshabnam,
2018-07-13 01:13 ~ mehrnaz_masoumipv,
2018-07-13 01:23 ~ adele_fakhari,
2018-07-13 01:24 ~ atoosaazand,
2018-07-13 01:24 ~ ali.20191,
2018-07-13 01:25 ~ sarah.gh4855,
2018-07-13 01:25 ~ arsalan___kashan__esfandi,
2018-07-13 01:26 ~ marjan____k,
2018-07-13 01:26 ~ lianay1923,
2018-07-13 01:26 ~ naxan84,
2018-07-13 01:27 ~ trafdar.bet,
2018-07-13 01:28 ~ maryam.ebz11,
2018-07-13 01:29 ~ o_sasoli0739,
2018-07-13 01:29 ~ z.abbaszadeh64,
2018-07-13 01:29 ~ maryam.jntprst,
2018-07-13 01:32 ~ majid_nzp,
2018-07-13 01:33 ~ farzane.a88,
2018-07-13 01:33 ~ ghazal_mazraeh,
2018-07-13 01:34 ~ bahareamini9420,
2018-07-13 01:34 ~ negin___ghafari,
2018-07-13 01:35 ~ lili_9251,
2018-07-13 01:35 ~ zohreh.3084,
2018-07-13 01:36 ~ l.khoshpasand,
2018-07-13 01:36 ~ faribaeghbali,
2018-07-13 01:37 ~ pantea1973,
2018-07-13 01:37 ~ abbasisheyda,
2018-07-13 01:37 ~ samiraazarbaijani,
2018-07-13 01:40 ~ zahraz7944,
2018-07-13 01:41 ~ hany_ashrafi,
2018-07-13 01:41 ~ zeynabrahi,
2018-07-13 01:41 ~ g.shojaei,
2018-07-13 01:42 ~ maryamabdolkhani89,
2018-07-13 01:42 ~ siimaa22,
2018-07-13 01:43 ~ haya.2679,
2018-07-13 01:44 ~ marmarsharif,
2018-07-13 01:45 ~ mahboobeh.moayeri,
2018-07-13 01:55 ~ nasim.panahi94,
2018-07-13 01:55 ~ mostafa.tavakoli66,
2018-07-13 01:57 ~ fakherjewellery1,
2018-07-13 01:57 ~ reza700mo,
2018-07-13 01:58 ~ doniamirdamad,
2018-07-13 01:59 ~ nasb_paper,
2018-07-13 01:59 ~ najarzadeh.decor.amol,
2018-07-13 02:00 ~ ___6__8__f__a___,
2018-07-13 02:00 ~ fans_sarabahrami,
2018-07-13 02:00 ~ chdhvecuhfsvhdhfhdhd,
2018-07-13 02:02 ~ mehrnoosh.tavasoli,
2018-07-13 02:03 ~ s_a_n_a_z_b,
2018-07-13 02:03 ~ shaqayeq._.si,
2018-07-13 02:03 ~ nargeshatami90,
2018-07-13 02:04 ~ rezazeinalpour,
2018-07-13 02:04 ~ mantosarakabok,
2018-07-13 02:04 ~ salemimar,
2018-07-13 02:06 ~ fatimaaa_mhz,
2018-07-13 02:15 ~ mina.907,
2018-07-13 02:16 ~ miss_mehraz96,
2018-07-13 02:16 ~ officialfanpagemelweickert,
2018-07-13 02:17 ~ paryabahardel,
2018-07-13 02:17 ~ valiasr_exchange,
2018-07-13 02:17 ~ zarinaz.sarafrazi,
2018-07-13 02:20 ~ ng.336,
2018-07-13 02:20 ~ fae834,
2018-07-13 02:20 ~ marymohii,
2018-07-13 02:21 ~ maziyarbastan,
2018-07-13 02:21 ~ mohadeseh_._b,
2018-07-13 02:21 ~ ich_bin_soraya,
2018-07-13 02:22 ~ nasrin.fatahian,
2018-07-13 02:31 ~ zahrasd44,
2018-07-13 02:31 ~ ssaa8601183,
2018-07-13 02:32 ~ nafasnourbin,
2018-07-13 02:32 ~ farzaneh135024,
2018-07-13 02:32 ~ hadi6_6,
2018-07-13 02:33 ~ forush_like_insta,
2018-07-13 02:33 ~ ghvknjvgghvhjj,
2018-07-13 02:33 ~ hamidagha2325,
2018-07-13 02:36 ~ ms_love__777,
2018-07-13 02:36 ~ z.y6813,
2018-07-13 02:36 ~ arzw5506,
2018-07-13 02:37 ~ 7mamadam,
2018-07-13 02:37 ~ navidashigh,
2018-07-13 02:37 ~ afsanehghandi95,
2018-07-13 02:38 ~ maryam.m8055,
2018-07-13 02:38 ~ behzad.ak68,
2018-07-13 02:38 ~ hassanfallahi,
2018-07-13 02:39 ~ haniyeh.milani,
2018-07-13 02:39 ~ lylzdw,
2018-07-13 02:39 ~ behradbarsam,
2018-07-13 02:43 ~ ellhaamm_szi,
2018-07-13 02:48 ~ maryam_moradi.11,
2018-07-13 02:48 ~ nazi.shirini,
2018-07-13 02:49 ~ f171676gmail.com9569,
2018-07-13 02:50 ~ romisa_7,
2018-07-13 02:50 ~ zahra.de_74,
2018-07-13 02:51 ~ 0giddy0,
2018-07-13 02:52 ~ tina.1397m,
2018-07-13 02:53 ~ 5047.sara,
2018-07-13 02:54 ~ __fatemeh_mohamadi,
2018-07-13 02:55 ~ elnaz.mohammadi1368,
2018-07-13 02:55 ~ shayesteh__khosravi,
2018-07-13 02:55 ~ parla.and.pasha,
2018-07-13 02:56 ~ masomeh.adineh,
2018-07-13 02:57 ~ sarahpv_1235,
2018-07-13 02:58 ~ hypertag41,
2018-07-13 02:58 ~ khaledan68,
2018-07-13 02:59 ~ sami_v_kh,
2018-07-13 02:59 ~ dds.drrashn_drmashatan,
2018-07-13 03:00 ~ zohreh_nazari5656,
2018-07-13 03:00 ~ zahra_nik67,
2018-07-13 03:00 ~ sahar_ardani,
2018-07-13 03:04 ~ layli447,
2018-07-13 03:05 ~ ma.jid8006,
2018-07-13 03:05 ~ _hadis_d,
2018-07-13 03:06 ~ sowshiyant.1391,
2018-07-13 03:06 ~ _fa_farahani,
2018-07-13 03:07 ~ niloofarjavadi.midwife92,
2018-07-13 03:08 ~ mahdiehbabaei,
2018-07-13 03:08 ~ benyamin.shahin_music,
2018-07-13 03:08 ~ shinyvesal,
2018-07-13 03:09 ~ zahra_rajaeiyan77,
2018-07-13 03:09 ~ marzieh_banoo88,
2018-07-13 03:10 ~ f.tag.93,
2018-07-13 03:10 ~ shahla.ahadi52,
2018-07-13 03:10 ~ armin.sh959510,
2018-07-13 03:11 ~ mostafazobeydi_fan,
2018-07-13 03:11 ~ mofoz22,
2018-07-13 03:12 ~ farahnaz.belbasian,
2018-07-13 03:12 ~ _.maria_vl,
2018-07-13 03:13 ~ atesaahmadzadeh,
2018-07-13 03:24 ~ zahrasadg68,
2018-07-13 03:24 ~ drheidary,
2018-07-13 03:25 ~ miss.sofiyaa,
2018-07-13 03:25 ~ maryam_m61m,
2018-07-13 03:25 ~ e.b.m.a.z.i,
2018-07-13 03:26 ~ azade__bhr,
2018-07-13 03:29 ~ maryam16joon,
2018-07-13 03:30 ~ miss_mn97,
2018-07-13 03:30 ~ barana0394,
2018-07-13 03:32 ~ vida.saeidi_,
2018-07-13 03:32 ~ maryam_mirhabibi,
2018-07-13 03:37 ~ fariba_amini_,
2018-07-13 03:38 ~ zararashidiii,
2018-07-13 03:38 ~ matin_mbin,
2018-07-13 03:38 ~ yeganeh5980,
2018-07-13 03:39 ~ atiye1990,
2018-07-13 03:41 ~ atiyeh.1989.s,
2018-07-13 03:42 ~ reyhaneh_9691,
2018-07-13 03:44 ~ e.bosagh,
2018-07-13 03:44 ~ parmida3218,
2018-07-13 03:44 ~ zahra.hassanzadeh1,
2018-07-13 03:45 ~ mahtab_ramezanpour,
2018-07-13 03:45 ~ saherehbayat60,
2018-07-13 03:55 ~ mohsenhasoolpoor,
2018-07-13 03:55 ~ mr.mahzyar.mis,
2018-07-13 03:56 ~ afzali41,
2018-07-13 03:57 ~ shirzad_f.h,
2018-07-13 03:57 ~ masi.b.c.4,
2018-07-13 04:00 ~ nah6705,
2018-07-13 04:00 ~ setifathi,
2018-07-13 04:04 ~ persian_tattoo_amir,
2018-07-13 04:04 ~ saram_kaka,
2018-07-13 04:05 ~ mohsen.safariii8,
2018-07-13 04:05 ~ tannaz_mhs,
2018-07-13 04:06 ~ kia.farzaneh,
2018-07-13 04:06 ~ telteli,
2018-07-13 04:12 ~ farshidmelody,
2018-07-13 04:13 ~ mahdifury0,
2018-07-13 04:13 ~ sevdaa.mehrabi,
2018-07-13 04:13 ~ sh.aziz0077,
2018-07-13 04:14 ~ art.foroogh,
2018-07-13 04:15 ~ azi.kamrani22,
2018-07-13 04:15 ~ mahomahtab.m,
2018-07-13 04:18 ~ zeynab.azadi,
2018-07-13 04:18 ~ behnazzeinali.phibrows,
2018-07-13 04:18 ~ vandadv,
2018-07-13 04:20 ~ elina_hassani1991,
2018-07-13 04:20 ~ shebhe_to,
2018-07-13 04:20 ~ r7435,
2018-07-13 04:21 ~ shah.mordad25,
2018-07-13 04:21 ~ amiralikazemizadeh,
2018-07-13 04:21 ~ naziisaeid90,
2018-07-13 04:23 ~ shahin_jjz,
2018-07-13 04:26 ~ _fateme__kmndi_,
2018-07-13 04:26 ~ hooman.zoghi,
2018-07-13 04:26 ~ athareh1386,
2018-07-13 04:27 ~ nastaranmrj,
2018-07-13 04:31 ~ i.am.kowsar,
2018-07-13 04:31 ~ mehrnaz2616,
2018-07-13 04:32 ~ lida22243,
2018-07-13 04:36 ~ ch.badakhsh,
2018-07-13 04:37 ~ mehrnoosh_enayatollahi,
2018-07-13 04:37 ~ f.1961.f,
2018-07-13 04:37 ~ frhq8000,
2018-07-13 04:38 ~ mostafaazadi615,
2018-07-13 04:39 ~ e_l_i_6_5,
2018-07-13 04:39 ~ saddarsad,
2018-07-13 04:39 ~ sahar_porghasem,
2018-07-13 04:40 ~ vida.256,
2018-07-13 04:47 ~ z_a_h_r_a.gh.69,
2018-07-13 04:47 ~ zahrabaghernia1500,
2018-07-13 04:47 ~ maryam__mahmuodi,
2018-07-13 04:48 ~ parmisa_1359,
2018-07-13 04:49 ~ marzitavakoli1,
2018-07-13 04:50 ~ alizade2260,
2018-07-13 04:50 ~ neshatmoslehi,
2018-07-13 04:50 ~ fatimah720,
2018-07-13 04:53 ~ s.m.amiri2913,
2018-07-13 04:54 ~ aliasgharzaeri,
2018-07-13 04:54 ~ maryam_ts.1375,
2018-07-13 04:54 ~ farzaneh.shahinpour,
2018-07-13 04:55 ~ __.haniix.__,
2018-07-13 04:55 ~ dog.tina,
2018-07-13 04:57 ~ panteashahri,
2018-07-13 04:57 ~ golnaznematii68,
2018-07-13 05:03 ~ mahii2329,
2018-07-13 05:03 ~ amir.m.9232,
2018-07-13 05:03 ~ tabandeh6857,
2018-07-13 05:10 ~ shabnamsadeghpour,
2018-07-13 05:14 ~ fariba_4853,
2018-07-13 05:15 ~ golnaz9531,
2018-07-13 05:15 ~ elena_marzie,
2018-07-13 05:17 ~ sam.rast,
2018-07-13 05:18 ~ kristina_shkoza,
2018-07-13 05:19 ~ jjjjjjjjjoje_ordak,
2018-07-13 05:20 ~ urmia.ali__falow_,
2018-07-13 05:20 ~ m_hasani_pv,
2018-07-13 05:22 ~ soli73ab,
2018-07-13 05:26 ~ rozi.n.v.13711,
2018-07-13 05:28 ~ ideh12465,
2018-07-13 05:28 ~ f_lashgari_60,
2018-07-13 05:28 ~ oriflaim_zibaii,
2018-07-13 05:30 ~ mehrnaz_tavassoli,
2018-07-13 05:31 ~ mohadese.t.33,
2018-07-13 05:32 ~ eli444477,
2018-07-13 05:33 ~ hamidrezamohseni2222222,
2018-07-13 05:33 ~ realdanielsharifi,
2018-07-13 05:33 ~ xniar_,
2018-07-13 05:59 ~ nafas.secret,
2018-07-13 05:59 ~ tayebeh.arz,
2018-07-13 05:59 ~ matymoradi,
2018-07-13 06:05 ~ zeynab.matin,
2018-07-13 06:05 ~ yas.7445,
2018-07-13 06:15 ~ virgo.90.n,
2018-07-13 06:15 ~ shahla.nikk,
2018-07-13 06:15 ~ marya._kh66,
2018-07-13 06:21 ~ masoumeh.soleymani,
2018-07-13 06:21 ~ ramtinoooo1375,
2018-07-13 06:21 ~ iminian94,
2018-07-13 06:22 ~ ellnaawz,
2018-07-13 06:23 ~ abolfazl123456789p2018,
2018-07-13 06:24 ~ fati_ebrahimi1374,
2018-07-13 06:27 ~ hanieh.keshvardoost,
2018-07-13 06:27 ~ miss_sarah7470,
2018-07-13 06:27 ~ m.a.68.56,
2018-07-13 06:30 ~ ramin_bala31,
2018-07-13 06:31 ~ samiiin.780,
2018-07-13 06:31 ~ negin_lionoi,
2018-07-13 06:41 ~ mahbube_gheibollahi,
2018-07-13 06:41 ~ ghazalehborjloo,
2018-07-13 06:42 ~ nargesmasboobi,
2018-07-13 06:44 ~ royaae.shadi,
2018-07-13 06:44 ~ __mostafa__b,
2018-07-13 06:44 ~ vashian_perfume,
2018-07-13 06:45 ~ sarashabani.s.sh4,
2018-07-13 06:59 ~ mojtaba13006,
2018-07-13 07:00 ~ fakhreddinhadavandahmadi,
2018-07-13 07:05 ~ marzi_davoodi69,
2018-07-13 07:18 ~ shahnaz_db,
2018-07-13 07:18 ~ man_o_pesaram_,
2018-07-13 07:23 ~ afsoonesm,
2018-07-13 07:25 ~ z.hoseyni73,
2018-07-13 07:25 ~ robi8802,
2018-07-13 07:25 ~ louve_25,
2018-07-13 07:33 ~ yasi_mv_ir,
2018-07-13 07:34 ~ hanieh772777,
2018-07-13 07:38 ~ shirin_370,
2018-07-13 07:49 ~ fateemeh.montazerii,
2018-07-13 07:49 ~ marjan.321,
2018-07-13 07:51 ~ soomayeh_fakoriiii_75,
2018-07-13 07:54 ~ nell_gallery,
2018-07-13 07:55 ~ mahtabsharifigohar,
2018-07-13 08:08 ~ fs4009,
2018-07-13 08:09 ~ khatere.sh6171,
2018-07-13 08:10 ~ heydari9487,
2018-07-13 08:12 ~ fa.ro,
2018-07-13 08:27 ~ mah.san008,
2018-07-13 08:28 ~ smn____slh,
2018-07-13 08:28 ~ malihesanjarani,
2018-07-13 08:37 ~ eli_khz86,
2018-07-13 08:42 ~ noshinkh2852,
2018-07-13 09:02 ~ zahrarazmi2482,
2018-07-13 09:03 ~ bahare.ashahgi,
2018-07-13 09:04 ~ ariyana862213,
2018-07-13 09:09 ~ solmaz_.ashrafi,
2018-07-13 09:11 ~ sami61966,
2018-07-13 09:11 ~ toranj_99999,
2018-07-13 09:16 ~ shani8003,
2018-07-13 09:19 ~ parisa.zadsh,
2018-07-13 09:24 ~ aidaa.seven,
2018-07-13 09:35 ~ tanafos_7876,
2018-07-13 09:36 ~ eliiij71,
2018-07-13 09:36 ~ maryam_s289,
2018-07-13 09:38 ~ sinaonsory71_,
2018-07-13 10:03 ~ nabaznfos3,
2018-07-13 10:03 ~ masome.khojastegmail.com2,
2018-07-13 10:04 ~ mehrnosharzpeyma,
2018-07-13 10:10 ~ tiva139027,
2018-07-13 10:10 ~ maahsa_moon,
2018-07-13 10:11 ~ maryam.9765,
2018-07-13 10:28 ~ hossein_zendehboudi_8,
2018-07-13 10:30 ~ maryam9189,
2018-07-13 10:31 ~ fatima_amor1991,
2018-07-13 10:32 ~ niloofarmir1390,
2018-07-13 10:37 ~ samar.afsh,
2018-07-13 10:37 ~ legendury1369,
2018-07-13 10:37 ~ arvin_rezaei.94,
2018-07-13 10:38 ~ elhamnezarat,
2018-07-13 10:42 ~ vakil_z,
2018-07-13 10:42 ~ wlljnhthmn,
2018-07-13 10:43 ~ ftm__.ab.__,
2018-07-13 10:51 ~ nekoei_f,
2018-07-13 10:57 ~ fatemeh.v.f76,
2018-07-13 11:01 ~ faranak.m.s8029,
2018-07-13 11:04 ~ m.erfani69,
2018-07-13 11:16 ~ nazi73_official,
2018-07-13 11:17 ~ mahnaz9819443m,
2018-07-13 11:21 ~ hiradl5295,
2018-07-13 11:32 ~ sahar_nj1364,
2018-07-13 11:32 ~ matin09761151,
2018-07-13 11:33 ~ zahra_habibi_2719,
2018-07-13 11:43 ~ vahid_ashouri_12,
2018-07-13 11:48 ~ chonoor_2200,
2018-07-13 11:48 ~ akram_6560,
2018-07-13 12:24 ~ king.sajad17,
2018-07-13 12:30 ~ fatima.zki92,
2018-07-13 12:31 ~ she_y_da,
2018-07-13 12:38 ~ kazhaljezhni6871,
2018-07-13 12:54 ~ fati.99.zari,
2018-07-13 12:54 ~ arezo6409,
2018-07-13 12:54 ~ asal_8956,
2018-07-13 13:03 ~ nail.sadaf6464,
2018-07-13 13:08 ~ needa_org75,
2018-07-13 13:13 ~ mimpoone,
2018-07-13 13:19 ~ atenna22,
2018-07-13 13:22 ~ rezaloooo58,
2018-07-13 13:39 ~ baharerv9335,
2018-07-13 13:45 ~ imaan_takhti,
2018-07-13 13:45 ~ kero.maro.3,
2018-07-13 13:45 ~ ghanari_masi_67,
2018-07-13 13:51 ~ vida.sh1360,
2018-07-13 13:51 ~ mehran_ahmadi1369,
2018-07-13 13:51 ~ matata7384,
2018-07-13 14:03 ~ shaghayegh8820,
2018-07-13 14:05 ~ sepideh.s.m_,
2018-07-13 14:09 ~ chakavak.gh,
2018-07-13 14:26 ~ lina.alkhatib70,
2018-07-13 14:37 ~ roonak_bapirian,
2018-07-13 14:37 ~ hastii_akbarii35,
2018-07-13 14:58 ~ pouya_aren,
2018-07-13 14:58 ~ mohamad.rezayi277,
2018-07-13 20:47 ~ mahnazsaemie63,
2018-07-13 20:47 ~ fahimehshalc,
2018-07-13 20:47 ~ paryabahardel,
2018-07-13 20:48 ~ parisa.zadsh,
2018-07-13 20:48 ~ zahra_mzyn,
2018-07-13 20:49 ~ faranak.m.s8029,
2018-07-13 20:49 ~ afsoonesm,
2018-07-13 20:49 ~ needa_org75,
2018-07-13 20:50 ~ 57_banafshe_ft,
2018-07-13 20:52 ~ setarehsamati,
2018-07-13 20:52 ~ khaledan68,
2018-07-13 20:53 ~ mahtab_ashkezari,
2018-07-13 20:53 ~ __anahita_ghm__,
2018-07-13 20:55 ~ eli_rooh,
2018-07-13 20:56 ~ arefe.rzmara,
2018-07-13 20:56 ~ hiradl5295,
2018-07-13 20:56 ~ shahla_6533,
2018-07-13 20:57 ~ smyhe1360ch,
2018-07-13 20:57 ~ maralpoursmd,
2018-07-13 20:57 ~ serveh_abbasi,
2018-07-13 20:58 ~ masomeh.adineh,
2018-07-13 20:59 ~ sh.aziz0077,
2018-07-13 20:59 ~ rozi.n.v.13711,
2018-07-13 21:00 ~ soli73ab,
2018-07-13 21:03 ~ sa.na1o,
2018-07-13 21:03 ~ ___6__8__f__a___,
2018-07-13 21:03 ~ shinyvesal,
2018-07-13 21:04 ~ f.a.f.a.sad._,
2018-07-13 21:04 ~ mimpoone,
2018-07-13 21:05 ~ elina.bakhtiari,
2018-07-13 21:05 ~ sepideh_2fp,
2018-07-13 21:05 ~ parva.int2008,
2018-07-13 21:06 ~ nc_moghadam95727,
2018-07-13 21:06 ~ hanieh.keshvardoost,
2018-07-13 21:16 ~ maryam.ebz11,
2018-07-13 21:17 ~ minazarrinmoghadam,
2018-07-13 21:17 ~ hsn_negarr11,
2018-07-13 21:18 ~ shabnam__ghadiri,
2018-07-13 21:20 ~ maryamm.mhd,
2018-07-13 21:21 ~ kia.farzaneh,
2018-07-13 21:21 ~ maryam9189,
2018-07-13 21:21 ~ tannaz_mhs,
2018-07-13 21:22 ~ niloufar___ghoreishi,
2018-07-13 21:22 ~ atoosaazand,
2018-07-13 21:23 ~ iminian94,
2018-07-13 21:34 ~ hani.b78,
2018-07-13 21:34 ~ amir.h_sirjan_,
2018-07-13 21:35 ~ atesaahmadzadeh,
2018-07-13 21:35 ~ _.maria_vl,
2018-07-13 21:36 ~ golnaznematii68,
2018-07-13 21:36 ~ mahomahtab.m,
2018-07-13 21:36 ~ eli_khz86,
2018-07-13 21:37 ~ marjaneh13,
2018-07-13 21:37 ~ aydis.amir.ss,
2018-07-13 21:37 ~ m2126101,
2018-07-13 21:38 ~ faribaeghbali,
2018-07-13 21:38 ~ l.khoshpasand,
2018-07-13 21:50 ~ zahra.de_74,
2018-07-13 21:50 ~ sadaf.fa.2,
2018-07-13 21:56 ~ samamansori,
2018-07-13 21:56 ~ br.parvarehms,
2018-07-13 21:57 ~ masi49851,
2018-07-13 21:57 ~ miss_f.sadeghi70,
2018-07-13 21:58 ~ soad.sorkhi7680,
2018-07-13 21:58 ~ manije4808,
2018-07-13 21:58 ~ mari58khanoom,
2018-07-13 22:08 ~ f4temeh5,
2018-07-13 22:08 ~ fatemehbo279,
2018-07-13 22:09 ~ najme.nazgol.4090,
2018-07-13 22:09 ~ r.sheikhi.rose,
2018-07-13 22:09 ~ mr.mahzyar.mis,
2018-07-13 22:10 ~ elham.sanati,
2018-07-13 22:10 ~ interior.inspo.home.decor,
2018-07-13 22:11 ~ hosein_hadavandkhani2702,
2018-07-13 22:11 ~ nastaranro,
2018-07-13 22:13 ~ arzw5506,
2018-07-13 22:14 ~ sepideh8888sss,
2018-07-13 22:14 ~ goli_rajabi6295,
2018-07-13 22:24 ~ ehaghollahi,
2018-07-13 22:24 ~ marymohii,
2018-07-13 22:26 ~ s_a_n_a_z_b,
2018-07-13 22:26 ~ shaqayeq._.si,
2018-07-13 22:27 ~ buket_moda_,
2018-07-13 22:27 ~ gallery_perperak,
2018-07-13 22:29 ~ nasim.panahi94,
2018-07-13 22:29 ~ pantea1973,
2018-07-13 22:30 ~ t_shokri6126,
2018-07-13 22:31 ~ toranj_99999,
2018-07-13 22:31 ~ googoosh2016,
2018-07-13 22:34 ~ fatimah720,
2018-07-13 22:34 ~ neshatmoslehi,
2018-07-13 22:34 ~ behzad.ak68,
2018-07-13 22:35 ~ mahboube_s79,
2018-07-13 22:36 ~ mahtab_ramezanpour,
2018-07-13 22:37 ~ ghazal_mazraeh,
2018-07-13 22:37 ~ soomayeh_fakoriiii_75,
2018-07-13 22:37 ~ mahii2329,
2018-07-13 22:40 ~ yektatehrani00,
2018-07-13 22:41 ~ ribeiro_marta.silva,
2018-07-13 22:41 ~ fa.ro,
2018-07-13 22:41 ~ mahtabsharifigohar,
2018-07-13 22:46 ~ panisa0000,
2018-07-13 22:46 ~ manizhehz44,
2018-07-13 22:46 ~ _hadis_d,
2018-07-13 22:46 ~ maryamrezaei7773,
2018-07-13 22:47 ~ maryam_ts.1375,
2018-07-13 22:52 ~ mina.907,
2018-07-13 22:53 ~ mehrnaz_masoumipv,
2018-07-13 22:54 ~ sahar_ardani,
2018-07-13 22:54 ~ aminsm,
2018-07-13 22:56 ~ atefe_n_,
2018-07-13 22:58 ~ nasrin.fatahian,
2018-07-13 22:58 ~ reyhaneh_9691,
2018-07-13 22:59 ~ fateme9129,
2018-07-13 22:59 ~ fatemehsharifi277,
2018-07-13 22:59 ~ verzhina_gallery,
2018-07-13 23:00 ~ faride.naroui,
2018-07-13 23:00 ~ eshqmangachsaran,
2018-07-13 23:00 ~ asadimaryam6768,
2018-07-13 23:06 ~ _marmar_t,
2018-07-13 23:10 ~ mahdieh_talebiii,
2018-07-13 23:10 ~ zahra.hosseini1993,
2018-07-13 23:11 ~ fatima_amor1991,
2018-07-13 23:12 ~ mahdiehbabaei,
2018-07-13 23:14 ~ fatan.d.603438,
2018-07-13 23:14 ~ baharerv9335,
2018-07-13 23:17 ~ ssbahareh,
2018-07-13 23:18 ~ zeytoonflower,
2018-07-13 23:18 ~ narges2787,
2018-07-13 23:22 ~ sh_golpanar,
2018-07-13 23:22 ~ sami_v_kh,
2018-07-13 23:23 ~ maryamno434,
2018-07-13 23:23 ~ mastane6667,
2018-07-13 23:23 ~ sadaf_amr,
2018-07-13 23:24 ~ ermiya_ostadi,
2018-07-13 23:29 ~ farzane.a88,
2018-07-13 23:30 ~ negin.shadmehr70,
2018-07-13 23:30 ~ faeze.nasr66,
2018-07-13 23:34 ~ elnaz.mohammadi1368,
2018-07-13 23:44 ~ e_akrami,
2018-07-13 23:45 ~ marzitavakoli1,
2018-07-13 23:46 ~ navidashigh,
2018-07-13 23:46 ~ shadijavadzadeh,
2018-07-13 23:51 ~ samaneh.6064,
2018-07-13 23:54 ~ marzieh_mg,
2018-07-13 23:54 ~ pirayesejdehei,
2018-07-13 23:54 ~ minanegaran__ngo,
2018-07-13 23:56 ~ mahekan.azizi,
2018-07-13 23:57 ~ m_ghodsii,
2018-07-13 23:57 ~ mohammadhosein.alizade,
2018-07-14 00:01 ~ dr.farnoosh_farahini,
2018-07-14 00:04 ~ fatimaaa_mhz,
2018-07-14 00:05 ~ nazi.shirini,
2018-07-14 00:05 ~ sana.daeechin,
2018-07-14 00:21 ~ mana.lashgari,
2018-07-14 00:21 ~ w.w.milad___.kian7475,
2018-07-14 00:22 ~ mansoureh.kh2715,
2018-07-14 00:38 ~ mahyaseven7,
2018-07-14 00:39 ~ mina_khamforoush,
2018-07-14 00:39 ~ h_m_a_j_k_a_a,
2018-07-14 01:40 ~ mahboobeh.moayeri,
