2018-07-18 04:49 ~ 6layel_18,
2018-07-18 04:50 ~ q8.omar1,
2018-07-18 04:50 ~ abaadyy_58,
2018-07-18 04:50 ~ talalfalowaidah,
2018-07-18 04:51 ~ nouuramd,
2018-07-18 04:51 ~ jawzaalmallag,
2018-07-18 04:52 ~ _armani_m_,
2018-07-18 04:52 ~ anglee.7,
2018-07-18 04:52 ~ ishoog_ad,
2018-07-18 04:53 ~ farachaap_art_studio,
2018-07-18 04:53 ~ zssharshr,
2018-07-18 05:08 ~ omid19464,
2018-07-18 05:08 ~ samira.60,
2018-07-18 05:09 ~ zohresalehi748,
2018-07-18 05:09 ~ maryamkhazai,
2018-07-18 05:09 ~ yeh_dey_mahi,
2018-07-18 05:10 ~ raman__design,
2018-07-18 05:10 ~ leyla_nikjoo,
2018-07-18 05:11 ~ saeideh._____.p,
2018-07-18 05:11 ~ h.b2882,
2018-07-18 05:11 ~ amirreza.shadan,
2018-07-18 05:12 ~ mahdifarahmandoficial,
2018-07-18 05:12 ~ amin.bagheri1988,
2018-07-18 05:12 ~ abbaschenani66,
2018-07-18 05:13 ~ hamidhing,
2018-07-18 05:13 ~ milad_dogus,
2018-07-18 05:13 ~ mr_tm_mamad,
2018-07-18 05:14 ~ sara7846_,
2018-07-18 05:14 ~ fatmahaljraued_94,
2018-07-18 05:24 ~ dharialjanahi,
2018-07-18 05:24 ~ _mh02o,
2018-07-18 05:24 ~ sh.2909,
2018-07-18 05:25 ~ af811_,
2018-07-18 05:25 ~ taraneh_beauty_haircolor,
2018-07-18 05:25 ~ hojjat_mh89,
2018-07-18 05:26 ~ moaref.ghasem_,
2018-07-18 05:26 ~ amintasofi,
2018-07-18 05:26 ~ hamid.najafi79,
2018-07-18 05:38 ~ masoud_hosseinzade93,
2018-07-18 05:38 ~ ssaradz504,
2018-07-18 05:39 ~ chichak.r,
2018-07-18 05:39 ~ maryam.masumi38,
2018-07-18 05:39 ~ zib243,
2018-07-18 05:40 ~ atc0,
2018-07-18 05:40 ~ vafaei3dacademy,
2018-07-18 05:41 ~ diamond.gold94,
2018-07-18 05:41 ~ miti8685,
2018-07-18 05:41 ~ varaki9434,
2018-07-18 05:42 ~ sahar.molzemi,
2018-07-18 05:42 ~ malih_bd,
2018-07-18 05:42 ~ mabbasi302,
2018-07-18 05:43 ~ marziyeh_e,
2018-07-18 05:43 ~ tm3061,
2018-07-18 05:43 ~ haleaccessories,
2018-07-18 05:44 ~ andia_navazesh,
2018-07-18 05:44 ~ delicakesss,
2018-07-18 05:44 ~ hosnavazifedan,
2018-07-18 05:47 ~ hakhamanesh_silver,
2018-07-18 05:59 ~ _mjr_7443__,
2018-07-18 06:00 ~ hollywood_20001,
2018-07-18 06:00 ~ salda9320,
2018-07-18 06:00 ~ yoones_khalili,
2018-07-18 06:00 ~ fa_ti2889,
2018-07-18 06:01 ~ n_abbasi_online,
2018-07-18 06:01 ~ dn.yl5363,
2018-07-18 06:02 ~ najme.hajizadeh,
2018-07-18 06:02 ~ nobaveh.95ins,
2018-07-18 06:11 ~ fadi.26,
2018-07-18 06:12 ~ _seyedmohammadmosavi66.fan,
2018-07-18 06:12 ~ fati68749100,
2018-07-18 06:12 ~ karimronje,
2018-07-18 06:13 ~ mehr_n6423,
2018-07-18 06:13 ~ setareh_1405,
2018-07-18 06:13 ~ aylin.an93,
2018-07-18 06:14 ~ sl5048,
2018-07-18 06:15 ~ wolfareeen,
2018-07-18 06:15 ~ diin.26,
2018-07-18 06:15 ~ soooopyy,
2018-07-18 06:16 ~ ilena.1420,
2018-07-18 06:16 ~ doosh3920,
2018-07-18 06:16 ~ essa4342,
2018-07-18 06:17 ~ maryam.13679890,
2018-07-18 06:29 ~ simin.moosaali,
2018-07-18 06:30 ~ mehdikarimi519,
2018-07-18 06:30 ~ sadafgold_1,
2018-07-18 06:31 ~ syl_shwq,
2018-07-18 06:31 ~ farh_h2017,
2018-07-18 06:31 ~ g_hailg,
2018-07-18 06:32 ~ sara202sh,
2018-07-18 06:32 ~ memo_2hmad,
2018-07-18 06:33 ~ rneesh95,
2018-07-18 06:35 ~ f6om.zh,
2018-07-18 06:35 ~ meme2001586,
2018-07-18 06:36 ~ waaoooda,
2018-07-18 06:36 ~ f.5971,
2018-07-18 06:36 ~ halyoubi60,
2018-07-18 06:37 ~ royal__611,
2018-07-18 06:37 ~ morvarid_daryai,
2018-07-18 06:48 ~ arman.92847613,
2018-07-18 06:48 ~ sogoli2275,
2018-07-18 06:49 ~ content_marketing_,
2018-07-18 06:49 ~ mm_abanqueen,
2018-07-18 06:50 ~ reza655664,
2018-07-18 06:50 ~ haniii1373,
2018-07-18 06:50 ~ ronika.1361,
2018-07-18 06:51 ~ hatampoor96,
2018-07-18 07:02 ~ mamadd3054,
2018-07-18 07:02 ~ m.ava.95,
2018-07-18 07:03 ~ hajia_lailakuta,
2018-07-18 07:03 ~ tla3a,
2018-07-18 07:03 ~ aprar_mohe,
2018-07-18 07:04 ~ xspp53,
2018-07-18 07:04 ~ i39q,
2018-07-18 07:04 ~ saltbiscuit,
2018-07-18 07:05 ~ gildaalinezhad,
2018-07-18 07:05 ~ minasaboohi5510,
2018-07-18 07:05 ~ rominaashrafi2,
2018-07-18 07:06 ~ t.shirzad.1110,
2018-07-18 07:06 ~ tahereh.gholami.1988,
2018-07-18 07:06 ~ zohre.z1364,
2018-07-18 07:09 ~ setareh358,
2018-07-18 07:10 ~ shivaaaa_mmmmmm,
2018-07-18 07:10 ~ fatemeh.k.66.88,
2018-07-18 07:11 ~ mona_zare_org,
2018-07-18 07:18 ~ niltqz_t,
2018-07-18 07:19 ~ roya.doosti.73,
2018-07-18 07:19 ~ ghoghaa,
2018-07-18 07:19 ~ rahaaa8537,
2018-07-18 07:20 ~ nargessadat.hamdi,
2018-07-18 07:20 ~ xb123123,
2018-07-18 07:20 ~ zhrlrbylhrby,
2018-07-18 07:31 ~ sod.alom333,
2018-07-18 07:31 ~ hoseinahmadi4827,
2018-07-18 07:31 ~ vihan_13961213,
2018-07-18 07:32 ~ fayda.ir,
2018-07-18 07:32 ~ amir_er3,
2018-07-18 07:33 ~ alireza_taheri_ostad,
2018-07-18 07:33 ~ shahrzad_ahmady,
2018-07-18 07:33 ~ kosar.g.asl,
2018-07-18 07:41 ~ samira.feizi99,
2018-07-18 07:41 ~ elham.vdy,
2018-07-18 07:42 ~ amoonaziadah,
2018-07-18 07:42 ~ masoome.rahmandoost,
2018-07-18 07:42 ~ miss.srp,
2018-07-18 07:43 ~ mmg369_,
2018-07-18 07:43 ~ om_wasal,
2018-07-18 07:44 ~ alsalam_news3,
2018-07-18 07:44 ~ noofee_97,
2018-07-18 07:44 ~ shahadsmg,
2018-07-18 07:45 ~ bestrew1212,
2018-07-18 07:45 ~ shoxss_,
2018-07-18 07:56 ~ ii.89a,
2018-07-18 07:56 ~ m_salehi3631,
2018-07-18 07:57 ~ _anita_heidari_,
2018-07-18 07:57 ~ m_y_pv,
2018-07-18 07:57 ~ _00m00_00,
2018-07-18 07:58 ~ mehdi._.shakhes,
2018-07-18 07:58 ~ honar_az_hameja,
2018-07-18 07:59 ~ yasaman43213,
2018-07-18 07:59 ~ dorostkon,
2018-07-18 07:59 ~ abbasmahdilo,
2018-07-18 07:59 ~ __mah_mitra__,
2018-07-18 08:00 ~ iiio_o1,
2018-07-18 08:00 ~ fzhlrqy123456,
2018-07-18 08:00 ~ azize23147,
2018-07-18 08:01 ~ mototourist,
2018-07-18 08:01 ~ _h.ajmi,
2018-07-18 08:02 ~ arooga28,
2018-07-18 08:04 ~ jalaltorkzadeh0830,
2018-07-18 08:04 ~ _khanow,
2018-07-18 08:05 ~ rumman569,
2018-07-18 08:05 ~ sajjad.3180,
2018-07-18 08:05 ~ milad_jewelery,
2018-07-18 08:06 ~ azar.talouni,
2018-07-18 08:06 ~ soleimanii136112,
2018-07-18 08:06 ~ miss.sani72,
2018-07-18 08:07 ~ zhra_mhrzad,
2018-07-18 08:07 ~ spdspd66,
2018-07-18 08:14 ~ m.o.shtarak,
2018-07-18 08:14 ~ sahand.mohamadi.7391,
2018-07-18 08:15 ~ time_everything,
2018-07-18 08:15 ~ ehsanrejebi,
2018-07-18 08:15 ~ sadegheskat2336,
2018-07-18 08:16 ~ monaroohi,
2018-07-18 08:16 ~ yasin_ahmadi_7,
2018-07-18 08:16 ~ siavosh112,
2018-07-18 08:18 ~ waleedaljandal,
2018-07-18 08:18 ~ i.0m8,
2018-07-18 08:18 ~ k.alsarhan,
2018-07-18 08:19 ~ hamidreza_fffff,
2018-07-18 08:19 ~ zahra__rezaei78,
2018-07-18 08:19 ~ tiana1371mmm,
2018-07-18 08:21 ~ ku_33_ut,
2018-07-18 08:21 ~ alshater_cofe22,
2018-07-18 08:21 ~ a_k_albalushi,
2018-07-18 08:22 ~ al.k5ld,
2018-07-18 08:32 ~ meem.alshirawi,
2018-07-18 08:32 ~ m.xn3,
2018-07-18 08:33 ~ nafas.sfd1989,
2018-07-18 08:33 ~ dariush.sarkhani,
2018-07-18 08:33 ~ adad.mahmodi62,
2018-07-18 08:34 ~ z_farnoush,
2018-07-18 08:34 ~ farahnaz_miyandehi,
2018-07-18 08:34 ~ nahal.eshghe.mami,
2018-07-18 08:35 ~ smoo360,
2018-07-18 08:35 ~ noonaalshehri,
2018-07-18 08:35 ~ khadija.hash,
2018-07-18 08:36 ~ soosoo11170,
2018-07-18 08:36 ~ bnan17,
2018-07-18 08:36 ~ al_110_a,
2018-07-18 08:37 ~ sedighe__l,
2018-07-18 08:47 ~ lidaaaa__1390,
2018-07-18 08:47 ~ akramkhosrozadeh2018,
2018-07-18 08:48 ~ ati_hz1,
2018-07-18 08:48 ~ mesi_6801,
2018-07-18 08:48 ~ sepehr1414s,
2018-07-18 08:49 ~ sohrab.azs,
2018-07-18 08:50 ~ atena.mm,
2018-07-18 08:50 ~ mehdirahimi4904,
2018-07-18 09:00 ~ msvv_maryam,
2018-07-18 09:00 ~ alikeshavarzi1378,
2018-07-18 09:01 ~ reyhane__bhn,
2018-07-18 09:01 ~ shivaqarib,
2018-07-18 09:02 ~ mitra.fadakarr,
2018-07-18 09:02 ~ k.faeze9,
2018-07-18 09:02 ~ top_videooo,
2018-07-18 09:03 ~ _boshrarst_,
2018-07-18 09:03 ~ marzieh.akbari.co,
2018-07-18 09:04 ~ eli_babakhan,
2018-07-18 09:04 ~ niloofar_h.m,
2018-07-18 09:05 ~ fereshteh.fbh,
2018-07-18 09:05 ~ ahabrinia,
2018-07-18 09:06 ~ soudi_nazari,
2018-07-18 09:06 ~ nikooirani,
2018-07-18 09:06 ~ hmdd5542,
2018-07-18 09:06 ~ fargol_f,
2018-07-18 09:07 ~ morikhan48,
2018-07-18 09:07 ~ p2p.photos,
2018-07-18 09:08 ~ ass0011,
2018-07-18 09:18 ~ aaddaa13331,
2018-07-18 09:18 ~ r__2,
2018-07-18 09:19 ~ ibrahim3li,
2018-07-18 09:19 ~ al_mawash,
2018-07-18 09:20 ~ aboode_1253,
2018-07-18 09:20 ~ hmoosaadoog,
2018-07-18 09:20 ~ mohamed2233o,
2018-07-18 09:21 ~ n_055515,
2018-07-18 09:21 ~ nourafay,
2018-07-18 09:22 ~ popo37999,
2018-07-18 09:32 ~ vannesaa._.dl,
2018-07-18 09:32 ~ yasi.m.s,
2018-07-18 09:32 ~ _samira.abd,
2018-07-18 09:33 ~ btmahi,
2018-07-18 09:33 ~ rominanobari,
2018-07-18 09:33 ~ 4055zahra,
2018-07-18 09:34 ~ joojooo.5,
2018-07-18 09:34 ~ s.rashedalmamari,
2018-07-18 09:35 ~ mustafa_alyhyaai,
2018-07-18 09:35 ~ mk_77__,
2018-07-18 09:35 ~ fatm1691,
2018-07-18 09:36 ~ m97od,
2018-07-18 09:36 ~ farzad_mardani1,
2018-07-18 09:36 ~ bartrinhaye.aroose.ahvaz,
2018-07-18 09:37 ~ rezayarm_music,
2018-07-18 09:37 ~ hairextension_mari,
2018-07-18 09:37 ~ asad_ghadri,
2018-07-18 09:38 ~ mahdi.mj_2060,
2018-07-18 09:38 ~ apshabnam,
2018-07-18 09:39 ~ gallery.anisa9197,
2018-07-18 09:46 ~ shafie_8165,
2018-07-18 09:47 ~ shakeriraha1355,
2018-07-18 09:47 ~ ch.soraya87,
2018-07-18 09:47 ~ naghshe_mandegar_,
2018-07-18 09:48 ~ badalijat_shik_ziba,
2018-07-18 09:49 ~ marjan_hhhhhh,
2018-07-18 09:49 ~ zarrin_gallery_,
2018-07-18 09:57 ~ megaluxer,
2018-07-18 09:58 ~ marjan.ora,
2018-07-18 09:58 ~ akss__city,
2018-07-18 09:59 ~ eeolaf,
2018-07-18 09:59 ~ 436z,
2018-07-18 10:00 ~ sadeen_soosi,
2018-07-18 10:01 ~ sana_babk54,
2018-07-18 10:01 ~ fz.uc,
2018-07-18 10:02 ~ judy_rhebany,
2018-07-18 10:02 ~ mo.id95,
2018-07-18 10:02 ~ haneen.ra,
2018-07-18 10:03 ~ jenozv,
2018-07-18 10:03 ~ gallery_venus79,
2018-07-18 10:04 ~ gallerydenizz,
2018-07-18 10:04 ~ mahanebrahimi0111,
2018-07-18 10:14 ~ milad.kianpars,
2018-07-18 10:14 ~ 3drsh,
2018-07-18 10:14 ~ nanosilicon.ir1,
2018-07-18 10:15 ~ niloofar_abooie,
2018-07-18 10:15 ~ mobinaa_babaeii,
2018-07-18 10:15 ~ sogand_gooran,
2018-07-18 10:16 ~ mehdiasgi,
2018-07-18 10:16 ~ ___ro__sha___,
2018-07-18 10:16 ~ _._shell_,
2018-07-18 10:25 ~ fatimahamidar,
2018-07-18 10:25 ~ kowsar_na9495,
2018-07-18 10:25 ~ yosof__homayone,
2018-07-18 10:26 ~ mrpackk,
2018-07-18 10:26 ~ nastaran.d_1997,
2018-07-18 10:26 ~ maryam_mhd97,
2018-07-18 10:28 ~ amiirw_hp,
2018-07-18 10:28 ~ alidashti.631,
2018-07-18 10:28 ~ behrooz68rostami_,
2018-07-18 10:29 ~ zibazarjewe,
2018-07-18 10:29 ~ bahar.p86,
2018-07-18 10:30 ~ fatima.moltafet,
2018-07-18 10:30 ~ sa.mira7724,
2018-07-18 10:30 ~ arash.nakhodaei,
2018-07-18 10:31 ~ saeedegrd,
2018-07-18 10:45 ~ ajiadi_2002,
2018-07-18 10:45 ~ 0rahem0,
2018-07-18 10:46 ~ wasaeiif,
2018-07-18 10:46 ~ tief_100,
2018-07-18 10:46 ~ 67ajjj,
2018-07-18 10:47 ~ 0fatima0_,
2018-07-18 10:47 ~ masoodhmi,
2018-07-18 10:47 ~ dimagoldgallery,
2018-07-18 10:48 ~ asal__asil,
2018-07-18 10:48 ~ fateme_m_n,
2018-07-18 10:55 ~ foroozanrstm,
2018-07-18 10:55 ~ aylinalamdari,
2018-07-18 10:56 ~ fauosm,
2018-07-18 10:56 ~ snap.t_s255,
2018-07-18 10:56 ~ uix4__,
2018-07-18 10:57 ~ fhzhdhfd,
2018-07-18 10:57 ~ reham.abdulla.5249,
2018-07-18 10:58 ~ bomt3b93,
2018-07-18 10:58 ~ f.7.0.0.f,
2018-07-18 10:58 ~ respinaaa2004,
2018-07-18 10:59 ~ qsmzdhrqyh,
2018-07-18 10:59 ~ zakki_ansari,
2018-07-18 10:59 ~ masoume.ch70,
2018-07-18 11:00 ~ fatimasafari51,
2018-07-18 11:02 ~ al.iii3268,
2018-07-18 11:11 ~ z.d39,
2018-07-18 11:11 ~ vajihe.janipour,
2018-07-18 11:12 ~ faride3855,
2018-07-18 11:12 ~ mahmodmiss,
2018-07-18 11:12 ~ jlalwani707,
2018-07-18 11:13 ~ __ccccccvvv,
2018-07-18 11:13 ~ wleed_qw,
2018-07-18 11:13 ~ ghazy2017,
2018-07-18 11:14 ~ cxzsf1234gmail.com5056,
2018-07-18 11:14 ~ jj_q7,
2018-07-18 11:14 ~ qarni41,
2018-07-18 11:17 ~ zariinbox,
2018-07-18 11:17 ~ s__aat75,
2018-07-18 11:17 ~ fatemeh.sadat.1992,
2018-07-18 11:18 ~ nazlirassoli1371,
2018-07-18 11:18 ~ arezoo_mobarak,
2018-07-18 11:18 ~ saeide0072,
2018-07-18 11:19 ~ elya40306225,
2018-07-18 11:19 ~ mws.6012,
2018-07-18 11:20 ~ ghasem_hossini,
2018-07-18 11:20 ~ mhmd.9541,
2018-07-18 11:20 ~ jalal1234567i9j,
2018-07-18 11:32 ~ tahirovy,
2018-07-18 11:33 ~ faloo133,
2018-07-18 11:33 ~ sahar_daryaei81,
2018-07-18 11:34 ~ salimeh_p.j,
2018-07-18 11:34 ~ omo_kanem,
2018-07-18 11:35 ~ agazadeh1423,
2018-07-18 11:35 ~ ro.ya3353,
2018-07-18 11:45 ~ merit.1391,
2018-07-18 11:46 ~ ashrafakhondi,
2018-07-18 11:46 ~ maryam67gh,
2018-07-18 11:46 ~ mina_hazrati,
2018-07-18 11:47 ~ sarvenazbanu189,
2018-07-18 11:47 ~ mohammad_44_mat,
2018-07-18 11:47 ~ fariba.kamali26,
2018-07-18 11:48 ~ sakeenafalaknazi,
2018-07-18 11:48 ~ mina.ghasemi.92798,
2018-07-18 12:00 ~ koohsari1378,
2018-07-18 12:00 ~ fatemeh_666_,
2018-07-18 12:01 ~ fatah3209,
2018-07-18 12:01 ~ 96_____fa,
2018-07-18 12:02 ~ 0arj_97,
2018-07-18 12:02 ~ aayy9966,
2018-07-18 12:02 ~ daajm1542,
2018-07-18 12:03 ~ mhmaed_alrhbi,
2018-07-18 12:12 ~ a3trafat_______asu,
2018-07-18 12:12 ~ badawy_noha,
2018-07-18 12:13 ~ a_bb_ee_r,
2018-07-18 12:13 ~ ah.ma3424,
2018-07-18 12:13 ~ ziadeltawil,
2018-07-18 12:13 ~ q_alslole,
2018-07-18 12:14 ~ dollar_gold_24,
2018-07-18 12:14 ~ arianmohajerian,
2018-07-18 12:15 ~ masoud.mirmalek,
2018-07-18 12:15 ~ msd.ez6485,
2018-07-18 12:15 ~ aminidr,
2018-07-18 12:16 ~ reyahimohammad,
2018-07-18 12:16 ~ alimansouri1975,
2018-07-18 12:16 ~ dokhtaraneh.ha,
2018-07-18 12:17 ~ aroos_ziibaa,
2018-07-18 12:17 ~ masome.i,
2018-07-18 12:17 ~ football.khabar,
2018-07-18 12:18 ~ weddingjournal.ldr,
2018-07-18 12:18 ~ elnaz_sharghi,
2018-07-18 12:18 ~ ehsan_jon123456,
2018-07-18 12:19 ~ tala_golrokh,
2018-07-18 12:19 ~ morteza.khaziravi,
2018-07-18 12:19 ~ nemat_ramazani,
2018-07-18 12:20 ~ lynqyhaamyrjsyn,
2018-07-18 12:20 ~ bo_s3yed06,
2018-07-18 12:29 ~ s__y66,
2018-07-18 12:29 ~ kwt_performance,
2018-07-18 12:30 ~ a66rx,
2018-07-18 12:30 ~ alielanezy,
2018-07-18 12:30 ~ yyy9773076,
2018-07-18 12:31 ~ tabel_laser,
2018-07-18 12:31 ~ soma2318,
2018-07-18 12:31 ~ asal_jazan_,
2018-07-18 12:44 ~ wasaif_23,
2018-07-18 12:45 ~ fati663,
2018-07-18 12:45 ~ nardin8177,
2018-07-18 12:46 ~ mahnaz_amiryan,
2018-07-18 12:46 ~ behzad__jt,
2018-07-18 12:46 ~ neda_naeema,
2018-07-18 12:47 ~ seidmahdi77,
2018-07-18 12:47 ~ mobina._.f.t,
2018-07-18 12:47 ~ zar_zar3385,
2018-07-18 12:48 ~ golezahras,
2018-07-18 12:48 ~ meysamsadeghy,
2018-07-18 12:48 ~ mahemaan,
2018-07-18 12:49 ~ ___lmtoe,
2018-07-18 12:49 ~ reza17414,
2018-07-18 12:50 ~ maryam.msv71,
2018-07-18 12:50 ~ maryam1234mf,
2018-07-18 12:50 ~ nasturtium7,
2018-07-18 12:51 ~ assa.laser,
2018-07-18 12:51 ~ mansourkaradi,
2018-07-18 12:52 ~ omalialmajed,
2018-07-18 12:52 ~ jewel1989jewel,
2018-07-18 13:02 ~ zaqplm0000,
2018-07-18 13:02 ~ klmet2018,
2018-07-18 13:02 ~ i6gid_,
2018-07-18 13:03 ~ no00one1,
2018-07-18 13:03 ~ nm.psychologist,
2018-07-18 13:03 ~ nastaranyo,
2018-07-18 13:04 ~ alone_gold,
2018-07-18 13:04 ~ masoomeh__ak,
2018-07-18 13:16 ~ shararehasadiiii,
2018-07-18 13:17 ~ ava86605,
2018-07-18 13:17 ~ ra.av,
2018-07-18 13:17 ~ kettanehnoor,
2018-07-18 13:19 ~ aryam_aziz1221,
2018-07-18 13:19 ~ mohamed__photo,
2018-07-18 13:20 ~ alsh23_,
2018-07-18 13:20 ~ arezo_4999,
2018-07-18 13:20 ~ rahele_roshan61,
2018-07-18 13:21 ~ elahemr1361,
2018-07-18 13:21 ~ samaneh.motavalli.zadeh,
2018-07-18 13:22 ~ e.raha.sh,
2018-07-18 13:22 ~ nazila__ak,
2018-07-18 13:23 ~ mamad.dehdashti294,
2018-07-18 13:23 ~ aram.10782,
2018-07-18 13:23 ~ model.lebas.tala,
2018-07-18 13:35 ~ ocean._of._art,
2018-07-18 13:35 ~ ana_____pv70,
2018-07-18 13:36 ~ jfrylyrda73,
2018-07-18 13:36 ~ brhymly8750,
2018-07-18 13:36 ~ ahmed.1804,
2018-07-18 13:37 ~ mahdifoladi4,
2018-07-18 13:37 ~ nor_ali_soleymani,
2018-07-18 13:38 ~ bny3918,
2018-07-18 13:38 ~ fborhani8174,
2018-07-18 13:38 ~ drmadihi,
2018-07-18 13:39 ~ alexandrite.iranian,
2018-07-18 13:39 ~ merdas_motors,
2018-07-18 13:39 ~ rezatajvidi7723,
2018-07-18 13:40 ~ chooser_world,
2018-07-18 13:40 ~ ali_shiraz__star,
2018-07-18 13:41 ~ dunya._.nader,
2018-07-18 13:41 ~ hadi130011,
2018-07-18 13:51 ~ talajat_khoshkhorami,
2018-07-18 13:52 ~ zxcfun,
2018-07-18 13:52 ~ rahakia94,
2018-07-18 13:52 ~ nfs_yazdani.1396,
2018-07-18 13:54 ~ shivabaygan,
2018-07-18 13:54 ~ hedipes69,
2018-07-18 13:54 ~ moji4623,
2018-07-18 13:55 ~ hadi.impala,
2018-07-18 13:55 ~ summer_clip,
2018-07-18 14:03 ~ nasrollasoltani,
2018-07-18 14:03 ~ hasti.rostaii95,
2018-07-18 14:03 ~ arashvincent,
2018-07-18 14:04 ~ sajadshabani3,
2018-07-18 14:04 ~ azamabbasi7445,
2018-07-18 14:05 ~ abolfazl_noroolahi1380,
2018-07-18 14:05 ~ ll.arashh.ll,
2018-07-18 14:05 ~ pouryash919,
2018-07-18 14:06 ~ nazaniiiii79,
2018-07-18 14:06 ~ lojain_93,
2018-07-18 14:06 ~ o__taif,
2018-07-18 14:07 ~ nou.a5,
2018-07-18 14:08 ~ rozmare97,
2018-07-18 14:08 ~ gitasattari1711,
2018-07-18 14:19 ~ shahrzad9586,
2018-07-18 14:20 ~ hossein.amini.92,
2018-07-18 14:20 ~ dokhtar_e_ariaee_,
2018-07-18 14:21 ~ rajabih4246,
2018-07-18 14:21 ~ krymynrgs69,
2018-07-18 14:22 ~ mahdi_gold_2,
2018-07-18 14:22 ~ yass.mohammad,
2018-07-18 14:22 ~ chalesh_shut,
2018-07-18 14:23 ~ _setare29,
2018-07-18 14:23 ~ eliasadri65,
2018-07-18 14:23 ~ diamond.88__,
2018-07-18 14:35 ~ mahshid_b.kh,
2018-07-18 14:35 ~ hajali525,
2018-07-18 14:36 ~ maryamm7091,
2018-07-18 14:36 ~ tahereh_gilanii,
2018-07-18 14:36 ~ rezaeihamideh,
2018-07-18 14:37 ~ amirabbas_a.d,
2018-07-18 14:37 ~ amir_ashkan_ghiasi,
2018-07-18 14:37 ~ alikoozadmuzicband.kish,
2018-07-18 14:41 ~ nila_na2,
2018-07-18 14:41 ~ bagh.vila.bu,
2018-07-18 14:41 ~ rezaei_parvin,
2018-07-18 14:42 ~ jabe_javaherat,
2018-07-18 14:42 ~ sinanaderpor,
2018-07-18 14:42 ~ mitra_rahaaa,
2018-07-18 14:43 ~ soooma_ah,
2018-07-18 14:55 ~ lofe_od,
2018-07-18 14:55 ~ soso898986,
2018-07-18 14:56 ~ mro55899,
2018-07-18 14:56 ~ amerh_100,
2018-07-18 14:56 ~ wadea11alharbevfgg44,
2018-07-18 14:57 ~ taherehasl,
2018-07-18 14:57 ~ parastar.13671,
2018-07-18 14:57 ~ _isoori_,
2018-07-18 14:58 ~ delman.mamand,
2018-07-18 15:09 ~ bahar88o,
2018-07-18 15:09 ~ tooran.nazari,
2018-07-18 15:09 ~ beauty4eveksa,
2018-07-18 15:10 ~ gal.win8837,
2018-07-18 15:10 ~ ferifasihi,
2018-07-18 15:10 ~ im.saharr,
2018-07-18 15:11 ~ 79p.v,
2018-07-18 15:11 ~ _yegi.sh,
2018-07-18 15:12 ~ narjes_nbk,
2018-07-18 15:22 ~ maryam.mehdizadeh,
2018-07-18 15:22 ~ yegan_66,
2018-07-18 15:23 ~ hajizadehakbar88,
2018-07-18 15:23 ~ trhjr,
2018-07-18 15:23 ~ salashour_z,
2018-07-18 15:24 ~ hoseinyoune30,
2018-07-18 15:24 ~ mansor_vejdani,
2018-07-18 15:25 ~ omaidzaheir,
2018-07-18 15:35 ~ h.o.s.e.i.n.009,
2018-07-18 15:35 ~ omyd7328,
2018-07-18 15:35 ~ ali_hashemi_nayini,
2018-07-18 15:36 ~ bahman2234577,
2018-07-18 15:36 ~ mohammadreza8hayat,
2018-07-18 15:37 ~ alirezak7624,
2018-07-18 15:37 ~ masood.eran,
2018-07-18 15:37 ~ amir.kia00,
2018-07-18 15:50 ~ m_qochi,
2018-07-18 15:50 ~ brhymklntn,
2018-07-18 15:51 ~ abbbaiaia,
2018-07-18 15:51 ~ roaa.fahad1983,
2018-07-18 15:53 ~ mehrdad_fazeli_hmd,
2018-07-18 15:53 ~ ali.stamp,
2018-07-18 15:53 ~ rayomand82,
2018-07-18 15:54 ~ ppjob_,
2018-07-18 15:54 ~ oplgfx.ir,
2018-07-18 15:54 ~ haftkhan_restaurant,
2018-07-18 15:55 ~ f.h.706507,
2018-07-18 15:55 ~ mhn7096,
2018-07-18 15:56 ~ m.b.a4109,
2018-07-18 15:56 ~ volleyball_0631_darabpor,
2018-07-18 16:04 ~ azadeh_om60,
2018-07-18 16:05 ~ mehdimohtadi,
2018-07-18 16:05 ~ miss.b.a.h.a.r.r.r,
2018-07-18 16:06 ~ miss_niloofar1376,
2018-07-18 16:06 ~ dokhi_nazar,
2018-07-18 16:07 ~ mary_452b,
2018-07-18 16:07 ~ rangarang.2016,
2018-07-18 16:08 ~ mojtaba_khayat73,
2018-07-18 16:08 ~ hsynmrdymqdm1346,
2018-07-18 16:17 ~ tala_sefat,
2018-07-18 16:17 ~ reza_._0901,
2018-07-18 16:18 ~ alialkurdy70,
2018-07-18 16:18 ~ omid13136074,
2018-07-18 16:19 ~ 6700sina.m,
2018-07-18 16:19 ~ 2x__fozz,
2018-07-18 16:19 ~ asma97459,
2018-07-18 16:20 ~ abomohsen121,
2018-07-18 16:23 ~ mhtb8454,
2018-07-18 16:24 ~ sh.abnam8282,
2018-07-18 16:24 ~ hosseinkhan795,
2018-07-18 16:25 ~ rmhrjw,
2018-07-18 16:25 ~ siiiii2550,
2018-07-18 16:25 ~ rosha7532,
2018-07-18 16:26 ~ rajabi_razieh,
2018-07-18 16:26 ~ al.ii463,
2018-07-18 16:26 ~ ashpazi.fafa,
2018-07-18 16:27 ~ rubygoldgallery,
2018-07-18 16:27 ~ _daly_,
2018-07-18 16:28 ~ noura_abdulilah,
2018-07-18 16:28 ~ laraalhussan,
2018-07-18 16:29 ~ pinksoul36_,
2018-07-18 16:38 ~ renad._,
2018-07-18 16:38 ~ norah_saud14,
2018-07-18 16:39 ~ thatkid_deem,
2018-07-18 16:39 ~ brygreatah,
2018-07-18 16:39 ~ toddygotti,
2018-07-18 16:40 ~ relativelyasja,
2018-07-18 16:40 ~ jayyshine215,
2018-07-18 16:41 ~ david_blank5,
2018-07-18 16:41 ~ taranom_juju94,
2018-07-18 16:42 ~ miss.kosar_19,
2018-07-18 16:42 ~ elham136813632752,
2018-07-18 16:42 ~ nafaslovelv,
2018-07-18 16:43 ~ mozhi_mahan.heydari,
2018-07-18 16:43 ~ bargh_anjecktor_jokar,
2018-07-18 16:44 ~ cosbeauty.sa,
2018-07-18 16:46 ~ chap.silk.pars,
2018-07-18 16:46 ~ morteza_karbasian,
2018-07-18 16:48 ~ reinamagazine,
2018-07-18 16:48 ~ nadi.h1369,
2018-07-18 16:48 ~ navid_karamiii666,
2018-07-18 16:50 ~ zeinab.nazari.61,
2018-07-18 16:50 ~ 432_678,
2018-07-18 17:01 ~ behina1395,
2018-07-18 17:01 ~ atefe.nasi,
2018-07-18 17:02 ~ talaye_khanoma2,
2018-07-18 17:04 ~ talal_sings,
2018-07-18 17:05 ~ elmoonstone_,
2018-07-18 17:05 ~ kh__x90,
2018-07-18 17:06 ~ ffds4,
2018-07-18 17:06 ~ azizalmater,
2018-07-18 17:06 ~ shouqa78,
2018-07-18 17:07 ~ painting_modern_73,
2018-07-18 17:07 ~ mojgan_soltanii,
2018-07-18 17:17 ~ zahra.ne0213,
2018-07-18 17:18 ~ mahastanikkhesal,
2018-07-18 17:18 ~ eksirjavani,
2018-07-18 17:18 ~ kammozd,
2018-07-18 17:19 ~ pariii_1273,
2018-07-18 17:19 ~ alirezanourollahpour,
2018-07-18 17:20 ~ sai.mozafari,
2018-07-18 17:20 ~ hajer.nzkhs,
2018-07-18 17:21 ~ maysaamohammed11112018,
2018-07-18 17:21 ~ shahla_.13,
2018-07-18 17:22 ~ talahejazi,
2018-07-18 17:22 ~ r_al_1982,
2018-07-18 17:22 ~ jayid_alsahli,
2018-07-18 17:23 ~ ti.a0,
2018-07-18 17:23 ~ talalovesyou,
2018-07-18 17:23 ~ i375,
2018-07-18 17:24 ~ fardin_gh97,
2018-07-18 17:33 ~ mahdiyeh.s.h,
2018-07-18 17:33 ~ abedmaedeh,
2018-07-18 17:34 ~ almas_ira,
2018-07-18 17:34 ~ mahsaaa.alm,
2018-07-18 17:34 ~ maryam.so_,
2018-07-18 17:35 ~ mrsfatimakarimi,
2018-07-18 17:35 ~ r_u_s_h_d_a11,
2018-07-18 17:36 ~ farkhundeh_y_s,
2018-07-18 17:37 ~ dokht.arab.iranzamin,
2018-07-18 17:37 ~ maryam.ap1120,
2018-07-18 17:37 ~ virensoni9782,
2018-07-18 17:45 ~ nt.maryam._.79,
2018-07-18 17:46 ~ shaghayegh_graphy,
2018-07-18 17:46 ~ liliom.mz_70,
2018-07-18 17:46 ~ siyah5822yahoo.co,
2018-07-18 17:47 ~ nastaranpakzad,
2018-07-18 17:47 ~ marzieh_heydari,
2018-07-18 17:48 ~ donzxin,
2018-07-18 17:49 ~ m__48_,
2018-07-18 17:58 ~ hessah_a,
2018-07-18 17:59 ~ nfa987,
2018-07-18 17:59 ~ omadelmohamed,
2018-07-18 18:00 ~ fatima_moussavi,
2018-07-18 18:00 ~ aroose_maloos,
2018-07-18 18:00 ~ dalvacarlos07,
2018-07-18 18:02 ~ me_wrd1,
2018-07-18 18:02 ~ m._.llk,
2018-07-18 18:03 ~ jihan_al_oudah,
2018-07-18 18:03 ~ nqh_20,
2018-07-18 18:03 ~ m.jamal962,
2018-07-18 18:04 ~ 55_mf4,
2018-07-18 18:04 ~ maralnikkhoo,
2018-07-18 18:05 ~ hana22ali105,
2018-07-18 18:05 ~ elnaz74ebrahimi,
2018-07-18 18:13 ~ amonabizahra,
2018-07-18 18:13 ~ galleryzarkadeh,
2018-07-18 18:14 ~ jeyran.noor,
2018-07-18 18:14 ~ ummahdi99_,
2018-07-18 18:15 ~ ez.eu,
2018-07-18 18:15 ~ ziya_sherif,
2018-07-18 18:15 ~ hamid_farjam57,
2018-07-18 18:16 ~ toranj__96,
2018-07-18 18:16 ~ mohsensinister,
2018-07-18 18:16 ~ ferdowspackindustry,
2018-07-18 18:17 ~ chapelhaam,
2018-07-18 18:18 ~ sohei.107,
2018-07-18 18:18 ~ adviejat.ahmad.jalali,
2018-07-18 18:25 ~ jooker_______17,
2018-07-18 18:26 ~ mms9040,
2018-07-18 18:26 ~ amin.kord.24,
2018-07-18 18:26 ~ kiaan.93,
2018-07-18 18:27 ~ yek__fenjan_laghari,
2018-07-18 18:27 ~ kind.shz,
2018-07-18 18:28 ~ poopak_baby_store,
2018-07-18 18:42 ~ zs173157,
2018-07-18 18:42 ~ asaljooono,
2018-07-18 18:43 ~ mohsenneyshabori1360,
2018-07-18 18:43 ~ _mhsa_njzd,
2018-07-18 18:44 ~ fateme.6415,
2018-07-18 18:44 ~ fereshteh.tohid,
2018-07-18 18:44 ~ lotfishaida,
2018-07-18 18:45 ~ monirmosavi8,
2018-07-18 18:45 ~ mohadeseeeeh.m,
2018-07-18 18:46 ~ ahmado1210,
2018-07-18 18:47 ~ mubarakalmutary,
2018-07-18 18:47 ~ fwaz17,
2018-07-18 18:48 ~ amirlokzadah,
2018-07-18 18:49 ~ fatemeh_b_71_,
2018-07-18 18:49 ~ hadis13613579,
2018-07-18 18:49 ~ hana.saffari1374,
2018-07-18 18:50 ~ diasy777,
2018-07-18 18:50 ~ samane13_76,
2018-07-18 18:51 ~ yaldamaloos1,
2018-07-18 18:51 ~ lslm5737q,
2018-07-18 18:51 ~ abdullah.l115,
2018-07-18 18:52 ~ anoonaa33,
2018-07-18 18:52 ~ gramasssal,
2018-07-18 19:01 ~ hussain.ali.naseer,
2018-07-18 19:02 ~ daisy_6699,
2018-07-18 19:02 ~ f_30m,
2018-07-18 19:03 ~ 00sl.1,
2018-07-18 19:03 ~ saudasa,
2018-07-18 19:03 ~ abo_roose15,
2018-07-18 19:04 ~ bader_almanthari11,
2018-07-18 19:04 ~ natt123411,
2018-07-18 19:05 ~ frnz_sh73,
2018-07-18 19:05 ~ mahtab_manesh,
2018-07-18 19:05 ~ mahtab.bakhshandeh445,
2018-07-18 19:06 ~ soosan.samiei,
2018-07-18 19:06 ~ fereshteh_9882,
2018-07-18 19:06 ~ yazdan.mk,
2018-07-18 19:07 ~ bahar88656,
2018-07-18 19:07 ~ nafisayaghobi,
2018-07-18 19:07 ~ sara_8913,
2018-07-18 19:08 ~ shoroughussein,
2018-07-18 19:08 ~ ghasrezarrin.gold,
2018-07-18 19:09 ~ trlwrd859,
2018-07-18 19:09 ~ d.desstiny__,
2018-07-18 19:10 ~ 1lil.bam,
2018-07-18 19:20 ~ savageboy_zeem,
2018-07-18 19:21 ~ farkhondeh5138,
2018-07-18 19:22 ~ mahmoudjamali1358,
2018-07-18 19:22 ~ majid_hosseinii1357,
2018-07-18 19:22 ~ aramisajad,
2018-07-18 19:23 ~ mohamadgift,
2018-07-18 19:23 ~ sobkateb,
2018-07-18 19:24 ~ reem_sa312,
2018-07-18 19:24 ~ b_eero1,
2018-07-18 19:24 ~ shouqalharbi2030,
2018-07-18 19:25 ~ __sheemo_,
2018-07-18 19:25 ~ rima662211,
2018-07-18 19:26 ~ b.safi21,
2018-07-18 19:26 ~ maryam.njti80,
2018-07-18 19:27 ~ m.a.r.s17,
2018-07-18 19:41 ~ faryadsalmak,
2018-07-18 19:42 ~ nazizare1111,
2018-07-18 19:42 ~ kifkafshzarine_raha,
2018-07-18 19:43 ~ farzanehazhand,
2018-07-18 19:44 ~ sweerax__,
2018-07-18 19:44 ~ mrymxz_,
2018-07-18 19:45 ~ ttxj6,
2018-07-18 19:45 ~ mfmutairy_,
2018-07-18 19:46 ~ _3wami_,
2018-07-18 19:46 ~ rah79l,
2018-07-18 19:57 ~ mohammad_hp912,
2018-07-18 19:57 ~ sisi4319,
2018-07-18 19:58 ~ irajbahrami,
2018-07-18 20:01 ~ bella2000bala,
2018-07-18 20:01 ~ laser_noorateb,
2018-07-18 20:01 ~ zieynab.p68128,
2018-07-18 20:02 ~ eli.esmikhani,
2018-07-18 20:02 ~ kor_lor.rashki.s.a,
2018-07-18 20:02 ~ shz2266,
2018-07-18 20:03 ~ said47324463,
2018-07-18 20:03 ~ salade.makhloot,
2018-07-18 20:04 ~ hamid.sam,
2018-07-18 20:06 ~ b30_a,
2018-07-18 20:07 ~ saramogadam3,
2018-07-18 20:07 ~ ghaz1161,
2018-07-18 20:08 ~ azi_yarmohammadi,
2018-07-18 20:08 ~ ziizii.photographer,
2018-07-18 20:08 ~ farzona468,
2018-07-18 20:11 ~ jubiqe3,
2018-07-18 20:11 ~ shirinroshan.photoshoots,
2018-07-18 20:11 ~ signoraleila,
2018-07-18 20:22 ~ rozhin.rabiei,
2018-07-18 20:22 ~ elhamroohii,
2018-07-18 20:22 ~ pareeafsa,
2018-07-18 20:23 ~ snbrim,
2018-07-18 20:23 ~ pedram.chm.p,
2018-07-18 20:23 ~ aty.hj,
2018-07-18 20:24 ~ sheyda_shabanii,
2018-07-18 20:24 ~ mamadreza5031,
2018-07-18 20:24 ~ l.1518,
2018-07-18 20:25 ~ tasneem520,
2018-07-18 20:33 ~ shgawaa18,
2018-07-18 20:34 ~ 3eo0ony,
2018-07-18 20:34 ~ zydbdllhlnzy6,
2018-07-18 20:37 ~ ardeshir877,
2018-07-18 20:37 ~ negar_s1391,
2018-07-18 20:37 ~ mahsa.jaaan.23,
2018-07-18 20:38 ~ fatima.jokar86,
2018-07-18 20:38 ~ maryamobeydi,
2018-07-18 20:38 ~ bjahandar456,
2018-07-18 20:39 ~ _elham_alma_,
2018-07-18 20:39 ~ samin_6472,
2018-07-18 20:39 ~ arezoo_taeb,
2018-07-18 20:40 ~ moeinjokar,
2018-07-18 20:40 ~ mary_shams1377,
2018-07-18 20:49 ~ tooska76_you,
2018-07-18 20:51 ~ mina_std9774,
2018-07-18 20:51 ~ vida_karimi00,
2018-07-18 20:51 ~ paria93739812,
2018-07-18 20:52 ~ rojyar6526,
2018-07-18 20:52 ~ dnyzylh,
2018-07-18 20:53 ~ shadi.mahbobi42,
2018-07-18 20:53 ~ maryam__gozali,
2018-07-18 21:05 ~ abscgddj,
2018-07-18 21:05 ~ mohadeseh.6837,
2018-07-18 21:07 ~ erfani.64,
2018-07-18 21:07 ~ raha_zarei2300,
2018-07-18 21:07 ~ fereshtehofi,
2018-07-18 21:08 ~ masomeh.farshad,
2018-07-18 21:08 ~ zinab_84_91_95,
2018-07-18 21:08 ~ __anisa3444,
2018-07-18 21:09 ~ ma.ry2465,
2018-07-18 21:09 ~ neda_mansourii,
2018-07-18 21:19 ~ sarapishdar20,
2018-07-18 21:20 ~ _zahra_m75,
2018-07-18 21:20 ~ neda_donyavi,
2018-07-18 21:20 ~ parastoo.maghsoudlou,
2018-07-18 21:21 ~ ebi_gold_gallery,
2018-07-18 21:21 ~ happy_elf63,
2018-07-18 21:21 ~ shokoofehghorbani,
2018-07-18 21:22 ~ shivasharifi__,
2018-07-18 21:22 ~ elahe.aghaei.94,
2018-07-18 21:22 ~ tarheniloufari,
2018-07-18 21:23 ~ marjaneh70,
2018-07-18 21:23 ~ arezoouz,
2018-07-18 21:23 ~ laleh.madadi,
2018-07-18 21:33 ~ rman.nabeghe.official,
2018-07-18 21:33 ~ maryam_ebrahimi.pv,
2018-07-18 21:33 ~ roozbeh_esfandiyari,
2018-07-18 21:34 ~ _silentmovies_,
2018-07-18 21:34 ~ rezaamani1397,
2018-07-18 21:34 ~ _ramen.3880,
2018-07-18 21:35 ~ 2.ghazal.kiyan,
2018-07-18 21:35 ~ herbal_noosh,
2018-07-18 21:36 ~ mahdiehakbari547,
2018-07-18 21:36 ~ meli.a.a.s,
2018-07-18 21:36 ~ zahra01928374,
2018-07-18 21:37 ~ mesi808,
2018-07-18 21:37 ~ masomeh__asd,
2018-07-18 21:38 ~ hadiis_hm,
2018-07-18 21:38 ~ fereshtehk96,
2018-07-18 21:38 ~ mahamadhoseynzade,
2018-07-18 21:50 ~ ghanavati805,
2018-07-18 21:54 ~ 67.67sd,
2018-07-18 21:55 ~ asma0_01,
2018-07-18 21:55 ~ 3leenor,
2018-07-18 22:21 ~ ha1988.s,
2018-07-18 22:21 ~ measho44,
2018-07-19 08:13 ~ mmrw2961,
2018-07-19 08:59 ~ entezar78_90,
2018-07-19 08:59 ~ mr.amjadian1985,
2018-07-19 08:59 ~ ar.ef313,
2018-07-19 09:00 ~ nthaldibe00,
2018-07-19 09:08 ~ joodalotaibi1,
2018-07-19 09:16 ~ mahdi2112nnnn,
2018-07-19 09:50 ~ shima.134975,
2018-07-19 09:51 ~ farshid_bavarsad,
2018-07-19 09:57 ~ azadbakhtiyari,
2018-07-19 09:58 ~ nirsan_arya,
2018-07-19 10:05 ~ girls_cl_me_romeo,
2018-07-19 10:05 ~ bano5246,
2018-07-19 10:17 ~ hassan_elahi1,
2018-07-19 10:21 ~ mohammad726050,
2018-07-19 11:09 ~ kaidalkaid,
2018-07-19 11:10 ~ r3i.1,
2018-07-19 11:23 ~ kl7676k,
2018-07-19 11:36 ~ matjr_nht22,
2018-07-19 12:15 ~ maymisho,
2018-07-19 12:15 ~ aboodxkhotmail.com_,
2018-07-19 12:32 ~ ambiguity.designer,
2018-07-19 12:33 ~ go11go_11,
2018-07-19 12:33 ~ almash3el,
2018-07-19 13:15 ~ msb.jdn,
2018-07-19 13:16 ~ toto_1990_,
2018-07-19 13:24 ~ atefeasadi137,
2018-07-19 13:56 ~ yagharibemadina,
2018-07-19 13:56 ~ hadi_h.o_o.sssn,
2018-07-19 13:58 ~ esraasalem92,
2018-07-19 14:33 ~ samire1374,
2018-07-19 23:38 ~ bhfrin.55,
2018-07-19 23:55 ~ shatri_store,
2018-07-19 23:59 ~ ank893,
2018-07-19 23:59 ~ habosh58,
2018-07-20 00:03 ~ fooofy1233,
2018-07-20 00:23 ~ shtoot1398,
2018-07-20 00:29 ~ wafa1239179,
2018-07-20 00:29 ~ dress_moony_,
2018-07-20 00:30 ~ rym6363,
2018-07-20 00:52 ~ dir_,
2018-07-20 01:13 ~ nourlaa,
2018-07-20 01:13 ~ njam_050,
2018-07-20 01:30 ~ rivira_botic,
2018-07-20 02:02 ~ abooodalgzaoe,
2018-07-20 02:27 ~ amrakanaltyby4,
2018-07-20 02:46 ~ zoom.barbershop,
2018-07-20 02:47 ~ dizisoltanie,
2018-07-20 02:56 ~ ehsastota,
2018-07-20 02:56 ~ amii.32,
2018-07-20 03:00 ~ jooj90900,
2018-07-20 03:00 ~ jeddahnightcom,
2018-07-20 03:52 ~ theme.111,
2018-07-20 03:52 ~ eamyy23,
2018-07-20 03:53 ~ amal.6702,
2018-07-20 04:07 ~ mini_sweets99,
2018-07-20 04:41 ~ reemmaa9020,
2018-07-20 04:41 ~ sosotiar,
2018-07-20 04:58 ~ um_sara_just_clean9,
2018-07-20 05:34 ~ shar098sl,
2018-07-20 05:45 ~ blakwith3248,
2018-07-20 05:45 ~ shhbzy9875,
2018-07-20 05:46 ~ ali_oladi_,
2018-07-20 06:24 ~ fnfnfnnd___2927,
2018-07-20 06:50 ~ wa._lr,
2018-07-20 06:50 ~ khalid_al_saidi,
2018-07-20 06:51 ~ king_of_benz,
2018-07-20 06:51 ~ i0.z6,
2018-07-20 06:52 ~ j_1993m,
2018-07-20 06:55 ~ fisal_alhmed,
2018-07-20 06:55 ~ ikjhmnbv786,
2018-07-20 07:00 ~ 9golden8,
2018-07-20 07:21 ~ c5uy,
2018-07-21 00:47 ~ sozok1000,
2018-07-21 00:58 ~ 3yoosh3880,
2018-07-21 01:27 ~ narges_laser_clinic,
2018-07-21 01:27 ~ ss.sss214,
2018-07-21 16:16 ~ rayomh94,
2018-07-21 16:16 ~ _tala_77,
2018-07-21 16:16 ~ tabel_laser,
2018-07-21 16:17 ~ f.5971,
2018-07-21 16:17 ~ royal__611,
2018-07-21 16:17 ~ tasneem520,
2018-07-21 18:04 ~ tla3a,
2018-07-21 18:05 ~ zhrlrbylhrby,
2018-07-21 18:05 ~ kl7676k,
2018-07-21 18:09 ~ ss.sss214,
2018-07-21 18:10 ~ hosseinkhan795,
2018-07-21 18:10 ~ mdh8213,
2018-07-21 18:50 ~ paints_taif,
2018-07-21 18:50 ~ kdy4786,
2018-07-21 18:51 ~ eamyy23,
2018-07-21 19:01 ~ mansooreh_rahnama,
2018-07-21 19:01 ~ farshid_bavarsad,
2018-07-21 19:01 ~ mehrnoosh_13625600,
2018-07-21 19:05 ~ ziadeltawil,
2018-07-21 19:06 ~ moona6622,
2018-07-21 19:06 ~ um_sara_just_clean9,
2018-07-21 19:06 ~ njam_050,
2018-07-21 19:07 ~ rivira_botic,
2018-07-21 19:23 ~ dijichap_,
2018-07-21 19:23 ~ farzane_jam_68,
2018-07-21 19:23 ~ saeed2space,
2018-07-21 19:31 ~ asma0_01,
2018-07-21 19:31 ~ beggastarek,
2018-07-21 19:32 ~ wafa1239179,
2018-07-21 19:44 ~ mywsf6045,
2018-07-21 19:45 ~ ehsastota,
2018-07-21 19:45 ~ amii.32,
2018-07-21 21:23 ~ tabel_laser,
2018-07-21 21:24 ~ v_ip101,
2018-07-21 21:24 ~ omkaledalharbi,
2018-07-21 21:24 ~ wafa1239179,
2018-07-21 21:25 ~ beggastarek,
2018-07-21 21:25 ~ hanin8827,
2018-07-21 23:05 ~ haftkhan_restaurant,
2018-07-21 23:05 ~ mehrdad_fazeli_hmd,
2018-07-21 23:05 ~ ppjob_,
2018-07-21 23:11 ~ waaoooda,
2018-07-21 23:12 ~ rayomh94,
2018-07-21 23:12 ~ asma0_01,
2018-07-21 23:12 ~ dress_moony_,
2018-07-21 23:13 ~ rym6363,
2018-07-21 23:43 ~ halyoubi60,
2018-07-21 23:43 ~ royal__611,
2018-07-21 23:44 ~ tasneem520,
2018-07-21 23:44 ~ shosho.m.s,
2018-07-21 23:44 ~ om_aleen2,
2018-07-22 00:37 ~ aa_105048,
2018-07-22 00:38 ~ looolooo1402,
2018-07-22 00:38 ~ eamyy23,
2018-07-22 02:05 ~ abolfazl_noroolahi1380,
2018-07-22 02:06 ~ saeed2space,
2018-07-22 02:06 ~ stanlazerka,
2018-07-22 02:39 ~ amerh_100,
2018-07-22 02:40 ~ reemmaa9020,
2018-07-22 02:40 ~ almash3el,
2018-07-22 02:42 ~ blakwith3248,
2018-07-22 02:43 ~ rosha7532,
2018-07-22 02:43 ~ mehrnoosh_13625600,
2018-07-22 02:43 ~ bhfrin.55,
2018-07-22 02:44 ~ ss.sss214,
2018-07-22 02:58 ~ taif_dekor,
2018-07-22 02:58 ~ rose.chalet,
2018-07-22 02:58 ~ boutique_roos,
2018-07-22 03:58 ~ tahanyalsulaim,
2018-07-22 03:59 ~ soma2318,
2018-07-22 03:59 ~ meme2001586,
2018-07-22 04:39 ~ mansooreh_rahnama,
2018-07-22 04:39 ~ hosseinkhan795,
2018-07-22 05:07 ~ shopping_taif,
2018-07-22 05:07 ~ f6om.zh,
2018-07-22 05:40 ~ sebastyanmeixger,
2018-07-22 05:41 ~ behbood_kianfar,
2018-07-22 05:41 ~ colour_and_motivation,
2018-07-22 06:34 ~ tla3a,
2018-07-22 06:34 ~ i39q,
2018-07-22 06:34 ~ ez.eu,
2018-07-22 06:43 ~ ziadeltawil,
2018-07-22 06:43 ~ q_alslole,
2018-07-22 06:44 ~ ah.ma3424,
2018-07-22 06:44 ~ shatri_store,
2018-07-22 06:44 ~ latifah_1112914,
2018-07-22 07:41 ~ joodalotaibi1,
2018-07-22 07:41 ~ wasaif_23,
2018-07-22 07:42 ~ 3leenor,
2018-07-22 07:42 ~ almahrom65,
2018-07-22 08:30 ~ lofe_od,
2018-07-22 08:30 ~ measho44,
2018-07-22 09:17 ~ mdh8213,
2018-07-22 09:18 ~ aynaz__1992,
2018-07-22 09:19 ~ nazij2021,
2018-07-22 09:19 ~ ho07q1,
2018-07-22 09:25 ~ sonja.gurmel,
2018-07-22 09:26 ~ azamabbasi7445,
2018-07-22 09:59 ~ shhbzy9875,
2018-07-22 10:08 ~ ar.ef313,
2018-07-22 12:02 ~ mc.zeone,
2018-07-22 12:02 ~ om_wasal,
2018-07-22 12:02 ~ saltbiscuit,
2018-07-22 12:08 ~ zainab__pasha,
2018-07-22 12:09 ~ shroq_moh,
2018-07-22 12:30 ~ pasha_khan2002,
2018-07-22 17:35 ~ omadelmohamed,
2018-07-22 17:35 ~ sasso_99s,
2018-07-22 17:35 ~ ziadeltawil,
2018-07-22 17:36 ~ marwa_tharwat90,
2018-07-22 17:36 ~ ank893,
2018-07-22 18:30 ~ tla3a,
2018-07-22 18:30 ~ c9d_,
2018-07-22 18:31 ~ saltbiscuit,
2018-07-22 19:07 ~ alaleh_joodizadeh,
2018-07-22 19:07 ~ badalijat_shik_ziba,
2018-07-22 19:08 ~ model.lebas.tala,
2018-07-22 20:45 ~ ali.stamp,
2018-07-22 20:46 ~ mehrdad_fazeli_hmd,
2018-07-22 20:46 ~ haftkhan_restaurant,
2018-07-22 20:46 ~ toranj__96,
2018-07-22 21:20 ~ ah.ma3424,
2018-07-22 21:21 ~ ank893,
2018-07-22 21:21 ~ njam_050,
2018-07-22 21:21 ~ almanqour_electronics,
2018-07-22 21:56 ~ saltbiscuit,
2018-07-22 21:56 ~ tla3a,
2018-07-22 21:56 ~ cosmic.tab,
2018-07-22 22:21 ~ faafoooo,
2018-07-22 22:21 ~ go11go_11,
2018-07-22 22:22 ~ llii101li,
2018-07-22 22:22 ~ lofe_od,
2018-07-22 22:22 ~ aboodxkhotmail.com_,
2018-07-22 22:23 ~ ha1988.s,
2018-07-22 22:35 ~ mywsf6045,
2018-07-22 22:35 ~ amerh_100,
2018-07-22 22:36 ~ amii.32,
2018-07-22 22:57 ~ 11__ssk,
2018-07-22 22:57 ~ interiors_in_sa,
2018-07-22 23:32 ~ dress_moony_,
2018-07-22 23:32 ~ beggastarek,
2018-07-22 23:32 ~ asma0_01,
2018-07-23 00:34 ~ mansoormansoor85,
2018-07-23 00:35 ~ ixvu5,
2018-07-23 00:35 ~ njoud910,
2018-07-23 03:14 ~ mmoo____2211,
2018-07-23 03:15 ~ trnym2461,
2018-07-23 04:22 ~ ppjob_,
2018-07-23 04:56 ~ mehrdad_fazeli_hmd,
2018-07-23 04:56 ~ toranj__96,
2018-07-23 04:57 ~ ali.stamp,
2018-07-23 04:57 ~ ppjob_,
2018-07-23 04:57 ~ oplgfx.ir,
2018-07-23 05:06 ~ saeed.sajjad.67,
2018-07-23 05:06 ~ massageer,
2018-07-23 05:06 ~ azamabbasi7445,
2018-07-23 05:19 ~ tabel_laser,
2018-07-23 05:24 ~ amerh_100,
2018-07-23 05:24 ~ amii.32,
2018-07-23 05:25 ~ ehsastota,
2018-07-23 07:23 ~ ziadeltawil,
2018-07-23 07:23 ~ um_sara_just_clean9,
2018-07-23 07:33 ~ moona6622,
2018-07-23 07:50 ~ sccfvv,
2018-07-23 07:50 ~ cosmic.tab,
2018-07-23 07:50 ~ tla3a,
2018-07-23 07:50 ~ bdrcsgna,
2018-07-23 07:51 ~ saltbiscuit,
2018-07-23 08:19 ~ marisa.v.sam,
2018-07-23 08:19 ~ easternengineering,
2018-07-23 08:19 ~ baghe.meysam,
2018-07-23 08:31 ~ meme2001586,
2018-07-23 08:31 ~ waaoooda,
2018-07-23 08:36 ~ mini_sweets99,
2018-07-23 08:36 ~ soso898986,
2018-07-23 08:36 ~ aboodxkhotmail.com_,
2018-07-23 08:37 ~ measho44,
2018-07-23 08:37 ~ maymisho,
2018-07-23 08:37 ~ lofe_od,
2018-07-23 10:33 ~ lolyedrees,
2018-07-23 10:43 ~ q_alslole,
2018-07-23 11:00 ~ lixril,
2018-07-23 11:00 ~ amrym071,
2018-07-23 11:00 ~ mmoo____2211,
2018-07-23 11:01 ~ mtabh96,
2018-07-23 11:01 ~ ra2018d,
2018-07-23 11:20 ~ chapelhaam,
2018-07-23 11:21 ~ tablighat_houra,
2018-07-23 11:29 ~ bookingvilla,
2018-07-23 11:30 ~ drnaghibi_lipomatic,
2018-07-23 11:30 ~ faslerouyesh_camp,
2018-07-23 11:30 ~ s.me_sam,
2018-07-23 11:46 ~ xsuuuf,
2018-07-23 11:46 ~ amtala1402,
2018-07-23 13:51 ~ esraasalem92,
2018-07-23 13:52 ~ yousif.salieh,
2018-07-23 13:52 ~ nfa987,
2018-07-23 14:10 ~ talent_family,
2018-07-23 14:10 ~ trnym2461,
2018-07-23 14:43 ~ sebastyanmeixger,
2018-07-23 14:43 ~ saeed.7661,
2018-07-23 14:44 ~ jackwatchesandsons,
2018-07-23 14:53 ~ f.5971,
2018-07-23 14:53 ~ cherr_me,
2018-07-23 14:54 ~ 3leenor,
