miladazadkhani21,
mina_gm01,
maloscats,
75_mohammad_75_,
yaldadigital,
bazazpoor1998,
shimaaaaa.am,
bahare9862,
ashraf____shakiba,
doa._.95,
vidaabdolalipour,
iman_nasiri_,
alirezarekavandi73,
maryam__ts1997,
fer_feeeriiii,
royaakramian,
masoud.silver.com.1359,
_eli_safakhah,
_.nelisa,
hamidreza.khoramnezhad,
mohsanahmadin9,
sepideh.h.3249,
h_shafiepoor,
helma941234,
m.zeighamiii,
_.ladan.____,
faeze_langarii,
masoodbabaee,
tanzjook,
rokhsare_ramezani,
avina95.k,
_wx_000,
badalijatii,
zhamstudio,
amirmahdi7w,
mmad_o.o,
vejab1385,
ebiiishonam,
m.rezai.68,
abdolreza.shajiei,
amene_ziayi_67,
parnian_bedcover,
riita.lk,
mari_3165,
hamidrezaroozitalab,
monir.ghasemzadeh,
mostafa_zamani1987,
saeidazez,
pooshak_ehsan,
_insta.angel_,
arsam_shafiyi,
marjan67.9.16,
arooseiraniii,
niloofar_mnpo,
iliya7562,
mary.a65,
nora_basati93,
sadegh_torkman,
miss.akbari54,
im_soroush,
slymny8441,
mohamadgordhani,
ali.tizhoush,
zohreee.y,
elhamtavakollllliiii,
fardin_qnvti_11,
hamedaskari022,
sarahpv_1234,
maryzb3643,
mehrjo.a,
maryam.gh.ashpazi,
m.taghiyeh,
hami1593,
reyhani.silver,
nigar_829398,
nadia_ngd,
a.y.d.a___,
masi.1973,
_alhz6782,
f.s.mosavi73,
snor221,
nafiiseh.sn,
glorya8655,
taha_rangamiz80,
amerishahrooz,
sheydahti,
s.hadadfar,
havaloyfi,
http.nwgin,
amirabbas5360,
marziye.pooryavi,
miss_f.sadeghi70,
samarazani,
pona_solo,
mahroz.3333,
parisa.royaei,
forugh1367,
abbas.bashiri_1390,
__silver.stone__,
soma._.m,
h.k___53,
maed_bayati,
hosseinmosaddeghzadeh,
ahmadyusuf4394,
maaariii_sa,
_____amir.gh_____,
mohamadreza_1883,
mehdi_joooon68,
mamaly._.pv,
mattin__d,
parham_yarmohammadi,
arosake__zesht,
sarap437,
nastaran.nabs,
shaqayeq._.si,
__ppp__60,
mohammad_moaref_1380,
mona.mehrara,
abbas_oghba11,
neda_n5253,
hadis.karimi1376,
sadat_6_banoo,
sara_sami89,
_miss_babaeiii_,
shams_charity,
mehdi_morovati_,
mahmudpilbala,
_fatima_trn_,
67.3985,
g_king57,
bright_luminous,
elham_hmir,
laya_zh_,
fereshteh.arshadiyan,
linda.sh1987,
adrin_arsam,
sabashirazi1374,
angoshtarsazii,
__atena__k,
jahanbakhshnonahal,
jhonfabio.ospinalopez,
samannoori5763,
ideapardazan_org,
sarzaminsafar,
neandertal_62,
jodeiriali,
599000____a,
traditionnel__dz,
badalijat.ir,
mnswrhphlwn,
s.a_hoseini,
behtariiiin.miss1,
mahnazrahmani43,
organ_afraz,
haniii3469,
hamraz_ghahramani,
nilou.balou,
mona_s.71,
a_m_b7760,
manije4808,
shaqaieq_e_penhan_,
negar.ziba73,
sog465,
niloofarjavadi.midwife92,
atiye1990,
shawmi_m,
maryamno434,
sima_b.2015,
maha__eslami,
f.a.aref,
hodajaber.7.5,
nanita.sleem,
abbas_gahremani80,
mehrdad0277,
ariobarzan2500,
ndry67,
ali_saeidey,
sajjadnorizade,
fateme_vazife1511,
asieh_ssni,
_javadi_44,
hobot_313,
narges.eideyon,
naserkhoshzadsilver,
zahra__ri21,
nazgol_fr,
soltanpasand25559771,
shahin40302738,
bdy_hy,
hadise.995,
i_love_memari,
saeidkhordbin,
babak_alizadeh_5,
waseghi863,
maryam_nasiri__60,
zahra.hasani_163,
zarinaz.sarafrazi,
vitamin_tours,
khodabandeh_samaneh,
h.shoraka,
mohamadh_pour,
dwd6754,
zeinab.5809,
aida._.da,
micropigment.tatoo.momeni,
mohsen.kaboli2831,
amirhosei.eli,
mrs.ghasemi.t,
saeed.montazero,
arez00ghavidel,
newshazeighami_eli,
zeinab.677,
miss.farhani,
persian.madlipz,
tattoo_arash1,
mostafa.tavakoli66,
nasim.khodamoradi,
yeganeforoghi,
negin.fallah71,
monire_mohamad,
mahak.gh.24_,
forbidenlove91,
shaghayegh8820,
ali_reza_yus,
_mehrana.m,
sabaeshghifan,
antik.silver,
m_o_b_i_n.4549,
marjanjl,
idaw_mh_7881,
alireza_abdeshah014,
zahrababadostt,
masoudzabihi09304015814,
pouladkhansilver,
malihe13266,
marryammirzapour,
mahdi_makoulu,
mahnazmemary,
akbarbayani95,
esfahanian456,
tolydabrysham,
mojgan.1982,
mjsajady20012021,
somaye65d,
leila_mavandadi,
rasoolnatayej,
mahdi_17_r.p,
tanhas606,
marymohii,
mistress_379,
ma.htab2631,
mira.yildiz.2000,
negarin_shop,
azam.firozabad,
n.o.0.s.h.i.n,
minoosh.a,
noghre.dizaji,
vape_land1,
a.r.v.i.n.9.6.9,
esfandiyari4884,
moje_fit_przepisy,
arezozz,
hanieh.m1375,
mohammad_ebrahim_ijbani,
sogol2377,
hometexbag,
enhance.jewelry,
dlkh5532,
niloofar_bakhshayesh_,
mita.35524,
hhgfgvcjbcvbnnmn,
soudarouda23,
mmd_chito,
shimagoudarzi1972,
glmlybrhym,
soltani__ni,
arezola2014,
ava_bahadori_7478,
wwwmgholamian66,
shkhyl8471,
noghre.ghaem,
fariba.saemian,
sadaf.fa.2,
f.a.f.a.sad._,
yac.za,
nasrin0096,
atlon67,
faranakahmadi87,
ssbahareh,
dr.marenaalk,
mitra.khanii,
htahmasbi982,
_dl.maryam_,
mersanamonjzi8,
mahbobeh.eslami,
golzeytoon,
igin.redland,
miss.reihaneh.t,
sahar.b.13675,
mgzonah,
missbaranf,
javad.6087,
fathileylaa,
mhri._.spt,
tab___50,
sara_validokht,
s_est75,
k0l0rz,
del._.aram__,
ghanbari2376,
bboy.ns,
___96632___,
jaber.gh536,
azade__bhr,
farahnaz.ava,
asghar.ebrahimi1598,
hossein_kordii,
noghreeeee1991,
minovol,
coralgoldgallery,
sara_kh1372,
rahim_badavi3961,
fpuryhya,
mansoureh_az,
mahshid16669,
s.saeed.kazemi,
queen_hellish_1702,
fatemeh_1371f,
ati.k.b,
_.niloufar.__b,
mojtaba13006,
s__zahra,
nazduneeeee,
faribaff7985,
zohrehtajyk,
sajad.nozari_2190,
hamidreza.azarmehr,
ali_norbakhsh6419,
parting_shop,
khaledan68,
alb_silver,
abdollahi_elahe,
farangissadeghibabaahmadi,
raha.9022,
mohamad_hosein_mohebi,
meysam223304,
salekframe,
honarsaazco,
ranholding,
m.nourmahamadi,
sediqi9396,
atosa.tarazi,
parsa_bozorg,
2reza.2nargsiannn1,
melika_kh2486,
gallery_noghre_payam,
zahra_mousavi__75,
baran___taheri76,
sahar_rh66,
needa_org75,
gwhww,
alireza63217,
hamidentezarii,
k.shaghayegh,
shayan92_93,
mehrdadcarpet,
ali663626,
taha90596384,
tarh14a,
saharfallah84,
taakalhandicrafts,
hoseinansari469ya,
ashkan_1300,
malihe.r2315,
miladtajeri__,
mahan.haghparast,
hasanashkoftyh,
avaaaa8539,
eli.l.m,
gham_h,
___asabiyam___,
asgari_shaghayegh,
kamand_pishro,
mohamadrezaghp,
marjanmozaffarian,
nima.torabi66,
farzan.farzaneh.b,
alireza_00787,
sonia_m77,
miad9315,
maryam.dadfar61,
masiiii17,
sami_v_kh,
yaldamaloos1,
mahboobh65,
a.heydari1022,
sama2.arts,
maryam__mahmuodi,
f.manouchehri,
marya._kh66,
reza_zardak8,
mmss9604,
maedeh.mozafari79,
kafpooshchoobi.asannasb,
mohsen.danbaran,
i5_iztok,
maryam.h2778,
_a._.mh_,
minazmoradi8806,
narjsraid,
maryamhosseini8660,
akilliev,
mahmonir2914,
___6__8__f__a___,
nenwnnnnn,
dr.farnoosh_farahini,
arezu9301,
sogand_8864,
shohreh.shahrokni,
zalammzimboo,
f_.mohammadii,
farah.o8544,
eskandarihooman,
elham.h_n,
crystal.janesari,
selda_gp,
hosein.hasani1475,
mardani_samiraa5083,
javad.af1,
masud.iran.omid0481,
nazila.ashgi,
gallery_angoshtar.aghigh,
azam_24151,
abozar.ky,
sarah.jf,
behzad.tafteh,
_mohads73,
poker.starbet,
azam_abbaszade1,
pooyanpooya.twins,
mmmsss.m.r.n_italy,
_fatemeh.k_m_z,
hapootoo_nana,
hanieh.keshvardoost,
kajalenikbazo,
antiquegallery.ag,
noghre_malile_naghshine,
bizhaniali7300,
morteza_sarbazi8190,
faezehyavari1994,
am.ir4692,
hadis_71_hadis,
_morvaridabdolalizadeh_,
shahrzad.khoshbakh,
faezeh_beigzadeh,
alirezailyat,
fatemeh.b.akashe,
atiye3654,
yasaman170488,
marjan.mirabadi,
roz2939,
shabnam_maz_,
monarayati,
ghamar.gh53,
lilgroom_,
elham_hmir,
elham.adhami88,
shirin_mozafari70,
maryam.ebz11,
mohammad426000,
af.1360,
faranak.5.5,
abba_gallery,
niloo_sh_13704758,
naz._.afarin,
raheleh2340,
nm.bhnm,
ssaa13601623,
72_s_t,
arzw5506,
arezo.ep1370,
m74ohaddese,
taranehhh2296,
s.t5430,
azarm_gha,
somayeh_hadampoor,
f_baghian,
arezu9301,
saye_rafieyan,
dr.farnoosh_farahini,
lesaaani,
kingcrystal.ir,
maryam.afshar8824,
tolydabrysham,
free_65,
darkmind1369,
shaqayeq.mmtl,
donyasts,
masiiii17,
ritaj137272,
she_y_da,
f__asadollahi_49,
samin.afkhami,
_zahraa_1989,
farzane_bani,
lachinbaharvand,
soheila__gholizadeh,
alifatahiiii,
mahladindar33,
hamid_mohamadiann,
ramiiiss,
fatemeh__1371__,
taminsts,
ani____barati,
noghre.jelveh,
behzad.ak68,
hani__miri,
nasrinmahmoodi6017,
nastaran8919,
saba_furniture,
saaraaniya,
zahra_mzyn,
matinteb_skincare,
k1.kamrava,
meysam.rostamzadeh,
hoomaan_zandieh,
saeideh_hosseini11,
asmaa_badr251998,
mahbubb_ma69,
m.amiri5482,
farzaneh__sj,
azarmahdavii,
reyhane2917,
2reza.2nargsiannn1,
mehri_jaberian,
agahi_kerman,
_nazanin.goodarzi_,
mahnazzahedi63,
krunalvaniya44,
maryamno434,
dl.zhd,
roonak_bapirian,
marjan18432,
ehaghollahi,
miss.taherzade,
amirhosseinsoheili_original,
babak_silver,
er._.3,
sinsin10005,
boloosh14,
rezamirmoradi1,
reza.soltani.94,
nasimalon66,
viyanaamanda,
frzdsl,
aliebrahim6420,
nima_layagat,
mojtabaemadi67,
fahimehshalc,
nima.sanuei64,
_am.manafy,
7090shkhn,
nargeshatami90,
iranscalp_narges_alipour,
kuhsar_6157,
mahbube_golesorkh,
atoosa_bagheri68,
sorayya4479,
marzieabbaci,
banoo_taji34,
lotfitermeh,
sepidea.h,
jazbe_moshtari,
shelinco,
azam_9069,
neda_art_2040,
ghazanfari._.behnaz,
niloo_am88,
paryabahardel,
maysamtaghavi,
maryam_ramezani83,
maryamkokabi94,
maralpoursmd,
00elay00,
sh001168,
mitra.m.saber,
wdaddodo41,
sanaz_ahangar,
negin.jalilyan75,
cube3535,
zahraifar,
se7ensolarium,
f_a_r_z_a_n_e_h_1992,
mohammad.zakeri.gargari,
luxurybyharakh,
shaghayegh_1849,
bazargani_valizadeh,
turkdelgado,
marziyeh7717,
razieh.baharvand93,
fatemehbo279,
salemimar,
amireza_elahi,
baharehb65,
ali.n.0mrani,
smyhe1360ch,
shahla_6533,
mahbobe2647,
atenabalooch,
eli_rooh,
nayerehhaji,
saeed_sii,
atesaahmadzadeh,
rose_beauty12z,
arezouak31,
abtinsd,
mr_ali.eb,
alistok120,
pgqq1,
ailin_galery,
elhamvalizadeh,
maryamjbr8017,
zahra.mohammadnezh,
ariaa7575,
mehdi62gmail.c,
balloonland.teh,
parisazoghi1200,
oranuos___65,
nazzi.7474,
fatimeh_sajade,
rohangiz.1364,
mahootshop.ir,
amirali_051n,
sasan_136,
rahamoghadam1995,
mousio_showana,
niloufar___ghoreishi,
mahi_sol_pv,
amir_ooop_00,
tanhadisslove,
elham.sh94,
nilootabrizi98,
faranak.m.s8029,
mooniireh8672,
saeede.rahimpoor,
mehrnoosh.tavasoli,
manizhehmohamadi5622,
turkey_silver,
gosfandonline,
maryam5246,
kouroshkiyarash84,
marjanrohan,
delinoghreh,
marjan67.9.16,
mozhghanalipor,
goli_rajabi6295,
setare.mm7845,
000swan,
mahsa_fr_1999,
romana_rubat,
maryamsamanazari,
fateme_hatamy,
sima.solimany4444,
nazi.66.i,
zeinab8352,
zariporakbari,
divar_jiroft,
baharerv9335,
fatan.d.603438,
norsa7497,
hasan_arjmandii,
mojtaba_nazari_i,
hamidreza49m,
forozan.m.n,
jvdsalari,
ahadjafari_yaghin,
hazbavi2405,
naderkamyab,
zahramosaed424,
layali.layali54,
art_yasamin,
salamatzohre4,
negin.shadmehr70,
sadatmahdavi3421,
rasheen.kh,
aloen1377,
niloofar_zare_2001,
alireza55567,
llmeloodyll,
radin.baran1394,
shahamatishima,
gharenamak.restaurant,
d0rna_gh,
sam.tabloo,
moraveji.h,
mohammad.asadi4446317,
behzad_aidi,
mahdiebrahimi233,
15bnen,
leva__fashion,
maryam_nail_shiraz,
narges662777,
nogre_farrokhi_tabriz,
soroor_64,
rasouliarchitect,
hipata_pv,
f._.fateme._.f,
massomealishiri,
parisa._.hrv,
fatemeh.moh1381,
zari8286,
1390.armita,
shahrzad.khoshbakh,
saeide_khandar,
marzi_davoodi69,
missniloofar___,
vida_al20,
fz_____foroogh,
moatafazada1979,
parimj6258,
mitram902,
arsalan_mousavi1379,
sadaf_amr,
sandali_rak_kalachoobi,
farivarsalon,
mahsa1191370,
cedraschi.rodrigo,
maryam_zafarii,
zahra___jooony,
motahare_1246,
delzade20,
mahla_mr00,
maryam__mahmuodi,
elinaz7743,
azita.tahvildari,
sn_shr7981,
akram.shirkhani,
samamansori,
arezoo_13663,
hatefiakbar,
mahtabsharifigohar,
faribaghavam,
vihan_chip_industry,
fa.ro,
haniyeh.arjang,
azshiremorq_tajooneadamizad,
sahar_nz1,
mona_s.71,
ebon_crow,
najmeharad,
saeid_yazdani68,
molok_talebzadeh,
zahra.hosseini1993,
asghar13626222018,
fati__1372_a,
yaser.beigii,
yasin_asoudeh,
shahinranjbar42,
_pari._.p.a_,
aht_seyed,
forget_never_,
zohre___m71,
amirhosseinabbasi_1380,
m.roshan1991,
nshns563,
gham_h,
arefe.rzmara,
mozhgan__st,
fariba_kazime_oriflem_khoy,
nahid_bh1365,
hiradl5295,
saralina8274,
mohammad_baledii,
romina79khaleghi,
aliii__sai1234,
aida__wx,
atoosaazand,
le___ila,
mahsaaa.az70,
fatemeh.delkhosh,
vida.saeidi_,
marziye.najafpour6,
m.razaghi92,
n______parsa,
nazaninn1591,
maee_gne,
katy.j.61,
ma7sen77,
zahraimani1362,
piumi_amy,
shiva_miir,
f2m__n__,
zahra.hassanzadeh1,
shahin45hoseini,
masoud_erfani_2012,
art.mozaffary,
nafisehabforosh,
e.r_3666,
italsilver_gallery,
javad___arab,
riya.m9531,
somayeh1359pazooki,
minazarrinmoghadam,
ronak.m.1369,
reza.dizaji,
miss_parya800,
tannaz_mhs,
mooh35ad,
mahdiaz6,
mehran.tizer,
ayyyda1168,
roya.rose12,
sami_v_kh,
afshar9325,
anamanriquez9,
royalgps.ir,
lysgrhsyn.z,
mo.slem7822,
afshin.karimi1385,
elham2700,
faezeh.kz,
serveh_abbasi,
kha_0110,
mahnaz9819443m,
pona_solo,
arashkhosravi9960,
queen.neda2017,
elnazclick,
marjan67.9.16,
sepideh8888sss,
el.ham403,
royamakvandi2,
nazaninn9092,
ayli1269,
marzieabbaci,
romana_rubat,
halanhandmaker,
sahar_tattoo_kerman,
mehran__paroon,
zahraifar,
balloonland.teh,
ariaa7575,
_atii.m_,
shabmi8993,
nasii.hhhh,
faeze.nasr66,
miss.esteghlal00,
negin.shadmehr70,
maryam1938,
z.aaaaa68,
baranrad68,
nikansns,
ssssssssiiiiisi,
_zahraa_1989,
faranakahmadi87,
ddroj,
iman_nasiri_,
mohamad.gh_74,
_.swpehr,
medo__xv,
hedayati_abbas,
chaharbaghche,
anasahami_art,
rvn_pouladkhan,
imansaeed_art,
leila__k__,
hosna.63,
nasrin453757,
tanazsam5927,
akramc4522017,
mh.rn2877,
firoze.m.d,
ahmadreza.kbl,
fa.ro,
rohangiz834,
cedraschi.rodrigo,
hori_mahmodi_v,
shirin_sh.f,
free_65,
bozorgmehr_n,
maryam.khajeh_nazari,
mahbobe.fatehi,
mahboube_s79,
hsn_negarr11,
baran.h316,
shole34t,
salemimar,
maryamno434,
nadianaghibi_,
mehrnaz_tavassoli,
fati.p1818,
negararazpour,
amipoifa,
sherafatnejad,
atre_cake,
mah.bano5,
e_akrami,
hanihoseynalipour,
silverstoreistanbul,
matrisjewelry,
shidashahram,
kourosh_alibeigi1986,
gholam_baghoyi,
lzmly6105,
mamad.a.saaaa,
___6__8__f__a___,
zohreh_mohammadimoein,
hamedseven56,
mahin.z1344,
haniyeh.milani,
mohammadabbasi_org,
r_hashemi74,
asan_pakhsh_teh,
r_momtaz,
farnazvanaki,
hossein_jamei_,
afri.ff1,
narjes_7151,
yeganeh5980,
nasssim.storm,
_azizabduqodirova,
kyokushinkwf.ardabil,
br.parvarehms,
lbyky7391,
rana.alimohamadi92,
trendyfacom,
s.danesh5751,
fatiii_tak_1990,
athareh1386,
kab466,
nafis.sh_6992,
shiva_miir,
parisa.mazar,
mezon.sayeh80,
parmin7846,
talapoosh.mezon,
rostami.amirhosein,
taekwondo4kids,
javidferoozi,
behnazimanzade,
mojtaba_firoozian,
farhadna6,
sogowl_khosravi,
mojman66mm,
morteza_ataai,
karaj.bet,
maryamkhoshgele3,
bahar.samavati69,
elham_masoudi1371,
maryam_13sh,
mojasmekadens,
mahbubb_ma69,
baarf.handcraft,
nrgs_pm,
mehrasa_.asadi,
maralpoursmd,
zahra.j997,
nazila_ssp,
fr.pishva,
fatemeh_a74a,
miss_f.sadeghi70,
manije4808,
fatemehbo279,
dnyz3628,
t.s.p____,
zeynabrahi,
masomisaleh,
__zoleikha,
sepideh_2fp,
milad.moradi.1991,
chakavak.gh,
xabir_too,
salah_nz2001yahoo.com2672,
parisa.zadsh,
paryabahardel,
sva._.2002,
roshanak.8.2.rl,
hamed.r7693,
rihanna.zandi,
hedpixel,
sara.kh.rr1066,
khordadleather,
mina.907,
sadaf_amr,
hodajaber.7.5,
toptangallery,
hosna4330,
ha_fa_ta_he,
njm.56,
abe11205,
minoo_sadrr,
ati.k.f,
honarmandanvideo_,
nasrin_benvan,
rozita_beryani,
oxide.shirt,
gham_h,
elegance_gallerie,
ash.shirrazm,
shafiqpooya,
taimazwood,
safamarzie,
mykhadem,
en.rasouli,
arex_ketab,
rasouli__a,
maryam.khodakarami97,
zahraaaaa448,
katayounbaradar,
zahraqh5156_,
kosar_h87,
armina_flower,
_.inchebroon._,
ssaa13601623,
khatere6458,
apple.sfive,
sarpil1119,
maryamm_motamedi,
fahimehshalc,
taniya.govahi,
adele_fakhari,
amirhossein_zamani22,
ameneh.137026,
nazi.shirini,
afsanehghandi95,
atefe.j.h,
mandegar_silver,
mona._.654,
sory.lash02,
ahoo_996,
elmira_fredun,
setarehhhh76,
shaqayeq._.si,
dr.farnoosh_farahini,
_axine,
sepahwand0,
reza_1627,
mehranamehrniya,
maryams1335,
maryam.ebz11,
hanieh.keshvardoost,
p.fatima66,
toranjhandmade,
rh_plus_marjan,
lili._.1388,
doorna.ev,
melika_rahimi12,
fati._.abbasi,
mahinbm,
f.h.f1395,
zahra.moazeni8,
anisa_nooor,
mehrnoosh.tavasoli,
iman.0348,
mansoreh_nj,
daneshmand_z,
yaser.sabagh,
khwrw6580,
aram69fatima,
sahar_ardani,
rahele.gh1378,
samira_samira69,
zahra_mzyn,
ghazaaleh.hj,
hadiss.motavalli,
poyan_11738,
mokammal51,
mahnaz.jegarian,
adele_hayati,
fereshco,
najvayemoshaver,
sina_alone4868,
mahtab_ashkezari,
__anahita_ghm__,
nasim.panahi94,
niloofarjebely,
sh.aziz0077,
louve_25,
azarm_gha,
nkargarfard,
nilofars6456,
atoosaazand,
zahra13691028,
shokoofeh9117,
zahra.hosseini1993,
leylaaaaa1021,
arasteh_moazamii_,
sheibani_0508,
farnazhalimi,
tonysilver840,
miabambaofficial,
nazilaafrodit,
h_ho3einpourm,
eli_rooh,
fahimeh1686,
e_m.r_6760,
zahra.3027,
soroor_64,
_fred_sh,
farshad.xare,
elnazzarei2538,
maryamgoly013,
elham.h.s.1395,
bhcc96,
sogandv06,
navalpirzad,
madani.elahe,
sahar.afjeh,
lalisistany,
arefe.rzmara,
badalijat.vanda,
mahsan.kml,
fatimakhanom_1212,
saideh.n1369,
maryam_dadvar1977,
radin009,
marjan.ostovan,
celine__fallah,
zane_shikpoosh,
alie_falahati997,
sanam_galavi,
serveh_abbasi,
vetro.co,
nurshahram7,
f.tag.93,
mahsa_khodatars,
samane.pmp,
royanajiby612,
letahamedi1,
omid_safari_69,
qadir.alipour912,
g.o.l.i_f.t.m009470,
milad.zagrosi,
farahnazsharifi.di,
saeedghasemi7032,
irandezfulll,
pedram628ak,
viyanaamanda,
sahargolshan67,
pegah_zi,
maryam5246,
m.javid3460,
fatan.d.603438,
s.javadi_azar1,
arzw5506,
delaho_sabz,
mahro.sdi,
rozi.n.v.13711,
sabaii_7918,
takhtenardbaza,
yazndaraghmeh,
moslem91m,
mojmam166,
mina_khosravi94,
elham.archt,
setarhe.mi,
mezone_faraneh,
sepide4513,
r7435,
sami_v_kh,
parisa.royaei,
kianzar.gold2015,
bahar___1372,
banooyeseyed,
mahsa_amini56,
masoumeh_aminranjbar48,
tannaz_mhs,
simin_yk,
fatimah720,
azadeh_mardani,
mrs_rzyi.f,
mahsa_74771,
talaforosh.ir,
hamed_radane,
hab.mosavi,
arc_miladabdi,
ndyglhdry,
homakhodarahmi,
tab_leila,
armin_shahrokhi_,
raminmokhtare,
alireza_a.r.a.b,
mohsen.hassaniha,
love1372sh,
farid_pirani,
sara.pournasirisarap,
mohamadhasanva,
alifaalghayoumi,
s.vash_hz,
mahboub.azar,
andiya_kamali,
arezoo1994n,
shaghayegh8820,
n.amini329,
zeynab.pourmosayeb,
mehrabi63,
m_o_b_i_n.4549,
mohamadjafary1070,
mohaed73,
edris_s.n,
mohammad_hossain_9134,
elnaz.hatami.1373,
o.h10.96.5,
zipoolin,
marjan_shahin_120,
mr_hashemi.1999,
shopping_and_enjoying_life,
roonak_bapirian,
sobhn.jadavi,
z_hra_8868,
sara_sltni2001,
sinashn10007,
azadehgodini18,
denizyari,
like__forosh,
sori6189,
niloofarjavadi.midwife92,
somayeh4356,
afsaneh__.__71,
nazanin.golab,
honarkade_azita,
amirhosein7799,
chelcheshmeh_esf,
masoume.jabbari,
persiantiques,
fateme.heidari.820,
sh.taheriyan,
neginvakilzadeh,
gharehdaghi1340,
ftm.shayan,
mahta983,
amir.h_sirjan_,
parvinshirzad55,
amir_abbasi.125,
maryamm.mhd,
ala.mofidi,
mobin96ahmadi,
im_soroush,
hmdaqkhwsh,
smyhe1360ch,
saeedeh51,
zahra.razeqi0507,
leilamolaie,
z.hosseini.1986,
marimah66,
_ronaz_gh,
mythmmyrshkhly,
sahel.rahimi.88,
zahra.de_74,
zahra.ebrahimi49,
rahmani_1391,
safa.mbk,
mitra1312,
mahdi_m4812,
khaledan68,
renwar.baran,
mo3lem_a.b,
narmin.kamarann,
sharareh_azordeh,
__atena__bjb,
malakjonob,
parandoosh.n,
parla.and.pasha,
eli_khz86,
sim_alizade,
yaghmaeiiman,
samira.yp67,
amozeshgah.gisoo,
minoo______ab,
mahnazsaemie63,
tahere_pooladkhan,
persian.forex,
mohadese_pv_77,
mahya.128,
shishi8081,
pantea1973,
mziaye6944,
maassii3895,
donyayesheida,
m_ghodsii,
jinousfv,
masiiii17,
chobsho,
ali_ghavibonyeh,
buyuk_jahan,
marjan18432,
sh_hashemi1351yahoo.com_,
dj_milad_gavi,
khatereh71868,
k_a_fati,
ashraf____hosseini,
azi_azi2020,
majidhtf,
yasib61,
yasaman_d_z_h,
rahman_bnd_ss,
kristina_shkoza,
shiva.kazemi4260,
mahya.veisi83,
parva.int2008,
fatima.3838,
abbasisheyda,
tina.1397m,
jeunesi,
dizainere121,
taraneh_lida,
sami.eve.1990,
hamidsaeedi93,
zahra._lovestory,
mahdieh_talebiii,
farhad_z48,
berlin_po,
yalda_bpz,
maryamyaaaaa5678,
naderadavi,
honarkade_jazini,
omidetebary,
mehrnaz_masoumipv,
abbasi.com9838,
mojgan_hoseiny,
marymohii,
joryjory.456,
f.a.f.a.sad._,
sanaz_haghir,
ahoo2368,
ali511423,
1367.4.19,
sarzamine.sabz62,
fariba_shoa,
samin_radbeh,
m.a.68.56,
elahe._hajizade,
arsin851,
s_a_r_a_g_o_li,
peyman89891,
shadi.roshaniyan,
maryam.ghanbarnejad61,
angelj8021,
mastanabad_sorayya,
nahid.ranjbaar,
s_a_n_a_z_b,
namdari_arezoo,
narsis.macani,
shinyvesal,
fans_sarabahrami,
marzieh_banoo88,
mahboob_j,
massumeahmadi,
simin_kh1,
shabnamsadeghpour,
silver_of_majid,
shahla.ahadi52,
behzad.ak68,
alizade2260,
katy.j.61,
morvarid_store,
mobina.khadivar,
maryam.m8055,
neshatmoslehi,
m.akbari3768,
jila__abbasi,
iran_osteen.89,
najmeh_nematzadeh,
f171676gmail.com9569,
zohreh_nazari5656,
maryam_m61m,
fateme_shabany_._,
sargol9470,
mostafa.tavakoli66,
safamahram9968,
samiraazarbaijani,
elm7140,
maryam.manavipoor61,
hosna799,
valiasr_exchange,
shahla_6533,
zhr_mhd0,
nargeshatami90,
majids967,
badankhobaaa,
cclz.foot3,
homa.afshar59,
zviewcctv,
hassanfallahi,
mohammad.ba.021,
paria.prg,
mehdi.mo6348,
mani_mm_1381,
miss__m06,
soomayeh_fakoriiii_75,
manijeh.farhangzade,
haniyehosseynifar,
yas.136800,
maryamseyed4,
ghasemii.i,
miss.narges.banoo,
mahdydashty,
studio_arvan,
sahar.naftchi0918,
faegheh_68gl,
elmirarrabiee,
benyamin11222,
elina.bakhtiari,
sh.ahrzad9,
mozhdeh_333,
rondbit,
foiladva,
hosseinkarimi2026,
ensafi13407,
maryam9189,
e_l_i_6_5,
fi_rou_zeh,
fereshtehhe,
lovely.m1991,
alexianebijoux,
pouya_aren,
fantasy_madak,
ezalamiri783,
mortza.hj,
amirhey345678,
firmgirll,
ghzal6873,
asalasalak5,
amirten13,
parmisa_1359,
shamimkabiri,
kazhaljezhni6871,
mahomahtab.m,
golnaznematii68,
atiii.a,
_marmar_t,
marzieh171773,
gumuslightingorginal_,
_talachian,
masuod_javadi,
maryam_safaeii,
_maryam.___.ranjbar_,
asansor2,
mehran.alireza4,
masi.fw145,
abolfazl_naghash_hoseini,
sarahejaziyan,
romeysa_hamze,
shabnam__ghadiri,
e.ch27,
sheida1200,
design_artin92,
sara_5301,
moza1676,
zahrafeizollahi,
ehaghollahi,
soheylamohammadii,
tanhas606,
maryamjanjani17,
samiraafsar71,
mofoz235,
neda.khanooom,
sohi_061,
mohammad_sadeqi77,
jamshid.4444,
vida.saeidi_,
maryam_mirhabibi,
_.maria_vl,
ali_nj13,
hani.b78,
09389016042_,
toktammousaviii,
golnazhormoozi137,
75.9813,
v_by_q,
tarazpmoradi,
egy7egy,
soltan_saqqz,
health__shoop,
maryamhan62,
tofan_za_gh,
mojtabasolhju,
mmm503718,
ma_ryam2775,
maryam24643,
reyhane3.20,
negin_ax00,
maryami.60h,
samira_e_136661,
salemi000,
fatemeh.b.akashe,
soli73ab,
keykavosi.t,
olgun_elvan,
ssssshssjhhgcf,
mahtabbsara,
rajabi.parisa68,
banoo.golmohamadi,
atiye1990,
banoo_daryaie,
iseut60,
sadaf.fa.2,
samiiraseifi,
ramaak__69,
javadzaneganeh4,
siavash.58,
paiezeh_mollazadeh,
amir.h_sirjan_,
hani.b78,
minazarrinmoghadam,
mahnazmemary,
nilofarazimi_n,
fatemeh____1356,
l.haji_ali_gol,
shirin_2702,
hossin_mansouri,
tayyebe.1360,
smyhe1360ch,
zahra.hosseini1993,
f.s.mosavi73,
fatemeh.kavoshi1,
sanaziii19876195,
mahi_goli7,
maede_rdj,
respinaaa2004,
gh.ma4466,
dokhirajabi,
e_akrami,
top_videooo,
aida._.da,
navid_pn8898,
fatan.d.603438,
maryam5246,
maryamm.mhd,
__anahita_ghm__,
serveh_abbasi,
zahra_chrdy75,
iran_osteen.89,
dr.farnoosh_farahini,
fahimehshalc,
negin.shadmehr70,
hamedseven56,
rahagoli1395,
gissoo8198,
zohreahrabi20,
asvo7416,
eastnegin_box,
elham_masoudi1371,
mezone_faraneh,
zahra_mzyn,
nim.872,
romana_rubat,
mohammad_._ab,
fatemehbo279,
sahar2990,
m_ghodsii,
sima.moghaddam45,
m.davarian,
maryam.afshar8824,
mahnazsaemie63,
im_soroush,
silver_of_majid,
shabmi8993,
_marmar_t,
mahya.veisi83,
adine_6365,
parsan.gold,
__________ahmadreza___,
marjan67.9.16,
btkhani,
zahraifar,
elina.bakhtiari,
sahar.bakeshloo1370,
f.a.f.a.sad._,
faezeh.kz,
najmeh_nematzadeh,
zibaaa.z1374,
zahra_satari89,
mahdieh_yousefi,
fyrwzh7847,
soudeh1362,
laya_gafarzadeh,
aeiman157867,
nbahrami22,
mahdiye_nailartist,
amir_hairan,
hasti.z2779,
sajadnewface5,
monaditejaratkara,
nasrin6687,
hadise.m30,
127s0496131,
soroor_64,
nourbaghdad,
sharareh1344,
anthuriom_,
iman_nasiri_,
saminasayed72,
tahereh2400,
donyayesheida,
hsn_negarr11,
nasssim.storm,
marjan18432,
ehaghollahi,
18elham_,
hiva_mhmdi,
bnko88yf,
somayeh._.h,
mhmdmhmdy9340,
zhr_mhd0,
manije4808,
somayeh.mosavian,
mahboob_ah_199,
onecitystar,
fatmamahmoud011,
gham_h,
arefe.rzmara,
eli_rooh,
shoaeiparisa,
baran13704800,
_emili_72,
sepideh8888sss,
mahboube_s79,
delaho_sabz,
elm7140,
shabnam__ghadiri,
hosna799,
shahrzad.shushtari,
jila__abbasi,
m.akbari3768,
_fati_az_79,
vahide.abdollahi2020,
yasra8908,
ayham_ayham1988,
faribaff7985,
mahsa_khodatars,
safamahram9968,
r_e_z_v_a_a_n,
fi_rou_zeh,
mahdieh_talebiii,
alireza55567,
o.tehran2595,
narsis.macani,
najram123,
6631_ma,
mahsa30655,
saedeh.khaari,
zeynab.arghavani,
___mahsa_majidi,
mehrimoudi,
art_and_creativity5844,
miss_f.sadeghi70,
farzan002,
maryam_nezhad_l,
maryam.aram55,
hlmnrj3013,
hodajaber.7.5,
marjan8769,
72_s_t,
fatiiiiiiiiiii_jooon,
lw_zhr,
masiiii17,
maryamno434,
m_ad1215,
saman_zahed,
maryam.r4082,
betisafatemi,
simin_kh1,
shahla_6533,
mahboob_j,
maryam.manavipoor61,
meysammusavi71,
ribeiro_marta.silva,
opticarman,
mysmhelali,
setarehsamati,
anahid13anahid,
niloufar___ghoreishi,
leila_moghaddam101,
kosar.kurd,
nafiseseidi,
sepide7722,
manizhehz44,
sinadoagoo,
sadyghehsabwryan2017,
parva.int2008,
baqer.63,
talasaziyeganeh,
firouzeh_mojtaahed_,
n.tanderli,
z.ranjbar71,
mitraesmaeli,
m.zeighamiii,
maralpoursmd,
massumeahmadi,
atenahashemshabnam,
mehrnaz_masoumipv,
adele_fakhari,
atoosaazand,
ali.20191,
sarah.gh4855,
arsalan___kashan__esfandi,
marjan____k,
lianay1923,
naxan84,
trafdar.bet,
maryam.ebz11,
o_sasoli0739,
z.abbaszadeh64,
maryam.jntprst,
majid_nzp,
farzane.a88,
ghazal_mazraeh,
bahareamini9420,
negin___ghafari,
lili_9251,
zohreh.3084,
l.khoshpasand,
faribaeghbali,
pantea1973,
abbasisheyda,
samiraazarbaijani,
zahraz7944,
hany_ashrafi,
zeynabrahi,
g.shojaei,
maryamabdolkhani89,
siimaa22,
haya.2679,
marmarsharif,
mahboobeh.moayeri,
nasim.panahi94,
mostafa.tavakoli66,
fakherjewellery1,
reza700mo,
doniamirdamad,
nasb_paper,
najarzadeh.decor.amol,
___6__8__f__a___,
fans_sarabahrami,
chdhvecuhfsvhdhfhdhd,
mehrnoosh.tavasoli,
s_a_n_a_z_b,
shaqayeq._.si,
nargeshatami90,
rezazeinalpour,
mantosarakabok,
salemimar,
fatimaaa_mhz,
mina.907,
miss_mehraz96,
officialfanpagemelweickert,
paryabahardel,
valiasr_exchange,
zarinaz.sarafrazi,
ng.336,
fae834,
marymohii,
maziyarbastan,
mohadeseh_._b,
ich_bin_soraya,
nasrin.fatahian,
zahrasd44,
ssaa8601183,
nafasnourbin,
farzaneh135024,
hadi6_6,
forush_like_insta,
ghvknjvgghvhjj,
hamidagha2325,
ms_love__777,
z.y6813,
arzw5506,
7mamadam,
navidashigh,
afsanehghandi95,
maryam.m8055,
behzad.ak68,
hassanfallahi,
haniyeh.milani,
lylzdw,
behradbarsam,
ellhaamm_szi,
maryam_moradi.11,
nazi.shirini,
f171676gmail.com9569,
romisa_7,
zahra.de_74,
0giddy0,
tina.1397m,
5047.sara,
__fatemeh_mohamadi,
elnaz.mohammadi1368,
shayesteh__khosravi,
parla.and.pasha,
masomeh.adineh,
sarahpv_1235,
hypertag41,
khaledan68,
sami_v_kh,
dds.drrashn_drmashatan,
zohreh_nazari5656,
zahra_nik67,
sahar_ardani,
layli447,
ma.jid8006,
_hadis_d,
sowshiyant.1391,
_fa_farahani,
niloofarjavadi.midwife92,
mahdiehbabaei,
benyamin.shahin_music,
shinyvesal,
zahra_rajaeiyan77,
marzieh_banoo88,
f.tag.93,
shahla.ahadi52,
armin.sh959510,
mostafazobeydi_fan,
mofoz22,
farahnaz.belbasian,
_.maria_vl,
atesaahmadzadeh,
zahrasadg68,
drheidary,
miss.sofiyaa,
maryam_m61m,
e.b.m.a.z.i,
azade__bhr,
maryam16joon,
miss_mn97,
barana0394,
vida.saeidi_,
maryam_mirhabibi,
fariba_amini_,
zararashidiii,
matin_mbin,
yeganeh5980,
atiye1990,
atiyeh.1989.s,
reyhaneh_9691,
e.bosagh,
parmida3218,
zahra.hassanzadeh1,
mahtab_ramezanpour,
saherehbayat60,
mohsenhasoolpoor,
mr.mahzyar.mis,
afzali41,
shirzad_f.h,
masi.b.c.4,
nah6705,
setifathi,
persian_tattoo_amir,
saram_kaka,
mohsen.safariii8,
tannaz_mhs,
kia.farzaneh,
telteli,
farshidmelody,
mahdifury0,
sevdaa.mehrabi,
sh.aziz0077,
art.foroogh,
azi.kamrani22,
mahomahtab.m,
zeynab.azadi,
behnazzeinali.phibrows,
vandadv,
elina_hassani1991,
shebhe_to,
r7435,
shah.mordad25,
amiralikazemizadeh,
naziisaeid90,
shahin_jjz,
_fateme__kmndi_,
hooman.zoghi,
athareh1386,
nastaranmrj,
i.am.kowsar,
mehrnaz2616,
lida22243,
ch.badakhsh,
mehrnoosh_enayatollahi,
f.1961.f,
frhq8000,
mostafaazadi615,
e_l_i_6_5,
saddarsad,
sahar_porghasem,
vida.256,
z_a_h_r_a.gh.69,
zahrabaghernia1500,
maryam__mahmuodi,
parmisa_1359,
marzitavakoli1,
alizade2260,
neshatmoslehi,
fatimah720,
s.m.amiri2913,
aliasgharzaeri,
maryam_ts.1375,
farzaneh.shahinpour,
__.haniix.__,
dog.tina,
panteashahri,
golnaznematii68,
mahii2329,
amir.m.9232,
tabandeh6857,
shabnamsadeghpour,
fariba_4853,
golnaz9531,
elena_marzie,
sam.rast,
kristina_shkoza,
jjjjjjjjjoje_ordak,
urmia.ali__falow_,
m_hasani_pv,
soli73ab,
rozi.n.v.13711,
ideh12465,
f_lashgari_60,
oriflaim_zibaii,
mehrnaz_tavassoli,
mohadese.t.33,
eli444477,
hamidrezamohseni2222222,
realdanielsharifi,
xniar_,
nafas.secret,
tayebeh.arz,
matymoradi,
zeynab.matin,
yas.7445,
virgo.90.n,
shahla.nikk,
marya._kh66,
masoumeh.soleymani,
ramtinoooo1375,
iminian94,
ellnaawz,
abolfazl123456789p2018,
fati_ebrahimi1374,
hanieh.keshvardoost,
miss_sarah7470,
m.a.68.56,
ramin_bala31,
samiiin.780,
negin_lionoi,
mahbube_gheibollahi,
ghazalehborjloo,
nargesmasboobi,
royaae.shadi,
__mostafa__b,
vashian_perfume,
sarashabani.s.sh4,
mojtaba13006,
fakhreddinhadavandahmadi,
marzi_davoodi69,
shahnaz_db,
man_o_pesaram_,
afsoonesm,
z.hoseyni73,
robi8802,
louve_25,
yasi_mv_ir,
hanieh772777,
shirin_370,
fateemeh.montazerii,
marjan.321,
soomayeh_fakoriiii_75,
nell_gallery,
mahtabsharifigohar,
fs4009,
khatere.sh6171,
heydari9487,
fa.ro,
mah.san008,
smn____slh,
malihesanjarani,
eli_khz86,
noshinkh2852,
zahrarazmi2482,
bahare.ashahgi,
ariyana862213,
solmaz_.ashrafi,
sami61966,
toranj_99999,
shani8003,
parisa.zadsh,
aidaa.seven,
tanafos_7876,
eliiij71,
maryam_s289,
sinaonsory71_,
nabaznfos3,
masome.khojastegmail.com2,
mehrnosharzpeyma,
tiva139027,
maahsa_moon,
maryam.9765,
hossein_zendehboudi_8,
maryam9189,
fatima_amor1991,
niloofarmir1390,
samar.afsh,
legendury1369,
arvin_rezaei.94,
elhamnezarat,
vakil_z,
wlljnhthmn,
ftm__.ab.__,
nekoei_f,
fatemeh.v.f76,
faranak.m.s8029,
m.erfani69,
nazi73_official,
mahnaz9819443m,
hiradl5295,
sahar_nj1364,
matin09761151,
zahra_habibi_2719,
vahid_ashouri_12,
chonoor_2200,
akram_6560,
king.sajad17,
fatima.zki92,
she_y_da,
kazhaljezhni6871,
fati.99.zari,
arezo6409,
asal_8956,
nail.sadaf6464,
needa_org75,
mimpoone,
atenna22,
rezaloooo58,
baharerv9335,
imaan_takhti,
kero.maro.3,
ghanari_masi_67,
vida.sh1360,
mehran_ahmadi1369,
matata7384,
shaghayegh8820,
sepideh.s.m_,
chakavak.gh,
lina.alkhatib70,
roonak_bapirian,
hastii_akbarii35,
pouya_aren,
mohamad.rezayi277,
mahnazsaemie63,
fahimehshalc,
paryabahardel,
parisa.zadsh,
zahra_mzyn,
faranak.m.s8029,
afsoonesm,
needa_org75,
57_banafshe_ft,
setarehsamati,
khaledan68,
mahtab_ashkezari,
__anahita_ghm__,
eli_rooh,
arefe.rzmara,
hiradl5295,
shahla_6533,
smyhe1360ch,
maralpoursmd,
serveh_abbasi,
masomeh.adineh,
sh.aziz0077,
rozi.n.v.13711,
soli73ab,
sa.na1o,
___6__8__f__a___,
shinyvesal,
f.a.f.a.sad._,
mimpoone,
elina.bakhtiari,
sepideh_2fp,
parva.int2008,
nc_moghadam95727,
hanieh.keshvardoost,
maryam.ebz11,
minazarrinmoghadam,
hsn_negarr11,
shabnam__ghadiri,
maryamm.mhd,
kia.farzaneh,
maryam9189,
tannaz_mhs,
niloufar___ghoreishi,
atoosaazand,
iminian94,
hani.b78,
amir.h_sirjan_,
atesaahmadzadeh,
_.maria_vl,
golnaznematii68,
mahomahtab.m,
eli_khz86,
marjaneh13,
aydis.amir.ss,
m2126101,
faribaeghbali,
l.khoshpasand,
zahra.de_74,
sadaf.fa.2,
samamansori,
br.parvarehms,
masi49851,
miss_f.sadeghi70,
soad.sorkhi7680,
manije4808,
mari58khanoom,
f4temeh5,
fatemehbo279,
najme.nazgol.4090,
r.sheikhi.rose,
mr.mahzyar.mis,
elham.sanati,
interior.inspo.home.decor,
hosein_hadavandkhani2702,
nastaranro,
arzw5506,
sepideh8888sss,
goli_rajabi6295,
ehaghollahi,
marymohii,
s_a_n_a_z_b,
shaqayeq._.si,
buket_moda_,
gallery_perperak,
nasim.panahi94,
pantea1973,
t_shokri6126,
toranj_99999,
googoosh2016,
fatimah720,
neshatmoslehi,
behzad.ak68,
mahboube_s79,
mahtab_ramezanpour,
ghazal_mazraeh,
soomayeh_fakoriiii_75,
mahii2329,
yektatehrani00,
ribeiro_marta.silva,
fa.ro,
mahtabsharifigohar,
panisa0000,
manizhehz44,
_hadis_d,
maryamrezaei7773,
maryam_ts.1375,
mina.907,
mehrnaz_masoumipv,
sahar_ardani,
aminsm,
atefe_n_,
nasrin.fatahian,
reyhaneh_9691,
fateme9129,
fatemehsharifi277,
verzhina_gallery,
faride.naroui,
eshqmangachsaran,
asadimaryam6768,
_marmar_t,
mahdieh_talebiii,
zahra.hosseini1993,
fatima_amor1991,
mahdiehbabaei,
fatan.d.603438,
baharerv9335,
ssbahareh,
zeytoonflower,
narges2787,
sh_golpanar,
sami_v_kh,
maryamno434,
mastane6667,
sadaf_amr,
ermiya_ostadi,
farzane.a88,
negin.shadmehr70,
faeze.nasr66,
elnaz.mohammadi1368,
e_akrami,
marzitavakoli1,
navidashigh,
shadijavadzadeh,
samaneh.6064,
marzieh_mg,
pirayesejdehei,
minanegaran__ngo,
mahekan.azizi,
m_ghodsii,
mohammadhosein.alizade,
dr.farnoosh_farahini,
fatimaaa_mhz,
nazi.shirini,
sana.daeechin,
mana.lashgari,
w.w.milad___.kian7475,
mansoureh.kh2715,
mahyaseven7,
mina_khamforoush,
h_m_a_j_k_a_a,
mahboobeh.moayeri,
afsoonesm,
somaeh_7373,
shaqayeq._.si,
s_a_n_a_z_b,
maralpoursmd,
sahar_ardani,
smyhe1360ch,
_spidm,
samane_kharian,
sepide_m447,
mona.khalaji73,
seifiroya,
mozhgan4557,
fatemeh_zandi77,
miss_matinaaa_,
3r_designer,
__anahita_ghm__,
negin.shadmehr70,
fahimehshalc,
dr.farnoosh_farahini,
parisa.zadsh,
paryabahardel,
hamideha1361,
maryamno434,
nar3962,
nazit08,
ebrahimi.zahra1353,
zahra._.eskandari_,
shirinie_madar,
sadaf____zgr,
sarinkoorosh,
mari_sam62,
m.borhani62,
soleymani.arezu,
zahra.p78,
yasamanbagherzadeh,
maryam_tarane,
mariannerfan,
caconqwa.ttw,
simin_arf,
shadi.dm,
_____sh.f,
atoosaazand,
maryam9189,
malihenikdad,
l.yaselyani,
mansoureh110293,
nargessss1376,
khaledan68,
kia.farzaneh,
tannaz_mhs,
niloufar___ghoreishi,
marjan67.9.16,
shabnam__ghadiri,
shahla_6533,
f.s.mosavi73,
zarinaz.sarafrazi,
abasi1399,
niki.zmmemari6,
mina.907,
shahrzad_chy,
eghbalian_leila,
royaramezanzadeh,
mahtab.norizadeh,
sarina.712,
zmmoradi1395,
afsanehghandi95,
shamimkabiri,
navidashigh,
fatan.d.603438,
elham_hmir,
57_banafshe_ft,
giso.beauty,
zm572,
ribeiro_marta.silva,
iman_nasiri_,
babaktary,
dima_mou88,
miss_f.sadeghi70,
faranak.ghane,
suera20,
elahetajbakhsh1,
jeffrieiedand,
fariba_rostami54,
nesa.balouchi,
leyla_imai,
sadadian72,
goli_rajabi6295,
marymohii,
ehaghollahi,
mhy.700,
akram_6560,
maryam.h629965,
yashar2282,
sea.burhcurtih,
aroose_mashreghi,
griffinkresic,
saunderrge_rtf,
cahilbalbertinr,
nasrin_eghbali_,
leyla.rr19,
mahmonir2914,
___6__8__f__a___,
sooooogolim3728,
shidajoon1030,
ahmadbaniasadi1,
bsmslm25,
zohrehajiyan,
_negarbehnia,
r.hbehzad3091,
ahmad_khani1343,
needa_org75,
masomeh.adineh,
sahar_rh66,
fattemeh.saei,
zahra_mzyn,
oh.h012,
nadia_sr20,
princssg_04,
fatemehbo279,
sfsfyllh,
s.b7058,
mismahsa5933,
shiva_miir,
mhwr5305,
hanieh.keshvardoost,
arzw5506,
sepideh8888sss,
yasi.210,
baharbano_radin,
fateme_moafi,
wedding_dress_clara,
fawtiii_.x_art,
haydeh.daryaiy,
aroose_nazzz,
javad783mj,
dlhmdsbh,
rery.man,
bahadormobin,
y_s_f_1234,
b.m.farahnaz72,
thebodybuildingchamps,
fatemehr9019,
_mahdi_rf_1363,
sahar.amiri.54,
parastoo.sh.2326,
sadaf.fa.2,
zeinab_edn,
mimpoone,
sahaar_hasani,
elina_jooooonam_afg,
jafary5026,
mohammad_mjc,
afrozmahmode,
aminghofficial,
ghazal_ekhlasmand,
mezon.parian,
fatemeh_m592473,
manije4808,
kh_jsss,
queen.b.k.m,
zahra_rajaeiyan77,
mehrnaz_masoumipv,
princess_rahaaa.dn,
rahel.n.97,
_mhdye._.ph,
vahideh.hp,
mehdi_metanat1,
mfd.1990,
hona_irn,
tinaajafari65,
mousavipour_,
dooonyaaa27,
kohzad_mohebbi,
agh__81,
reyhaneh_9691,
zahra.hosseini1993,
mahdieh_talebiii,
arsinmddi,
narges_miralli,
tmame_zendegim,
samira.yp67,
arefe.rzmara,
afzali41,
golnaznematii68,
farimah.esl,
milad.dalo,
banafsheh.sarmad,
mehraneh2631,
ghazale6131,
sara.z1177,
mahtabsharifigohar,
fa.ro,
soufia_mousavi,
mrym__karami,
saba.namdarrr,
farzane.a88,
atesaahmadzadeh,
vida.saeidi_,
royamakvandi2,
armagedoon.me,
sadegh_torkman,
miss_sanam1221,
taghdir8670,
salemimar,
maryam__alimohammadi,
sama_nvk,
baharhipson,
maryam_godarzid,
prenses1952,
te22j1,
fty6833,
masi.m7679,
f.tabakhi,
davoo5452,
mylove596,
zahrayemojtaba1116,
nazi.shirini,
sana.daeechin,
8818_mohamad,
hamedmaryami5,
shkhrllh3087,
maryam_hheydarii5948,
icesun.n,
leila_qlmi.m,
at_ef_eh71,
fa1234sh,
mostfabagry9947,
fahimeh_fathtabar,
parisa.asadi521,
zd_245,
samira.rahmani78922571,
sana_2771,
mahnazsaemie63,
maryam.qashqavi,
mobina.mey,
eli.goddesss_68,
arayeshy674,
parikoohi,
elnazi.t,
pasdare_velaiat,
iminian94,
_.maria_vl,
sa_na9135,
karbalamiam,
niloofar_fakhreaali,
homat9457,
m.o.h.s.e.ni,
h.ravanshad6291,
faribaff7985,
hiradl5295,
mrjnqryy,
zahra_k5432,
l7322e,
mehrnazsh2447,
na.fas3635,
mari.a1360,
rooz.b.b60,
sahar.hoseini1983,
yasi7507,
abbasderiszadeh362,
sahel20b,
ya2018sharim,
mehdihajar1,
sh_v_sh,
eli_khanom94,
degdeg97,
zohreh_nazari5656,
zahra_nik67,
salsabiln28,
solma8309,
najmieh_seyfollahi,
mehrdadgoodarzi1367,
shohre8332,
ms_zareei_,
kamran.hosseinyy,
miss_setareh97,
she_y_da,
sahar2990,
elmabidell,
matymoradi,
zohre_amirabadizade,
benin4185_,
elahe.201273,
hani.b78,
amir.h_sirjan_,
mahtab_ashkezari,
farzin450,
ghaffar_bagh_bahsht,
fardin.saffari1970,
elham.sh94,
e_akrami,
sa_ra9054,
malihebahmani120,
barana.nw.a,
kafsh_mirza_noruz,
setarehsamati,
maryam.afshar8824,
marijmgrsm,
shabnam.h44,
melvirjeremiu,
elhamsh065,
asadimaryam6768,
somaa5790,
sydjwd3953,
itarositahidayat,
ariii.shh,
aroosnokte,
kechikurd664,
feri_7200,
z_farajolahi,
eslami_mahsa5832,
farzad_m102,
omid___khanzadeh,
roxana.beygi,
fateme.asgarian64,
abd.mk.sara__ahvaz_,
mordadie_man,
negiin_gh_19,
navidashigh,
afsanehghandi95,
ariaa7575,
zahraifar,
maryamm.mhd,
marjan67.9.16,
soli73ab,
sh.aziz0077,
mahboobeh.moayeri,
nasim.panahi94,
pantea1973,
zahra_mzyn,
vida.saeidi_,
atesaahmadzadeh,
maryamno434,
iman_nasiri_,
samiraazarbaijani,
shrt_sotian,
elina.bakhtiari,
hani_1992aein,
maryam_koohbori,
nightttt_moon_,
hani.b78,
74.03593,
masoud_rahimi3110,
azarimojjtabba55,
shirinie_madar,
57_banafshe_ft,
maryam.ebz11,
f.s.mosavi73,
s_a_n_a_z_b,
shaqayeq._.si,
mahladindar33,
bylntyzt,
rudabeh2018,
arsaline.tattoo,
miss.sardari_pv,
s.s.a60,
shaghaiegh_rohallah97,
shabnam__ghadiri,
jafarpour.hanieh,
hb6569,
behnam_mohammadi_m,
aresaa.__,
arsin_modelling,
ameneghorbani53,
miiis_eliii_khan_i,
nooshin.salmanpour541,
sohazei,
zainab_nasiri_2009,
harljlaha,
aeskets.frye,
hendrickxbrunm,
marymohii,
ehaghollahi,
maralpoursmd,
sahar_ardani,
__anahita_ghm__,
mhdie.sadeqian,
mn.swr9124,
elahe.eh90,
eli_khz86,
golnaznematii68,
abasi1399,
ribeiro_marta.silva,
arlyxfankinf,
hazliprice,
hdyh8077,
qorbani7321,
mbahar.sk,
niiiiikiiiii777,
suera20,
miss_f.sadeghi70,
ebrahimi.zahra1353,
kahnamoueimasoud,
zeynabrahi,
qrarp8765,
dr.farnoosh_farahini,
fahimehshalc,
negin.shadmehr70,
mahdiehbabaei,
___6__8__f__a___,
shinyvesal,
maysajoooon2016,
ghazale.alemi,
saba_yousefiii,
_marmar_t,
fi_rou_zeh,
soheila29us,
neshatmoslehi,
modefarda_,
sana.daeechin,
04.3827farhad_olad,
salar7127,
jfrzdh1414,
mahnaz9819443m,
zahra.de_74,
pona_solo,
mahboube_s79,
sepideh8888sss,
ayl2684,
solmaz_k73,
hasan_yari3656,
hassanroostaee,
pegah.mohammaadiiii,
ali.ghodsi.39,
fatan.d.603438,
khaledan68,
ashpazi_raha,
soroushrrrrrrr,
ehsan_elyasi084,
findphotographersza,
akbar.ghashghaei,
delaram.33_,
mprj6,
soheiilaaaaa1369,
samere_ns,
khohanjamehali33,
mina.907,
ali_saeidey,
maryam_golshahi60,
minasohrb2548,
vidakolajeh,
mehrnaz_masoumipv,
grommelon_glriq,
noelbcgee,
sn_ydeupowkrr,
dietei_moseo,
d.obeojhowq,
fec_chjboons,
shahab_ahwazi,
masomeh.adineh,
needa_org75,
surena89,
893reyhane,
maah__sh,
_mina_2345,
grcmmb_began,
mohamad.mohamadiii,
zahra_sedghiii__,
imahsa.jvn,
nilofarnoori3317,
arefe.rzmara,
najmeh.gh70,
behnam_ashori456,
yasernarges,
ej8840,
_mehrsa_girl,
frnz.jvd,
paryabahardel,
yas._beauty._salon,
mahsa_manabi,
samira9731,
khamaesa,
fashion_girl1380,
saba_vafai_,
aaynhwisr,
matthewdcleopatrj,
tatianiarudolph,
alireza_3392,
hosseini4881,
shahin_barber_1999,
onerizky54,
dehghanian_hassan,
lisa_perisko,
_neginsdgh_28,
jamilebakhtiyari1366,
vocalist1380,
feryalfouladi7503,
art.irani.orginal,
mooonaa.m,
mahdiyeebrahimi2208,
yeganeh.k___313,
10riin_,
aliasgharrazmi96,
ro.ya2293,
dorsaa.dashtiyari.pv,
maryam_13sh,
elham_masoudi1371,
maryam_dadvar1977,
hanihoseynalipour,
shabnamsadeghpour,
bradshaqsw_ithiv,
nr1768,
miss_sama70,
maryam.afshar8824,
efat.ibad,
farzaneh_13966,
tahi_d_1996,
aviation7918,
qazale.a9683,
nahid.dehghan1348,
gaemin7k,
fatimaaa_mhz,
maryam9189,
bashikan_official,
zahrayemojtaba1116,
nawzi._.mehdi,
behnaz_dian_,
arzw5506,
setarehsamati,
sp__302,
mode__mona,
moradi___zahra1998,
no_love.1217,
havashi.janjali,
rp1364,
qsm.shhy_,
javad_samadi_king,
ho3eyn6489,
naz.zarei,
prnd88,
asady1396,
niloufar___ghoreishi,
karajinstaaa,
7amdy_ayman_,
dokhi_tokhs_pv,
asalkhanoom.fc,
fariba.m7291,
saligh63,
elham_3226,
shima.76.sh,
somayehmoradi1991,
ftm_lkz,
z_scintillating,
reza.mohammad.pour_,
tamanna_pt,
haj_ali1551,
hadiattar5082,
yo.gesh833,
lakhadr4,
akbar.soleymani1362,
jabolfazl66,
rhymy1770,
mahii2329,
eli_rooh,
salemimar,
aroosak.dehloran,
sydmrwny9300,
mahnaz_khan0m,
kasra__93,
sobh154,
zahra137088029261,
frasquitovillegas,
rildelangforx,
hosein.hn,
miladtaghipour,
tuchmanroberson,
miiss_rose_pv,
ghasem_sahami,
veronika.pdh2,
neda__haghighi,
leylaaaaa1021,
mahdieh_talebiii,
zahra.hosseini1993,
ghazal.esa,
elmira.moslem,
ih_a_n_i_e_h,
mezone_faraneh,
sina.samadi_72,
mahnaz_pooyan,
khanom_sadat_95,
shima.zahabi,
haniye1995.nhsshz,
mostafa.khareji125,
manije4808,
shiva_miir,
sheyda_ampv,
arsinmddi,
taghdir8670,
adetrijuniawan09,
mohamad_safaee1364,
rus_rehimli,
pergo.ir,
heptagate,
benyamin.6008,
fatemeh_jfri71,
fateme.mohammadi.3966,
hosseini7392,
leyla.ji,
mohamadamin956864,
halaleh8565,
nadiya_shakery,
zeynab_ghasemi_26,
hanipourshahsavar,
mansooriesmaeil,
marzi.esmaili73,
reyhaneh7371,
maryam.jntprst,
ka_vo_2,
farideh.b5,
elhamfarahani0395651,
sahel.mir,
_aa.jjj,
miss_matinaaa_,
shahlareisii,
gisoo_9693_j,
elahe.krb,
maket125,
sanana1221,
masih.rvn14,
zahra_norouzi73,
soheyla65hz,
elnazz7089,
aa12tara,
nafs4700,
maede.gholamnia,
shkhry552,
alxandeer56,
hamidreza_hosseini8626,
safari9620,
sfdrzhrb,
lkh8844,
karimimaryam83,
ordi1398,
samireh_vadieh,
mommazzzzz,
sam.la,
so.mayeh621,
n.nasirib2b,
hsami4380,
sadegh_torkman,
asadimaryam6768,
sadaf.fa.2,
sdddddzxcvbnm,
amin_azizi_274,
nurzod69,
fari.naderi,
zamani5820,
single7093,
srhalpha,
dwbridal,
__monireranjbar_,
mohammad.bahadori0172,
zahraaaa.da,
schneider_atelier_pais,
ailasharifi,
naaazi10234885000,
sadafff_na,
raham675785,
she_y_da,
hjfry682018,
shirinmohajery,
farimahshabani,
shahla_6533,
t.moghadam68,
hoda.gh.hr.300fan,
hanieh.keshvardoost,
entezarar,
abdoli.anis,
hamiideh92,
sadaf_amr,
nasrin.f9179,
mariarosa5272,
sahar2990,
farzane.a88,
shaghayegh8820,
ebad_myraghai,
habipkusaksiz,
majidtanha4438,
shhbn.y,
lashani6279,
omidabedi88,
dkhtr1449,
brhy8122,
mh.rn9056,
__.atiii.__759,
zahrasaravani,
khd236,
alireza.ebrahimi.pars,
_king_like_7980,
eli_meson,
goli_rajabi6295,
mojtaba13006,
gold_meker,
ihsan.sd_676,
maryamrezayi12,
hosen_eblis00,
anjomshoa.66,
roiciconiorw,
berrimaipittmat,
ansofredmo_lv,
narges_danooshi,
asal___mahyari,
mayam.j.s,
royahasanzadeh7623,
ha.ni8000,
sharare892,
shadixir,
n_vosogh,
ehsase_aramesh_ghalbi,
gfrhmdy9,
keighobadi.m,
roya_afsharian,
kiuhtgft,
hossein_nateghi1987,
melika.javadi7013,
2241371e,
sanazshl,
m.moein.11,
asieh.fp,
setare9656n,
z.hoseyniii2267,
arej.1003,
vocalist1380,
_shirin_565,
ebrahimi.zahra1353,
miss_f.sadeghi70,
suera20,
nazanin.banoo68,
saadafsh,
zohrehsaraeemoghadam,
soroor_64,
elham_hmir,
dlkh5532,
_marmar_t,
ms.rjb,
delanejhelenkt,
fentohtuchmao,
mathewtw.olperd,
sara.z1177,
callowayjeanne,
tarhookhak,
57_banafshe_ft,
dr.farnoosh_farahini,
fahimehshalc,
negin.shadmehr70,
sepideh.h.3249,
serveh_abbasi,
h.arveuprektob,
wowolfa.rt,
rutmelatd,
kariz.ma11,
w.7.mm,
sara_askari1375,
pooria_1390,
_bagry,
yeganeh.3515,
zohre9912,
banafsheh.ab93,
nargesbeti,
mahnazsaemie63,
negin.jalilyan75,
pouya_aren,
mina.907,
ribeiro_marta.silva,
zahra.mis9,
negin___es,
zahra.y4668,
motahare_7474,
hanin3425,
sami_kurdi77,
sara___hoo,
marjan67.9.16,
zahrabakhtiarighaleh8044,
hsn_negarr11,
roz._.55,
narges___taheri,
elhamtalebi1392,
narges1381__,
marjan.d.1020,
fhim.krgrn,
yaallah566,
maryam.motii,
raha_1396saeid,
abasi1399,
fatimaaa_mhz,
smyhe1360ch,
mahdieh_talebiii,
iman_nasiri_,
salemimar,
anahitagharehjazi,
_s_o_h_a_,
maryamno434,
m.yyyasyyy,
hadiserohani,
naghmes606,
nazanin_fatahii,
zahra.razavian5,
hanna.xanom,
arefe.rzmara,
shah.mordad25,
elahe._hajizade,
maryam_ts.1375,
parva.int2008,
br.parvarehms,
morvarid_642,
maryamm.mhd,
maralpoursmd,
marzi_davoodi69,
zahra_rajaeiyan77,
farzane_bani,
mehrnaz_masoumipv,
masi.m7679,
mshynhydryprs,
fazeelahmomeni,
mahshid.shirjandi95,
n00n.z71,
mozhgan3076,
arashnorbakhsh19876828,
daryosh.00.me,
amirhosaei3047,
paryabahardel,
shaqayeq._.si,
s_a_n_a_z_b,
nym.7832,
_sana.slh_,
fatemeh.730415,
aaaa.599ciiiucc333b9ijjjjjji82,
tk.saiedeh,
bahare.hadi,
sami_v_kh,
hamedseven56,
behradbarsam,
adminca_17,
forough_jon,
maryamoone,
amany.sayd,
fatemeh.m.b7,
camlicaa,
ahmaad_azizi_,
__fariba__58,
ariiiiikohi,
mina.sh6062,
malihe.na_69.72,
farhadakbarzadeh21,
zahra.de_74,
mahnaz9819443m,
taranom4409,
shirin_2702,
tellynom,
hamed.alizadeh_org,
zendegi.now5,
niloufar___ghoreishi,
atoosaazand,
needa_org75,
masomeh.adineh,
farzane.a88,
zahra_mzyn,
arezoo_nezami82,
sogand_amm16,
oskuiiie,
khanoooom_gol_66,
j_acebbomorgal,
rudolfgoldstein,
amirhosein.kardar,
twumbruner,
royakarimi3838,
fariba_rostami54,
r.pahlevani_1370,
amerali.reza,
elnaz_na76,
miss_neda_babaie,
roya_khanoom1,
gole_yas06,
hrm_9170801,
maralzabeti,
ebrahimi.zahra1353,
she_y_da,
homa_khalaj,
abasi1399,
maralpoursmd,
sahar_ardani,
shirinmohajery,
hosseinneka68,
rezasaberi4,
fatima.1374hh,
elaheyesharghii_beauty_salon,
fa_m7979,
ashraf_ghobakhlou,
bejnia_nasrin,
golden.n2025,
mezonaroos_tashrifat_as,
zohreheydari7668,
hasan1370ss,
alirezadezhban.30,
57_banafshe_ft,
nargs968,
shinyvesal,
fatima_amor1991,
mahdiehbabaei,
_an_.s.a,
zahraarbati,
nazaninnzd,
ava_tahimi,
mahnoosh_.rezaei,
patreks08,
zahraw_kh775,
sahel.moradi_000,
colleevadkilt,
davisalisan,
vikiehgo.odsof,
dwyewloveje,
salemimar,
wassimbegga,
___soniya.shams___,
miss_f.sadeghi70,
ali_alaa_nm,
aitzerba,
reza.iziza13816,
honey_jr74,
mr_diyar_urmia,
davoudi.sarah,
soheildoroodgar2532,
mehdi_and_zeynab,
fatemeh.z2,
hanieh.keshvardoost,
maryam.ebz11,
hani.b78,
amir.h_sirjan_,
khaledan68,
kia.farzaneh,
donyayesheida,
fatemeh.b.akashe,
rozi.n.v.13711,
azami632,
fatan.d.603438,
baharerv9335,
maryamz.e,
navid_pour,
rstajik71w,
masoume.salehii,
miladzzzz71,
asali2326,
neginrezaee.2018,
sarehsareh.m,
marysuarig,
farimah_7466,
m.narui2626,
fatemeh__mki_,
farideh_nadali,
znb.rss,
_marmar_t,
ma.hematiii,
gift.baran,
zahra_k5432,
mahboube_s79,
sepideh8888sss,
im_flower1376,
yalda_baf,
rb_ahmadi_90,
fatima_khanom9027,
mahii___qorbanii,
maryam.9878,
__ghazaalll__1,
__elnaz_qamari__,
mahsaw_po,
mehrnaz.kalmarzi,
hamid.zarei_3159,
farideniki,
elina.bakhtiari,
mimpoone,
sadaf.fa.2,
mahdieh_talebiii,
mehrnaz_masoumipv,
fahimehshalc,
fereshteh.n9828,
ehaghollahi,
marymohii,
sadaf_amr,
fatimah720,
neshatmoslehi,
gole._.nasrin,
ffffahad2345,
erin__floresuwa_,
__anahita_ghm__,
f.a.f.a.sad._,
maryam24643,
aliayoub8386,
zadran.afg,
pesar.bandarii,
fhymh6394,
hazha.12,
hzali92573,
mitraaabah,
sute_delan96,
bano_som6,
sajjad_kazemi133,
sara.6127,
amirafkhamiiii,
alipeimany,
_nfs.m_,
mahsa.rf3,
hsn_negarr11,
omid_safari_69,
niloofarjavadi.midwife92,
___6__8__f__a___,
mifalahati,
atefesaye,
pargallery92,
sh.k.339,
_narges7__nafisi6,
zahra1371zaza,
agentmansori,
hadis_78_k,
h_71_f,
sarirakerman,
a_mobi1993,
malih2224,
fateme_chavoshy,
parya_khlilzdbnd,
hakhamanesh_arya,
samira_abooie,
faezejarfi,
fata_najjari,
soomayeh_fakoriiii_75,
mahii2329,
eli_rooh,
negin.shadmehr70,
dr.farnoosh_farahini,
s_a_n_a_z_b,
khnm9435,
afsaneh.hbb,
malika.moon,
leilaomidali,
yasin_aghayi1391,
5886sh,
s.pishghadam,
nazanin.athami,
erig2020,
setarehsamati,
bhnm7838,
narges__rafiee,
mohadese_ashariuon,
z.faroxi,
hugoebensoc,
parvaneh_karimi8994,
cornetwjolenm,
simin2868,
queen.taheri.1366,
maysajoooon2016,
ava.jokar77,
asal_behraaaad,
massoma4080,
persian_silk_rasouli_carpet,
matintahaaa,
negin.jalilyan75,
mohade3_ez,
afsoonesm,
faranak.m.s8029,
m.1377.m__,
sooooratti,
maryam.sabori70,
mohaddese7612,
leila.mehr9979,
tshryftmjls,
ghazaleh.slp,
_soori__,
behzadk_1985,
madiii__013,
meysam156,
r7435,
he.len5603,
marco.camara.167,
dokhi356,
ahmad.tq74,
mohaahmadi626,
manizhehz44,
narges_esmaili60,
noaros_mmasany,
_.mohadwsw._,
bartonpapagena,
daviye_deq,
haldorxkinu,
mitra1724,
rrr.1994.rrr,
velelkr_aur,
nafas.6871,
imelahe_,
s._.1278,
hkhazaei9,
mohamad.foruzand.53,
mhs.mahsa8441,
roya_afsharian,
soheila29us,
marziyeh.kheyri,
behradbarsam,
jafarpour.hanieh,
shabnam__ghadiri,
elham_masoudi1371,
yasmina.b_h,
samir.ab29,
fatemhefoladi,
vahidheidarzadeh1373,
shmr_we,
pantea1973,
nasim.panahi94,
sh.aziz0077,
za_13_h_79_ra,
set__baft,
nilofar_raj,
missmadadinazi,
sahar2990,
avamohamadi1234,
mina.907,
paryabahardel,
mahtab_ramezanpour,
hooman.zoghi,
soroor_64,
reyhane.arbabi1974,
ninaazadeh238,
farahnaz_zarezadeh,
mahboobeh.moayeri,
arefe.rzmara,
mozhdeh_masoudinezhad,
pari_ph,
zohre__alinaghiyan,
m_a_h_a_n__90,
nafas.m3970,
rahaeeef,
hmdth9051,
gaeju3,
habib.maxwell,
soli73ab,
atiye1990,
mohadesdzandi,
mahsaf3720,
atefe_noei,
maryam.jntprst,
f_maghsoodi,
mitra_dehdari_,
reza_mohtashamian,
fateme_abdi48,
hana_mohamadiyan,
nasim.khankandi,
faribaeghbali,
fereshteh33n,
sayehf1995,
ehsan.najar92,
modeling41,
roya__doustali,
halehfarahzadi,
tashrifat.mahan,
sepideh_yeganeh1991,
aa.heydary1994,
farzane_godarzi,
mehdi.moinie,
saltey_emilq,
ty6281,
ar.abelybuknetr,
bahare_maryani,
zahra.golbadi,
salar_0747,
mitra510,
asdfvhjkl6380,
marzieh_attarian,
sanaz_yossefi,
bahare92_z,
a._.rf77,
fateme_yazdani8075,
mo.hadese8612,
clismfn.il,
poireejoyjeg,
lunpdon_aghux,
raz.azf,
yasi.210,
sogoolariya,
sayeh_soheily,
saeideh__1990,
maryam_ezeddin,
samirabagheinezh,
zizi1451,
mahshid_pouryazdan,
eli_khz86,
sim_alizade,
golnaznematii68,
sh_rezvani,
fariba.nedai,
saharathari,
mehmeh1231231,
sara_askari1375,
nikniki2,
yegaaneeh.khaanoom,
_saray_ms_,
faramarz.58,
elham._.0064,
mahdis_kh1,
atiyeh_sheykhan1360,
farzanehfatemeh,
fereshteh._.333,
fereshteh.smdi72,
yalda.gh1,
hosynat4774,
mot6865228,
morteza_shahmohammadi,
warfefoge.igeh,
miss_sama70,
na_zanin643,
haydeh.daryaiy,
maedeh.gh9160,
younes__ghanbari,
_mahak._.az,
maryam.es.1994,
_elahe_ft,
marym3295,
my.banoo,
faeieo613,
maryammojaradshadabfar,
sina.a995,
saye.r.6111,
k.hajebii,
mohsen.taheri.69,
maryamm.mhd,
rasouliarchitect,
effat59ahmadi,
mozafarnezha,
sharan6901,
ghorbani4803,
shohreh_khoshabi,
khyn_zhr,
nastaran_.abolfathi,
nancyhany266,
bahar_rhm75,
rana.h66,
sepide_poshiyaaan96,
mahsa_zh_68,
yusra_alamoora_2001,
maryammarya065gai,
marmary__queen,
hamidreza_aghamohamadpor,
stefani_crown,
christin_bartkiva,
azam.pazho,
bindttkyeag.ek,
shieldqkelbed,
gertfq_uicb,
chadikbattle,
lnsr3068,
renaulkcojtl,
hdhnfxg,
4549.mohamad,
yrj9112,
abhari.7,
mahsa.sufian,
eli_psz,
leilahooran1gmail.com100,
mehdipour_4626,
faranak_brh,
nakissaabbaspur,
tmna2000,
fatemehmoradi5133,
f_rostami9346,
saghar_4830,
so.my._a,
angel.f.gh.56,
colorist98,
sogand976775,
melika_amirhoshang,
mikrob.1366,
hanieh_akbari7,
majidsafari5014,
s.s.aros,
maedeh_hasanpour,
azimeh_dadkhah_joybari,
ryhnhltflykhn,
mahkagold,
lanfofepetersoy,
fatimehhnsol,
koehlevbrandeq,
farzanehy526,
noushinnouri55,
saeede.jahan,
hadi_dadnjad,
nasrin_659184,
mahsa.b_78,
f.shi9902018,
h.r_1368,
zaneshaghel,
bahram3705,
marzieh94008955,
baranesmaeili1378,
zahra_.ct,
aroose_royaei,
masoud.gh64,
marjan67.9.16,
maede.r1377,
ghazal.mv69,
azizehe_rahghan,
fatemeh32109731,
sanyjooon207472,
alimi_shadi,
mykhyyl1486,
abdli.fakhr37,
bahram.vi,
sa.jad1047,
aarshzafri,
modarnnnn,
shaqayeq._.si,
baharhipson,
mah.mar97,
parisat.sewing,
s.m2360,
minamousavi70,
pania_purianfar,
masomeh_darwish,
negini_sarafraz,
shaqayeq.ahmadi3916,
_zahra.rashidi,
ww.w.f.m.4,
shadibabaii1374,
hassanehghasemi,
nilofarlotfi67,
reyhaneh_9691,
atesaahmadzadeh,
vida.saeidi_,
mohi.mlove,
sss_mmii,
ww.w.nadiiyasobhani1397,
_f_a_70_71,
n.khorshid70,
hilda8231,
hasan_tahri,
251556sis,
ebrahimarb63,
a.sara.19933,
niloufar9889,
leila.348,
jamilebakhtiyari1366,
samsonprofilms,
music_ola,
so9ol,
samira.saam,
iman_nasiri_,
kholoud_h78,
smyhe1360ch,
minoosh.a,
fati_0440,
os.2210,
asheghaneh_nz,
sinasalari137,
mohamad_r_h_,
azade.hz,
hamediranparast,
lili20lili20,
taran.moh1989,
fatemehkazempourr,
habibisuzan,
domarina21,
yegane6796,
tohid.7.7,
sahargolshan67,
jermai_nejcotk,
tbrrekeny,
ducdehardq,
saeed3fk,
ashkan3418,
mehsa.vbn,
mostafa.tavakoli66,
florist_dizayner_lusine,
fahimah.meh_dust,
mohens_4554,
_parisa.vz_,
darya761331,
niloofarzargham65,
homira.mi68,
mohammad_khadem_tv,
farideh_mojtaba,
farzadshams28,
b_hatami1374,
ehsan_manam,
serveh_abbasi,
mohadesehdabashi,
soasnabuzahra,
maral8577,
poriya_yayahi6775,
saharnaz.art,
nogrehshahr,
nsrwllhywsfy,
haseem74,
rafilbabna,
sana.daeechin,
afsanehgolshani9,
parvaneh_sh_b,
zahra_9208,
shyd3512,
m.mirhosseyni,
negiin_rajabi,
sanchedvipus,
daneshimina4874,
mungovanmorris,
maryamm.rrr,
yvcnnycampou,
kaporbaca,
mehrnoosh.tavasoli,
barzo.t,
ahmadbaniasadi1,
haamed.74,
denizz2803,
amkh164,
rad55728,
abdullahadi1774,
alireza.sabzekar.633,
hby2931,
gorrofiab_em,
edwardthu.ly,
c.aveqjordku,
the_san_woman,
sara.zare.ss,
m29327274,
panizstudio,
zri_bano0o0,
bahareh.2444,
taj.taheri9122260581,
mo_na_2656,
__aaaysaaa__,
arezoooooati,
nasim54792932,
frit_mphionny,
dbisijh.anh,
pol_lfctrushinp,
ruddlpnielsey,
vbirgddyj,
rezan_sha,
ashpazihonar1705,
haleh313,
doktor_hasani_76,
dimagoldgallery,
nastaran_askari9,
ali.m8856,
m.sevil.k,
nzn1884,
vocalist1380,
leilaa_rahimi77,
prviz_1369,
swra_my,
mozhi.ap,
faezeh_arbabi,
rj.marei,
miladdarmiani,
parva.int2008,
mendozghollistel,
_anita_mrz,
bayanaalipoor,
soogand44446286,
fati280000,
m.barghi21,
amour_h_a,
iranfaraji,
_solmazjjafari_,
luigvmch.arlanf,
raynotganky,
aubdemshan.noj,
mojgan.mostafa,
n.o.a88,
hadispasandi83,
s.a.r.a.naghibi92,
sazgar.s74,
samiramansoor,
somaye.moradi28gmel2,
nahid.pr,
bayan2145,
samanjoon7311,
ryhnhshhytwy,
omid___pakdel,
mokhtariyan137,
arlet6492,
maryam.azadi58,
feryalfouladi7503,
marziyeh.abedi67,
matthias_1350,
parvin_neydavodi,
fateme_ghorbani2452,
ensieh_59,
afsan.heidari,
maryamarabhalvaee,
sdatylmaz75,
art_7986060910,
ali.hamzeh4286,
mhmdkhzmyn8,
gandomi2816,
omid_tavasol,
uwhow,
hodajaber.7.5,
alnaz_.201,
mariavalizadeh22017,
golisor7314,
naderabbasi73,
pendar.kh.f,
mohadeseh__arab,
mahtab_zvreh,
hani.shokoohi,
farzane_hajhasani,
saeiddastani1010,
hosein.azizi.20212017,
mwwwmahdiir,
sanaz.s23,
samirarad9608,
elahesalahi,
rym.lwdy,
zahrafallah_photography,
____.alireeza.____,
bahare8210,
maja.sikiric123,
minaaslamii,
rifflgstinh,
sahar_ardani,
maralpoursmd,
smyhe1360ch,
fahimehshalc,
pezeshlan.negin,
sadaf_amr,
iman_nasiri_,
ebrahimi.zahra1353,
miss_f.sadeghi70,
atoosaazand,
roya_afsharian,
soheila29us,
neshatmoslehi,
parinaz_sdy,
belfi___92,
50705075s,
faribaamohammadi,
99m.al,
parwaneh_nikkhah,
masomeh.adineh,
arefe.rzmara,
dorsamokhtari_,
farkhondeh.rp,
aroosak207,
torrejperc,
messerscottie,
josefamhyberrt,
garzadyan,
lynkeitud,
aanczavale,
57_banafshe_ft,
manizhehz44,
ehsan.najar92,
sahar2990,
sepehrazadbakhtt,
nasimm_radm,
zahraaaa.da,
colorist98,
hooman.zoghi,
eli_rooh,
mahii2329,
rogayeh874366,
f.n_201,
_nooshin_vahedi,
negar_fj20,
_.soso._6,
arezoo.j.31,
marymohii,
marjan67.9.16,
hanieh.keshvardoost,
maryam.ebz11,
_marmar_t,
maryamm.mhd,
mezon__fereshte,
aaraam.asadi,
sepidehbeheshtifard,
r7435,
deltangam.1366,
fateme.hasan.zadeh.1380,
m_sh_mmeaagh,
nomo490,
daryoshhhhh1213,
moshte_khardar,
mordikeyer,
winifielvprocnoy,
chrietidraki,
paryabahardel,
mf8868zx,
jabe_javaherat,
negar.729____,
mowrix.x,
m.h.asadi128,
aitzerba,
fatemehbo279,
karly.larios,
z.davoodi4206,
venoos.1375.za,
amcijhudsor,
maral_gholamipoor,
appledorbhalee,
_lkapo,
daruosh1324,
seler.ir,
vida.saeidi_,
_.maria_vl,
fatan.d.603438,
alishahi8885,
malihedadiya,
neda_ardanji,
so.maye750,
sms_nadi,
kiana_alikhani,
de123.456,
donyayesheida,
soli73ab,
atiye1990,
hsn_negarr11,
sh.aziz0077,
mahbobenoriiin,
f.t.m92,
mr.8._tanha,
abasi1399,
shahla_6533,
mohammad.javad.hatami,
shinyvesal,
___6__8__f__a___,
fatima_amor1991,
hosein.13631834,
darya_art95,
xan.zelan,
farideh.b5,
shirinmohajery,
faeze.nasr66,
negin.shadmehr70,
dr.farnoosh_farahini,
kia.farzaneh,
tannaz_mhs,
khaledan68,
zahra.de_74,
shalat_raman,
yasfateme31,
kolsom2185,
mahmood.r3725,
minoobarani1367,
mahshid_h.e,
parsatakhayori,
fae6808,
lidahrocha,
maryam_hajialifard.71,
azadeh.keratin,
mhtb8020,
mansor.n403,
behradbarsam,
m_ghodsii,
samane2536,
parisa.rostami.s,
zxcvbnnmmjkkk,
locl_undp,
att_higrosef,
zahrayemojtaba1116,
zohre_68_n,
damad_salon,
sh.ov1994,
__monireranjbar_,
omid76omidi,
avapoodine211,
__parisarahimi__,
mohadesebakhshi0,
maha.33ms,
fati_.mk,
fati3267,
aucinhwone,
alleqfalp,
rosemag_ucuevar,
simsim_6568,
faride_md,
zabihinafas,
sahar2990,
fatemeh_alibegloo,
minoosh.a,
kh_l_6138,
sahar_nz1,
zahramadadi1489,
khaledan68,
doa._.95,
nesajoon92,
ebrahimi.zahra1353,
fati_0440,
__anahita_ghm__,
haydeh.daryaiy,
zahra_k5432,
zahraaaa.da,
hanihoseynalipour,
reyhaneh_9691,
maralpoursmd,
shinyvesal,
mahdiehbabaei,
fatima_amor1991,
bwslhhmhmwd,
ali6613asghar,
s.r_ac,
seaburihpen_cj,
kellebcumi_ne,
marcuxsindew,
helenkflamblrm,
pa_rkeybinnt,
aldrichrosanna,
saahaar_mb,
poriya_yayahi6775,
reza.bahadoriiiii,
maryamm.mhd,
negin.jalilyan75,
alireza_adib1993,
aaandranik,
harishmakwana4497,
mohammadali.amene,
asalbashiri71,
hediyeh.yoosefpur,
saharsahraei.a,
dornaz_bano0o,
leylahajizade29,
clevelanihibberc,
monney_oajlel,
yanvlibbes,
loftifknighh,
pealbfaa,
byererayne,
shinyvesal,
meisam.njfi,
mahdiehbabaei,
mehrnaz_tavassoli,
serveh_abbasi,
pinkrose7378,
sahar2990,
mehrnaz.kalmarzi,
fatemeh_bageriyan,
ehsan.najar92,
ghazalmirhoseini,
nasrin.sp.29,
sara_mt.k,
mona_ghasemi,
sara___h_n,
mhy.6200,
zahrayemojtaba1116,
iminian94,
_wbhr,
sara.keshtgar12,
mobina_a.k.b,
na.fas8430,
elham.sz1368,
raziyeh1377_,
zahra_k5432,
vocalist1380,
jamilebakhtiyari1366,
hanihoseynalipour,
iman_nasiri_,
anahitashokoohi,
mojtaba13006,
arsinmddi,
sami_v_kh,
sinadoagoo,
i_am_rogi,
iran14_city,
mehran.rohi33,
tugmancrews,
ms.rjb,
sanaz9366,
ketthes_pokitg,
b_auekinneu,
frasquitbckari,
maralpoursmd,
paryabahardel,
fahimehshalc,
fateme_ghanbari_b,
negariii.b71,
narges6920,
tucchmaqjoho,
m.ccourvmetlald,
bit1353,
colorist98,
zahraaaa.da,
nasi137900,
sh.iva7319,
mo.niusha,
k.a.m.f1234,
ali.ghadami51,
esy7373,
abasi1399,
mahladindar33,
s_a_n_a_z_b,
13841384.a,
m___j__a,
gibbsburns,
beaudoindrummond,
maysajoooon2016,
seemaa.kamaalee,
a.oidchamberc,
farzaneh__sj,
arefe.rzmara,
sim_alizade,
golnaznematii68,
dostifatemeh1378,
mehrnooshsomali_nailacademy,
ya.saman8139,
rezaderis1366,
khd236,
sahar_dolatalizade,
ati.amiri1373,
fateme.mtz,
mo7amadsoodani,
neda.tafakori,
fallahi_setayesh,
mina.elina.elisa,
zeinb_k_h,
whitm.aplidaf,
rockebundekwoov,
alirezasei,
witndanet.tl,
rogehbuhnt,
maryamm.mhd,
najmeharad,
nazilaafrodit,
__anahita_ghm__,
viyanaamanda,
mina_sisi_75,
princesse_chahrazed03,
___sara___ali__,
yeganeh.hp7,
mehrr_banoo,
maryam_malek98,
carpenteflorf,
melika.ant,
m_ameurburt,
mobna_mm,
sa.sh.a.1366,
z__d__0,
mojtabaaghayari,
a.a.a4183,
matiiiiin31,
sn_fariba,
aminghadimi2216,
fateme.s7469,
mahnazsaemie63,
farideh.b5,
shirinmohajery,
sanaz_h539,
masoum.etemad,
hatamihhh,
nasim.panahi94,
maryamseyed4,
sh.aziz0077,
xx9651,
mimpoone,
f.a.f.a.sad._,
m.mosavi8405,
shaghayegh.k.21,
ms.mahkame,
roya_marjani,
elham.moghimishokat,
ayneh_kari,
maryambanoo8123,
57_banafshe_ft,
samajon4064,
rogerpmaryl_iu,
mr.reza21,
amir_sharifi_82,
mina.907,
zeo_kilim_artt,
sahar.maaleki,
ahmad.abedy,
masi.kd,
sa6119,
mohammadansari20,
ali________th,
shabnamghadirii,
arash_lotfi135,
hengame74y,
m0na_hd,
maryam_dikan,
moaragh_sahra,
miis.sobhaniii,
srhalpha,
fqti_75,
are_f.a,
mona_ghasemi,
hossein_nateghi1987,
baharhipson,
needa_org75,
zahra_mzyn,
syd.zahra.hoseiny,
firouzeh.kazemi,
sheriiii_sn,
mina.907,
ribeiro_marta.silva,
maryambanoo8123,
fatima.baqeri.new,
forooghsamibiglo,
laya.mosaddegh9000,
marjan67.9.16,
ramaak__69,
ehaghollahi,
sh.aziz0077,
fatemeh.b.akashe,
masterpackcompany,
alireza_official.5,
food_rasht,
abasi1399,
kazal.a1.3.7.3,
byt601,
omid76omidi,
vocalist1380,
melikakhaefi852,
zahra_k5432,
behradbarsam,
arefe.zareii,
taranomb50,
sadaf_amr,
n.tanderli,
arooskade_lahzeh_ilam,
r7435,
masomeh.adineh,
mahbubb_ma69,
nasim.panahi94,
mahboobeh.moayeri,
mostafa.tavakoli66,
marymohii,
negin.jalilyan75,
zahraifar,
soroor_64,
leyli6336,
arash_jamalpoor,
ndasltni,
f.a.f.a.sad._,
ricci_wai,
qarjay_gillis,
vrasyid_cheema,
hsabra_chaney,
tickey.leavell,
emmett.comforti,
zahra.jafarii_,
ilnazer,
shm_60,
fateme.ebrahimi5213,
maryammirahmadi76,
mobinaye_hadi,
milad._.rahimii,
faezeh.kz,
serveh_abbasi,
hasannori1official_,
samanehamzezade,
afrina_bridegallery,
yal2209,
arezoooo_habibi,
shady_saeedi,
__anahita_ghm__,
daliri1378.nahavand,
mohammadmahdiaghaei28,
fatima_amor1991,
mahdiehbabaei,
___6__8__f__a___,
chakavak.gh,
banoo_daryaie,
shabnamghadirii,
ali________th,
arefehhh_malekiii69,
adminca_17,
vida1523,
_miss.k.m,
afsane_vast,
sargol_1393,
ehsani_fatima,
jalali125,
ladyniki_26_,
mansure_purheydar,
armaghan.997,
iminian94,
marjan67.9.16,
pantea1973,
mostafa.tavakoli66,
ramaak__69,
maryamm.mhd,
katrin_charmahali,
68.sh.ma,
dook_baft,
chalesh_shut,
arefe.rzmara,
farzaneh__sj,
farhad.abba30i,
behnam.moradi65x,
z.h7105,
ms0um70asadii,
minapashena33,
fatemehhosenabady,
good.day_soon,
hastiroshan88,
mahtab_ashkezari,
__anahita_ghm__,
maryams1335,
hanieh.keshvardoost,
maryam.ebz11,
sahar_ardani,
farzane_bani,
zahra_nik67,
washlin.ir,
zohre520,
zahraaaa.da,
mohseniiirezaaa,
shahrzad1365,
enamel.63,
mina.907,
milad121248,
hamidresa_hmr,
i_mlikw,
ehsan.najar92,
mehrisoosan,
sinadoagoo,
zhenos1692,
soomayeh_fakoriiii_75,
eli_rooh,
mahii2329,
tandisnegarin,
fahimehshalc,
vida_al20,
negin.shadmehr70,
paryabahardel,
mhmdshhth2,
norshah_azimi,
ali1348000,
mahtab_ramezanpour,
masoud_erfani_2012,
elnaz.mohammadi1368,
nastaran8919,
golnaznematii68,
hourshid_1988,
colorist98,
jnrhmanhibachocho1995,
fereshtepoornoori,
arghavan.masoudi,
banafsheh.s61,
neda3889,
abejmcmanud,
missmaryam.12,
shirinmohajery,
mahnazsaemie63,
labshekarikarimeh,
sar5599,
nahid.pr,
sami_v_kh,
asgarimonir,
arezoo_mohamadi_60,
nazgol_guitar1371,
navidehasemani,
helma3901,
mehrnaz_masoumipv,
zahra_rajaeiyan77,
shahla_6533,
sadaqi_asl,
hi_doctor_,
sh4gh4yegh.e,
a._.rf77,
jamilebakhtiyari1366,
mahboobeh.moayeri,
soli73ab,
atiye1990,
omid_safari_69,
saedian.sahel,
maaarzieh_,
alex.aty2010,
sahar2990,
haniyeh_kianzadeh,
narges5697,
sanaz.3102,
vida.saeidi_,
atesaahmadzadeh,
maryam_mirhabibi,
minoosh.a,
fati_0440,
f.a.f.a.sad._,
as.ma6845,
mohamad.amin.rahbari2442,
tanharajabi77,
asma_gh123,
fahimeh.1989.s,
aroose_tehrooni,
marzi_keshavarznia,
zahraifar,
m.a.68.56,
dr.soniyaamini,
kh_l_6138,
alireza_moasherati63,
rana_shams77,
nazi14518780,
f_pic_a,
needa_org75,
amir.h_sirjan_,
_liliyanaaa_,
saaaaeeeddeh_banoo,
fati_sh_1881,
_milan_sh_,
zahra_haddad,
atefeha3261,
aseman_abi_724,
leilijandaghi,
om.azhar.7,
saramoon2712,
setarehsamati,
faranak.m.s8029,
mohade3_ez,
afsoonesm,
maryamafn,
simcongroup.ir,
leilabg1992,
simin_arf,
behradbarsam,
ali.aris.1358,
fateme.ebrahimi5213,
fatemeh.hmy,
s.f.g.68,
zohreh.a.m.d.1991,
mehrnaz_6hm,
rota11f_,
asdaaid,
ranaasefzadeh,
fatemeh.b.akashe,
maya_parsa71,
faeze_midwife_72,
kosar_gh7,
mahdiehbabaei,
sevdahastam1373,
darya.136,
ermiya.z.r,
nazanin_daryaee,
negaraghaey,
masoud_naderi77,
sahar2990,
sadaf_amr,
om.azhar.7,
roz_rah,
sa_mira3497,
mina.907,
naderafshar8866,
rananikroz,
tamanna.kind,
mj.yd5746,
to.9565,
jamaln9060,
m.a.68.56,
arefe.rzmara,
tannaz_mhs,
kia.farzaneh,
marygolpary,
mohammadpoladv,
6085arezoo,
alihaghighi66,
j.m.266,
seyede.fateme.sharifi_7174,
n.j7195,
princess_yasra95_,
marjan67.9.16,
zahra.de_74,
miss_sanamer_m.n,
zahrayemojtaba1116,
banoyye_paeiiz,
arezoo_kananpour,
hashem147786,
mariii.avn2399,
missmaryam.12,
gjayton.traylor,
mr.reza21,
arash5226,
ehsani824,
0902baran,
dhqn517,
ay_gunasss,
hadi621255,
abdi958141,
sadaf_pilates_cooking_intrests,
aslani9065,
_zahra_zand_768,
m.mohamadi40,
_maryam_bagherii,
fati_0440,
mehrnaz.kalmarzi,
kh_l_6138,
lamsehonar,
mehrisoosan,
setarehsamati,
fatima_amor1991,
___6__8__f__a___,
mahdiehbabaei,
no.o.s.h.i.n72,
s_a_n_a_z_b,
mary.hsn93,
negar.729____,
mohammad.2.65,
khsdfsh1,
mahnaz9819443m,
maralpoursmd,
marzi_davoodi69,
serveh_abbasi,
gkinga_massey,
tizaak.gorinson,
srazellejolissaint,
_mahbubee,
soroush_adibi,
hediye_e.72,
pymanrezaiyy9413,
gayni8585,
psar_jonobi,
why538,
katrin_charmahali,
llizamay.melvin,
vangeldaniel,
gdennis.jojola,
miss_sama70,
zabihinafas,
rasool_ehtesab,
azin29h,
prince_minush_v,
nahid_n48,
fazel7993,
ww.123rahep,
brenda.decker.505,
hesse_ghashhang,
farokh20002003,
malmal539,
smn.1065,
risomarmac,
epilation_aylar,
tashrifate_morvarid,
mona_ghasemi,
asheghii12,
arezou_amoozandeh,
____nishtman______,
0msh_mstfi,
roya.khanom.20,
sarakarimi5679,
sima_parhizkar,
_kosar_roshan,
yekta5164,
pariya_711,
nazanin.ziba1212,
z.a246,
zahra_bakhtiari72,
bit8167,
2a.saraei,
faeze2909,
zeynab.1046,
ghasemi0253,
shabnamdeljou,
fateme__fathollahi,
nazaninmoradi711,
_._mahdiehh_._,
dlkh5532,
_marmar_t,
elahebarati,
laghari_helma,
mahdieh_talebiii,
lachinbaharvand,
sahar_ardani,
masomeh.adineh,
sahar_rh66,
mahtab_ramezanpour,
elham_masoudi1371,
needa_org75,
maryambanoo8123,
ribeiro_marta.silva,
szoe.baggett,
dellaareli,
ichen_palfi,
reza_eskandari_akas,
vandad.darvishian,
delnia_kankan,
sh__jani,
yaghoot_khabood,
azadeh_13746182,
ahou.jon,
yasaman8278,
aztala_ap20,
farzane.a88,
samira_samira69,
hanieh.keshvardoost,
maryam.ebz11,
_iranfarahani,
r.rhyy,
esmailmorodi,
sepidehnemati79,
elahe.hoseini1376,
laleh.s.gh13,
amir.kh5511,
farzam_kosar,
elham_rezaeeyazdi,
nasibe_6668,
marjanjelodari,
f_atemehsoltan_i,
soheil_a.h,
onlygood566,
mahvashmasjedi,
zahra.jafari.19,
rezaborjireza,
maedehp7,
__sahel.siza_,
faeze_midwife_72,
mythqi,
mahtab_ashkezari,
__anahita_ghm__,
fahimehshalc,
mehrnaz_masoumipv,
maryam_ts.1375,
karimiinegar,
zahrasal1376,
alinazari9026,
meenasidiqi,
maryam_ali_6572,
nastaran_vn,
zizi____zi77,
saramesbah04,
_turk._kizi_,
ramie.slayton,
sderejelacayanga,
haswoodlazaro,
zchanell.derrick,
rezan_sha,
mahnazsaemie63,
parriiisakhishvand,
fahime.k5884,
sougand2448,
ganadohenrymg,
mzh717171,
raziye.pnp,
roya_afsharian,
behzad.ak68,
soheila29us,
baharerv9335,
zahra.jafarii_,
m.saleh.t.11,
miss_fatii_0034,
nazynazaryar,
marymohii,
ramaak__69,
chakavak.gh,
sofreh_sonnati,
arghava6,
ibrahimkundak0738,
parsimade,
sami_v_kh,
afsoonesm,
faranak.m.s8029,
mohade3_ez,
behradbarsam,
samir_tajik_2,
ashraf____shakiba,
fatima.zr.1366,
mohammad_mjc,
fariba_rostami54,
__girly__2277,
nastaran.4760,
arsalan2155275,
h_y7770,
hoda_ameri_1373_,
maari2233,
donya__fardin,
fve67,
asma.6746,
mina.safari50,
naz_sepehri73,
maryamlove084,
leyla_ansari62,
_marjan701,
dr.farnoosh_farahini,
negin.shadmehr70,
faeze.nasr66,
parisa.farokhi11,
salehi__.negin,
masoum.etemad,
yaldasoltani_,
qazhal_7166,
soodabeh.golzari,
kamand._.bano,
roza_abdoli76,
aliseyahi9437,
ali________th,
niloofarjavadi.midwife92,
shabnamghadirii,
sanaz_h539,
mahya.ms70,
nassimtak,
minoosh.a,
mmd_diar,
maedeneghabi_official,
reza.ghaderi20,
afsaneh8599,
vidaabdolalipour,
fatemeh.nematipour26,
saj_edeh_5157,
alaenaz68,
shina1744,
08shahrivar1969,
sahar.d2210,
f.s.m19995,
delserou_lori,
ghaderi8885,
sahar_y_z,
mohsaj7872,
mahvash666540,
shdiow,
sajadbakhshi66,
hooman.zoghi,
mahii2329,
arsinmddi,
r.kazemi5087,
fatimah720,
neshatmoslehi,
mo0onix,
mifalahati,
w.w.milad___.kian7475,
shinyvesal,
mnn9342,
fereidoon6372,
fabiopereirada5508,
sahar.sarafraz1354,
ly_rd8177,
ssn425,
sahar.1231242,
mona.amanii,
asiyeh.parzi,
shahabasdi,
monamosaferi,
sanaz.farhmandian,
tantra_sh,
soroor_hosene_,
rwy2777,
f.hashmi1378,
sm_k1368,
tabasomashagh,
neda_hd1981,
arezoo.po9204,
fati816,
tablo.farsh_deniz,
sh4gh4yegh.e,
dorsamokhtari_,
_fwti_frd,
colorist98,
razi13701,
_donya_2018,
negin.j96,
ashraf.shikhh,
needa_org75,
farzane.a88,
masomeh.adineh,
a_m_novin,
_parisa_xa,
aylin21126950,
na.staran0611,
jornale_aroos,
shaaaaaab1368,
abolfazl13646,
reza.nejaty.2020,
shaparakyosefi,
shyw8027,
yasmin_20188,
veronika.pdh2,
nedas9980,
_azi.t_,
missmaral_rzii,
z.mehri9396,
jujjal.ajide,
farshad.nikkhou,
elham.taghavi68,
kjayewohlman,
miss_sama70,
dquela_monaco,
amir_ahmadlo76,
parissa_bordoo,
fariba.meghdadi,
tannaz_mhs,
setarehsamati,
soli73ab,
atiye1990,
sh.aziz0077,
zahra.de_74,
mahnaz9819443m,
farzane.sh._17,
elnazzz_kiani_,
rzyousefi77,
gholamrezajafarnejad,
saghar.709,
_janjaaan_,
sargol0051,
islam_way18,
fereshtehyaghobi62,
sa.ma6385,
somayyeh0362,
sirus.abbasi,
mahdieh_talebiii,
marjan67.9.16,
ehaghollahi,
sidoubn12,
taregkhalaf,
arsam7623,
milad__rstt,
nikazare05,
na.fas7884,
sadaf_amr,
leila_t_eng,
mezon_khanomgol,
leila_moosavi7496,
amirmasoudnt,
a.pourjavanmard.p,
mahboub_89,
sabasoleymanbeigie,
elnazsalehnia,
aghaeea911,
sobhani.r.f,
fatemeh_khorasaani,
maedeh_b00d,
ride4lifeeee,
abrokadeh.hilda,
naastaaraan.1,
elham_masoudi1371,
iminian94,
sara.z1177,
bita31240,
mona.amanii,
wkarinahalsey,
tnazarethbeard,
jalyn.morel,
soheila29us,
neshatmoslehi,
fatimah720,
mina.907,
sara.__.hakim,
music_ola,
aziinbh1991,
leila.ebrahimi666,
mozhgan9880,
saye_7,
mhmdfrwz,
bahare8749,
neda_w3,
majid.malih,
mahla.salahsho,
arezoo.karimzade,
saharrrrr155,
glry9149,
halaleh8565,
lo.ve9501,
faridehkt1135,
nedaz71,
nafas2399,
____shahla__,
qaudurawollard,
gaytan_rivka,
kbigg.montez,
wadriannadoucet,
francesca_gayler,
qstacey_nisar,
colorist98,
doood_doood_gggg,
ms.heydari.7777,
puneh.y12,
mrymmh7980,
sweet._.love0,
l.e.h.1361,
fariba974,
zahra.dehghan67,
soofia__mh,
daei66,
nazanin.rezaei,
lamiaa_bakery,
behradbarsam,
hn.sepideh,
soltani817,
miss_zshm,
roodhelepoor.888888,
masome.naseri1992,
asalhadidiz,
reyhane6067,
karimifar.maryam10,
_parisa_pur,
zibamohammadi930,
afatemeh70,
amirali.madadi96,
_.amir.21,
amir_ahmdvand,
pooya_mehraban,
niloufar___ghoreishi,
arezoo2865,
sogandniknam70,
dr_iranchi,
solmaz.jabary141355,
asefe1370,
niloofar_mollaparvarii,
soroor_64,
amir.h_sirjan_,
zary4058,
nargesabolghasemi313,
jafari8058,
golnaznematii68,
sepid_76_,
khatere.kamalnadian,
hashemi75_,
nadi13692175,
dokhmalekhoshhal,
faarrnnaazzzziii,
mohammad17006125,
gharibi_majid,
m.mz5464,
mrym_.mp,
sahar_tarakomi,
paniz.h70,
soheyla_mkz,
desertkadeh.leila,
ataota87,
97.5488,
negin.shadmehr70,
dr.farnoosh_farahini,
fahimehshalc,
zahrahasanpoor8,
shirin_mousavi66,
zahra_mzyn,
oskuiiie,
emad_k.h,
arezuanzali,
lover_rain_mi,
itsmaedhti,
_.shirin.gh._,
fateme.taghizadeh,
malihe.arab42,
alimousaviam,
soomayeh_fakoriiii_75,
negin.jalilyan75,
ariaa7575,
parva.int2008,
fatima_amor1991,
shinyvesal,
mahdiehbabaei,
shahnaz__alidaei,
se6mmd,
brooklyndronesnyc,
nfs_748,
puttakeram,
hani_shirbeygi,
mahdis1636,
fatimir78,
mr__esii,
sheida.m123,
sara_nail74,
anita_922m,
melodygillikinphotography,
habib_dz,
gxno.md,
chloe_kiiim,
freedomlivewell,
dascoin_uk,
azam.narsiss,
saharnaz.art,
samira.baran,
maralpoursmd,
serveh_abbasi,
ftyma_1396,
miss___samir_____,
m_e_r_i_princess_,
bahareh___bahmani,
rohan_mahbob,
shadimahdavi,
niloofarhatam,
jxhsifjiov,
pezhix__,
sim_alizade,
nastaran8919,
negar.729____,
re_zaa_m,
aminbiriaie,
afkhami_s,
r.dashtbozorgi4054,
i_fati_1377,
solmazsara,
niloofarjavadi.midwife92,
barh0on,
romaliya22,
fridon_ghamari,
amir.rajabipooya,
lamesskeker,
taranom4771,
om.azhar.7,
mehrisoosan,
nahid.pr,
the559813,
ha_san8962,
jc997111965,
asheriiii,
goli___k,
ezzy.ramzy,
bahram_rezaei70,
dorsa829,
zahrak_58,
janis_bija,
mr_kaempf,
morrospam,
mostafa.tavakoli66,
mahboobeh.moayeri,
ati23670,
sanazsii,
minamohammadrafiee,
saeed._.azadi,
wild_videopic_animals,
f.sadeqi_28,
sami_v_kh,
sahar2990,
mina.khosroshahi3126,
fatemehbo279,
naderioovoo,
somayyeh_iraj,
__zahraaa__zz,
mahnazsaemie63,
shirin2020.nariman,
m.e.shahmiri,
_abolfazl.69._,
parisa.samiemi,
seyedsafavi,
zahraifar,
maryam.ebz11,
hanieh.keshvardoost,
masomeh.adineh,
_marmar_t,
arsinmddi,
s_a_n_a_z_b,
m.zeighamiii,
shahla_6533,
nafissalii,
homeyra___68,
aroosimarket,
leila_ebrahimzadeh17,
__.elwx._,
nurse2335,
joannapagalia,
mission2nepal,
coffee.atmosphere,
aestheticat.mp4,
cicikoffi,
liberatosciolicasa,
hypelahofficial,
leftaru2000,
barbaraweb1953,
iradeofficial,
carlosleonsalazar,
webergrilljunkie,
faezeh.kz,
zahraeskandari_72,
f.ava.4343,
_midwife_zahra,
mina.abassi.n,
s_gh1379,
ramin_es1040,
i_.saideh,
farah.naz17,
poshak_mardane_behposh,
mahboube_s79,
reyhane__tavangar,
ufos_aerial_imaging,
tobiaszamberlan,
hoax_factor,
creatistbkk,
yoshihiro.maeda_unofficial,
chriscreationphotography,
kosarhamidzadeh1376,
jafarpour_o,
marym_raad,
atefe.roshani1997,
_aida_shahmari,
zahra_naseri_69,
h.daneshmand2917,
___ifatw___,
sajadfarashahi4936,
lightsalon1990,
hasanpour1,
forozan.amini57,
uwmcie,
hatem_mzn,
cocorolondon,
shaanay24,
mahtab30a,
rubengomezradioboy,
mehrnaz_masoumipv,
kh_l_6138,
haniyeh_kianzadeh,
mona_ghasemi,
zahra.jafarii_,
ramaak__69,
fa.rhad6637,
_jabar_123_,
da.na9902,
arezou_ranjbar_torkamany,
110sobhan,
bandehkhoda1,
farahnazsharifi.di,
hadirashidiyan12._,
mansoreh_nj,
zahraaaa.da,
raha._.arr,
amirab1990h,
mohsensoheili1992,
shayan_karimiiiii,
perancess_helma,
mohamad_1998_sh,
mohammadhosein3363,
mamjan5771,
1331_rd,
danydavid1434,
fati_0440,
badri.b.1990,
miss.sj.kb,
golnazfarhang,
agn_71,
___mohadeseh_a,
mahshid_koohiii,
zarikhanoom7563,
mitra6586,
mari_ghanbari1370,
frekuencialterna,
vxdca.tm,
modasdeahora2018,
maryammt59,
maryam__fd1997,
fariba_rostami54,
skapier,
autismconnect_,
thee_omeri,
saqlainmuskan786,
michailvcs,
discover.lezhe,
silvr.ti007,
sima9757,
haamin_group,
__anahita_ghm__,
en.rasouli,
e.d1065,
2888ana,
behrooz_azari,
mahshadtaleghani,
adiba.selki,
mrymsb8017,
maryam9189,
sadegh_torkman,
rmb.consultoria,
zmujukz,
justsuccessfulquotes,
rvinforworld,
paulch000,
marcrevy,
sama8651,
azin8759,
fahime53,
fatemehzahra05,
amirhosein2l,
asaaal5456,
alirezatalischi__sara,
sahebeh_babaei22,
masbaghiakra,
sulin96,
elijon.6629,
a.s.a.l.torkashvand,
pani_rhh,
shimazandi94,
somayehshane,
sa.a1438,
f.jalali6287,
__.ryhnee0_o,
arefe.rzmara,
farnaz.nmtz,
asheghii12,
faezehgoudarzi21,
vidaghasemi5gm,
flw_hadafmand,
hassan__nodehi,
mitra1724,
sogol_347,
tu_chung_wei,
_silsell,
nechepurenkofoto,
maryambanoo8123,
nikoo.moj8825,
neginshahreyari,
barsian.1541,
nasibeh__ma,
melika_khodadadi1,
raha_emd46,
faranak.m.s8029,
mohade3_ez,
jfrshyl1,
sm_1042,
feridon3062,
nasrin.asadi4556,
mehrbanoo03,
azadi_1566,
desiatniktatiana,
niroumand9769,
mafn1288,
faal_ghahve_armani,
shirin_dokhipaiizy,
h.z.sh.9512,
faezevafaei1368,
elshankzi1373,
atefeh__ar96,
farzane.a88,
amo_gholam1070,
ghrezahossinei,
hhrr141464,
tina_8213_,
s_style_n,
naghema.70,
sohilayad9248,
behnood.etminan,
art7.studio,
calibre.44,
ravapk,
sigridscholer,
hmz__fatima,
yalda_beabani74,
sahar_ardani,
mohamadali_afshar,
89_6234,
shahramn50630,
saghi.az.kh,
eli_khz86,
msh75335789,
nazanins399,
hastiii._.nouri,
marcloomar,
saeid3863i,
jaber_beygi,
narges_rezayie,
atefeh76k,
h.v.z.n,
sepideh.sh_1992,
fatemeh__rd,
minamohamadi22,
mineiacarvalho,
mohammad_mjc,
kotakayuproduction,
danishacksport,
noinstamesegue,
berezovskaiazhanna,
omid_safari_69,
dreamsteamtravel,
katalogmukena,
a_mobi1993,
rezan_sha,
vitali_bublik,
ilanacampbell,
hasa4715,
nazilateh,
msoltani0,
zahrayemojtaba1116,
arielgallery,
fooziye73,
f_b_moshaver,
azadeh.1990,
avtoinstruktorkazan,
missmaryam.12,
southeastfactory17,
azamkhadam5433,
8.6822,
hussainmohammed727,
yammi4u,
forozan__es,
humanisawesome,
raz.azf,
nikmaryam7,
negin.mz.67,
azin_et,
elina.bakhtiari,
shirinmohajery,
abasi1399,
zeinab0902m4235,
kimia_4086,
roya_saeidjonam,
mahshid.mjd12,
kimiya.shokriy2231,
zohrehmsvi,
frshth1383,
zahrapurtahery1376,
masi_moazen,
ardeshir.yaran,
dr.b_ai,
_.hnia,
designinfo.in,
alexiafar38,
golazin_jewelry,
oranuos___65,
m.a.68.56,
shadialinia3291981,
sara_.p_n_i,
behnoosh.jkh,
niloo125,
m.reza9636,
efsane_cimbom_35,
hwshng3574,
soheylamohammadii5148,
masoometamami,
s___eftekhari,
riza_mohammad_0177,
avinar57,
z.hosseinzadeh,
bardiya_barsam_,
fat76emeh,
frkh_frkhy,
niloufar_rhn,
mo_hammad2987,
pardis2730,
drp1867,
msah_as,
niloofarsing,
_.maria_vl,
maryam_mirhabibi,
atesaahmadzadeh,
fateme.ap77,
topolo7090,
zohre.zafareh,
3dreamerstattoo,
armmin_pz_,
juankofii,
brillersutique,
inorganic.jewels,
penncheese,
tashrifat_rojano,
jarahii.binii,
vaperschoiceusa,
686_13,
sahar1_9_9_5,
avin_m_kh,
isan_1387,
mahtabii22,
addicted.to.skate,
ng4611,
rfservicosdegarcom,
model_ena_,
elnazrostami98,
ramin1995_,
nasrin.dargahi1360,
yogakartiko,
davidsousaffm,
erotikastore,
yupmydude,
fatimaaha_,
baranov.photo,
sophia.farahmand,
karavanj,
dr__zuhra_karimi2018,
zohre.051,
saharab_lch,
mehrnaz4980,
haydeh.daryaiy,
mitra________g,
faeze_e1375,
samaneh_1369_gh,
abd.mk.sara__ahvaz_,
elhamsaadat6,
mahjoobehsharifnataj,
yrshryr,
yasiiin448,
jlyl7661,
donyayesheida,
memephotostudio,
mahnazrasooli96,
atefe.hoseinzade101,
ehsan.makky,
pantea1973,
nasim.panahi94,
sara.s7163,
mehdi_cbx,
zohrehpashaei14,
tahmin.azariun,
zhra_.ru,
mostafa_monfared6395,
velayatihasan,
carpetghasemi,
msaghafe,
fydyshyb,
tlqmjhwl,
zhra3690,
shhl507,
faeze_midwife_72,
mary.hsn93,
hanihoseynalipour,
needa_org75,
shahinreyhanii,
sty3875,
shiva.dah.1365,
maedehbahmanii,
qazaleh.ri,
elh7296,
fatemehjahanian,
fateme.tn901,
maryam.ghasemi64,
mifalahati,
vida.saeidi_,
inspirational_paintings,
benoitefanton,
best_web_solutions,
behzadbasampoor,
faaatemh76916,
__zahra_118__,
zizitwin,
minabano0,
f.a.e.z.e.f.r.d,
farnoosh_farahini,
mahmodsalamat.gmil.c,
sanaaelbadawy,
farmasumeh,
fariba.k722,
anijoon13760,
wellagalerg,
adele_fakhari,
miss_f.sadeghi70,
_hadis_d,
kunduzusman,
sydjml4882,
ali37.t,
ziba.am_74,
reyhanekarimi75,
s.alamshahi7,
zahra._.afarin,
fola_sh75,
zahra._.1718,
pegah_yi,
narges_golnazari,
gh_mmmmm,
ba.har1172,
arezo_shiruzadeh,
ahmad__sh1991,
r._gh78,
fa2017bavandpor,
haircolorbymona,
jll.6562,
hamid.gh1831,
khlwndybhrm,
philosophia1991,
bahar.mrzz,
mina.behmaram,
mahdiye8388,
sanaz_mirdadian,
_somayeh.ghaedi,
farah.1628,
farzanehmahaei,
zohreh.b.1367,
eli.ac,
fahime_ameri58,
khaome_ate_96,
afa.sh,
solmazrasooli,
mohamad_bayati005,
masoud_karimian1010,
miss.fawzi_,
mehdikhosravi0606,
somayeh__azimi_r,
pouya__khoshdel,
elahe.kh.b.d,
samyarmohamadi.91,
fsabetghadam,
ferijooon7097,
sfndyrmhnz,
miss___m___n.m,
meysam__7211,
farzammohammadzadeh1,
jokar.ahmadreza1382,
eallhvrdy.47,
khb3475,
mohamad1117871,
javadzoghi1978,
saba_mohammadi6868,
shiima.ramznii,
fmadani99,
fatemeh_rb__,
s.t1528,
baharehthaherlu,
shshzadi,
w.w.milad___.kian7475,
m.jorkesh_m,
chiecogarbin,
shaida_saraf,
teknoforumerzincan,
maryamno434,
mobinaye_hadi,
hassan.fakhraei,
fateme.zarei5779,
mona.684415,
clinicnaz,
shadi_kamaran,
aisa.omar,
runiya.khan,
ketabe_nafis,
masoooommm,
behnaz_s_1369,
kitty_campus,
prssmny7651,
omidfallahgym,
atefeh75jahanbakhsh,
rezvan.hasani,
cronos.boats,
damqq.official,
prazerdochurrasco,
idhrk_,
juventudmabs,
vievillejp,
a.ti1055,
zahrahaghshnas,
___pardiss1377___,
mehri._._,
javadi73atta,
shrepo286,
zahra._ab8,
khedmatiarezoo_3848,
neda74s,
f_moodi95,
leyla.parsa_,
parasturezazade,
h.jafari72,
setare_sa95,
_iranfarahani,
mobina.h3791,
hesammajidi70,
nafas.mr.3796,
s.s.s.79_78,
fatemeh.z1262,
parisa_koohzad,
mimpoone,
toprak62x5946,
fatana.afshar20,
elibanoo92,
marzi_davoodi69,
f.btuv,
za______76,
f.f88009,
katrin_charmahali,
fereshco,
re_prd,
miss.manzari,
elmira_hoseyniii,
shima.7379,
mrs__atena,
miiiis_vajdi,
bimepasargads,
mahla3762128,
nedaw1367,
amir__ali13975139,
taheriysn68,
dani86.ann,
kimiasalari65,
zapiski_piligrimov,
sayideh.fiujiy,
nasim.abd69,
mlyhh1203,
arefe.ghoreishi,
behnazbanoo62,
hairstyles.raziye_pejman,
__maryam__h.2,
fateme.taheri77,
nilofare_abi_2323,
tayebe.nejadkhorasani,
sanaz_h539,
amirhasan.2500,
hadis15722,
shah.mordad25,
zohre.dinan64,
mahdid_p,
mohsenbajelan1982,
teyeb.rahmani,
badlijate.farzad,
zeynab.pourmosayeb,
eli_rooh,
mshd_a,
nooora1378,
sadeghi055,
zuhra_hassanzada,
1800s_red_bat,
fariba__________m,
s.e7774,
fateme_kazemiiiiii,
zeinab_3274,
dehestani.zahra.bafgh,
saeedeh_tajik75parsi,
minamaroussi,
arman_sh1991,
kurdistammylive,
sydmrtdy3140,
frzn7232,
mahdie_1363,
nazgoli74_,
soheila.esfahan,
yasamin.st,
lei5247,
madaram1348,
helma8907,
peransabeautysaloon,
bvccvb11,
dr_maryammousavi5877,
fotoclix,
10njrhd,
follydance,
yekta.y.h.y,
fatemeh_bl1364,
shima.gh88,
a_mobi1993,
sedigheh_arabi,
behradbarsam,
faracharm.azadi,
faride.khadem,
haniye_poudineh,
zariiij5980,
