6layel_18,
q8.omar1,
abaadyy_58,
talalfalowaidah,
nouuramd,
jawzaalmallag,
_armani_m_,
anglee.7,
ishoog_ad,
farachaap_art_studio,
zssharshr,
omid19464,
samira.60,
zohresalehi748,
maryamkhazai,
yeh_dey_mahi,
raman__design,
leyla_nikjoo,
saeideh._____.p,
h.b2882,
amirreza.shadan,
mahdifarahmandoficial,
amin.bagheri1988,
abbaschenani66,
hamidhing,
milad_dogus,
mr_tm_mamad,
sara7846_,
fatmahaljraued_94,
dharialjanahi,
_mh02o,
sh.2909,
af811_,
taraneh_beauty_haircolor,
hojjat_mh89,
moaref.ghasem_,
amintasofi,
hamid.najafi79,
masoud_hosseinzade93,
ssaradz504,
chichak.r,
maryam.masumi38,
zib243,
atc0,
vafaei3dacademy,
diamond.gold94,
miti8685,
varaki9434,
sahar.molzemi,
malih_bd,
mabbasi302,
marziyeh_e,
tm3061,
haleaccessories,
andia_navazesh,
delicakesss,
hosnavazifedan,
hakhamanesh_silver,
_mjr_7443__,
hollywood_20001,
salda9320,
yoones_khalili,
fa_ti2889,
n_abbasi_online,
dn.yl5363,
najme.hajizadeh,
nobaveh.95ins,
fadi.26,
_seyedmohammadmosavi66.fan,
fati68749100,
karimronje,
mehr_n6423,
setareh_1405,
aylin.an93,
sl5048,
wolfareeen,
diin.26,
soooopyy,
ilena.1420,
doosh3920,
essa4342,
maryam.13679890,
simin.moosaali,
mehdikarimi519,
sadafgold_1,
syl_shwq,
farh_h2017,
g_hailg,
sara202sh,
memo_2hmad,
rneesh95,
f6om.zh,
meme2001586,
waaoooda,
f.5971,
halyoubi60,
royal__611,
morvarid_daryai,
arman.92847613,
sogoli2275,
content_marketing_,
mm_abanqueen,
reza655664,
haniii1373,
ronika.1361,
hatampoor96,
mamadd3054,
m.ava.95,
hajia_lailakuta,
tla3a,
aprar_mohe,
xspp53,
i39q,
saltbiscuit,
gildaalinezhad,
minasaboohi5510,
rominaashrafi2,
t.shirzad.1110,
tahereh.gholami.1988,
zohre.z1364,
setareh358,
shivaaaa_mmmmmm,
fatemeh.k.66.88,
mona_zare_org,
niltqz_t,
roya.doosti.73,
ghoghaa,
rahaaa8537,
nargessadat.hamdi,
xb123123,
zhrlrbylhrby,
sod.alom333,
hoseinahmadi4827,
vihan_13961213,
fayda.ir,
amir_er3,
alireza_taheri_ostad,
shahrzad_ahmady,
kosar.g.asl,
samira.feizi99,
elham.vdy,
amoonaziadah,
masoome.rahmandoost,
miss.srp,
mmg369_,
om_wasal,
alsalam_news3,
noofee_97,
shahadsmg,
bestrew1212,
shoxss_,
ii.89a,
m_salehi3631,
_anita_heidari_,
m_y_pv,
_00m00_00,
mehdi._.shakhes,
honar_az_hameja,
yasaman43213,
dorostkon,
abbasmahdilo,
__mah_mitra__,
iiio_o1,
fzhlrqy123456,
azize23147,
mototourist,
_h.ajmi,
arooga28,
jalaltorkzadeh0830,
_khanow,
rumman569,
sajjad.3180,
milad_jewelery,
azar.talouni,
soleimanii136112,
miss.sani72,
zhra_mhrzad,
spdspd66,
m.o.shtarak,
sahand.mohamadi.7391,
time_everything,
ehsanrejebi,
sadegheskat2336,
monaroohi,
yasin_ahmadi_7,
siavosh112,
waleedaljandal,
i.0m8,
k.alsarhan,
hamidreza_fffff,
zahra__rezaei78,
tiana1371mmm,
ku_33_ut,
alshater_cofe22,
a_k_albalushi,
al.k5ld,
meem.alshirawi,
m.xn3,
nafas.sfd1989,
dariush.sarkhani,
adad.mahmodi62,
z_farnoush,
farahnaz_miyandehi,
nahal.eshghe.mami,
smoo360,
noonaalshehri,
khadija.hash,
soosoo11170,
bnan17,
al_110_a,
sedighe__l,
lidaaaa__1390,
akramkhosrozadeh2018,
ati_hz1,
mesi_6801,
sepehr1414s,
sohrab.azs,
atena.mm,
mehdirahimi4904,
msvv_maryam,
alikeshavarzi1378,
reyhane__bhn,
shivaqarib,
mitra.fadakarr,
k.faeze9,
top_videooo,
_boshrarst_,
marzieh.akbari.co,
eli_babakhan,
niloofar_h.m,
fereshteh.fbh,
ahabrinia,
soudi_nazari,
nikooirani,
hmdd5542,
fargol_f,
morikhan48,
p2p.photos,
ass0011,
aaddaa13331,
r__2,
ibrahim3li,
al_mawash,
aboode_1253,
hmoosaadoog,
mohamed2233o,
n_055515,
nourafay,
popo37999,
vannesaa._.dl,
yasi.m.s,
_samira.abd,
btmahi,
rominanobari,
4055zahra,
joojooo.5,
s.rashedalmamari,
mustafa_alyhyaai,
mk_77__,
fatm1691,
m97od,
farzad_mardani1,
bartrinhaye.aroose.ahvaz,
rezayarm_music,
hairextension_mari,
asad_ghadri,
mahdi.mj_2060,
apshabnam,
gallery.anisa9197,
shafie_8165,
shakeriraha1355,
ch.soraya87,
naghshe_mandegar_,
badalijat_shik_ziba,
marjan_hhhhhh,
zarrin_gallery_,
megaluxer,
marjan.ora,
akss__city,
eeolaf,
436z,
sadeen_soosi,
sana_babk54,
fz.uc,
judy_rhebany,
mo.id95,
haneen.ra,
jenozv,
gallery_venus79,
gallerydenizz,
mahanebrahimi0111,
milad.kianpars,
3drsh,
nanosilicon.ir1,
niloofar_abooie,
mobinaa_babaeii,
sogand_gooran,
mehdiasgi,
___ro__sha___,
_._shell_,
fatimahamidar,
kowsar_na9495,
yosof__homayone,
mrpackk,
nastaran.d_1997,
maryam_mhd97,
amiirw_hp,
alidashti.631,
behrooz68rostami_,
zibazarjewe,
bahar.p86,
fatima.moltafet,
sa.mira7724,
arash.nakhodaei,
saeedegrd,
ajiadi_2002,
0rahem0,
wasaeiif,
tief_100,
67ajjj,
0fatima0_,
masoodhmi,
dimagoldgallery,
asal__asil,
fateme_m_n,
foroozanrstm,
aylinalamdari,
fauosm,
snap.t_s255,
uix4__,
fhzhdhfd,
reham.abdulla.5249,
bomt3b93,
f.7.0.0.f,
respinaaa2004,
qsmzdhrqyh,
zakki_ansari,
masoume.ch70,
fatimasafari51,
al.iii3268,
z.d39,
vajihe.janipour,
faride3855,
mahmodmiss,
jlalwani707,
__ccccccvvv,
wleed_qw,
ghazy2017,
cxzsf1234gmail.com5056,
jj_q7,
qarni41,
zariinbox,
s__aat75,
fatemeh.sadat.1992,
nazlirassoli1371,
arezoo_mobarak,
saeide0072,
elya40306225,
mws.6012,
ghasem_hossini,
mhmd.9541,
jalal1234567i9j,
tahirovy,
faloo133,
sahar_daryaei81,
salimeh_p.j,
omo_kanem,
agazadeh1423,
ro.ya3353,
merit.1391,
ashrafakhondi,
maryam67gh,
mina_hazrati,
sarvenazbanu189,
mohammad_44_mat,
fariba.kamali26,
sakeenafalaknazi,
mina.ghasemi.92798,
koohsari1378,
fatemeh_666_,
fatah3209,
96_____fa,
0arj_97,
aayy9966,
daajm1542,
mhmaed_alrhbi,
a3trafat_______asu,
badawy_noha,
a_bb_ee_r,
ah.ma3424,
ziadeltawil,
q_alslole,
dollar_gold_24,
arianmohajerian,
masoud.mirmalek,
msd.ez6485,
aminidr,
reyahimohammad,
alimansouri1975,
dokhtaraneh.ha,
aroos_ziibaa,
masome.i,
football.khabar,
weddingjournal.ldr,
elnaz_sharghi,
ehsan_jon123456,
tala_golrokh,
morteza.khaziravi,
nemat_ramazani,
lynqyhaamyrjsyn,
bo_s3yed06,
s__y66,
kwt_performance,
a66rx,
alielanezy,
yyy9773076,
tabel_laser,
soma2318,
asal_jazan_,
wasaif_23,
fati663,
nardin8177,
mahnaz_amiryan,
behzad__jt,
neda_naeema,
seidmahdi77,
mobina._.f.t,
zar_zar3385,
golezahras,
meysamsadeghy,
mahemaan,
___lmtoe,
reza17414,
maryam.msv71,
maryam1234mf,
nasturtium7,
assa.laser,
mansourkaradi,
omalialmajed,
jewel1989jewel,
zaqplm0000,
klmet2018,
i6gid_,
no00one1,
nm.psychologist,
nastaranyo,
alone_gold,
masoomeh__ak,
shararehasadiiii,
ava86605,
ra.av,
kettanehnoor,
aryam_aziz1221,
mohamed__photo,
alsh23_,
arezo_4999,
rahele_roshan61,
elahemr1361,
samaneh.motavalli.zadeh,
e.raha.sh,
nazila__ak,
mamad.dehdashti294,
aram.10782,
model.lebas.tala,
ocean._of._art,
ana_____pv70,
jfrylyrda73,
brhymly8750,
ahmed.1804,
mahdifoladi4,
nor_ali_soleymani,
bny3918,
fborhani8174,
drmadihi,
alexandrite.iranian,
merdas_motors,
rezatajvidi7723,
chooser_world,
ali_shiraz__star,
dunya._.nader,
hadi130011,
talajat_khoshkhorami,
zxcfun,
rahakia94,
nfs_yazdani.1396,
shivabaygan,
hedipes69,
moji4623,
hadi.impala,
summer_clip,
nasrollasoltani,
hasti.rostaii95,
arashvincent,
sajadshabani3,
azamabbasi7445,
abolfazl_noroolahi1380,
ll.arashh.ll,
pouryash919,
nazaniiiii79,
lojain_93,
o__taif,
nou.a5,
rozmare97,
gitasattari1711,
shahrzad9586,
hossein.amini.92,
dokhtar_e_ariaee_,
rajabih4246,
krymynrgs69,
mahdi_gold_2,
yass.mohammad,
chalesh_shut,
_setare29,
eliasadri65,
diamond.88__,
mahshid_b.kh,
hajali525,
maryamm7091,
tahereh_gilanii,
rezaeihamideh,
amirabbas_a.d,
amir_ashkan_ghiasi,
alikoozadmuzicband.kish,
nila_na2,
bagh.vila.bu,
rezaei_parvin,
jabe_javaherat,
sinanaderpor,
mitra_rahaaa,
soooma_ah,
lofe_od,
soso898986,
mro55899,
amerh_100,
wadea11alharbevfgg44,
taherehasl,
parastar.13671,
_isoori_,
delman.mamand,
bahar88o,
tooran.nazari,
beauty4eveksa,
gal.win8837,
ferifasihi,
im.saharr,
79p.v,
_yegi.sh,
narjes_nbk,
maryam.mehdizadeh,
yegan_66,
hajizadehakbar88,
trhjr,
salashour_z,
hoseinyoune30,
mansor_vejdani,
omaidzaheir,
h.o.s.e.i.n.009,
omyd7328,
ali_hashemi_nayini,
bahman2234577,
mohammadreza8hayat,
alirezak7624,
masood.eran,
amir.kia00,
m_qochi,
brhymklntn,
abbbaiaia,
roaa.fahad1983,
mehrdad_fazeli_hmd,
ali.stamp,
rayomand82,
ppjob_,
oplgfx.ir,
haftkhan_restaurant,
f.h.706507,
mhn7096,
m.b.a4109,
volleyball_0631_darabpor,
azadeh_om60,
mehdimohtadi,
miss.b.a.h.a.r.r.r,
miss_niloofar1376,
dokhi_nazar,
mary_452b,
rangarang.2016,
mojtaba_khayat73,
hsynmrdymqdm1346,
tala_sefat,
reza_._0901,
alialkurdy70,
omid13136074,
6700sina.m,
2x__fozz,
asma97459,
abomohsen121,
mhtb8454,
sh.abnam8282,
hosseinkhan795,
rmhrjw,
siiiii2550,
rosha7532,
rajabi_razieh,
al.ii463,
ashpazi.fafa,
rubygoldgallery,
_daly_,
noura_abdulilah,
laraalhussan,
pinksoul36_,
renad._,
norah_saud14,
thatkid_deem,
brygreatah,
toddygotti,
relativelyasja,
jayyshine215,
david_blank5,
taranom_juju94,
miss.kosar_19,
elham136813632752,
nafaslovelv,
mozhi_mahan.heydari,
bargh_anjecktor_jokar,
cosbeauty.sa,
chap.silk.pars,
morteza_karbasian,
reinamagazine,
nadi.h1369,
navid_karamiii666,
zeinab.nazari.61,
432_678,
behina1395,
atefe.nasi,
talaye_khanoma2,
talal_sings,
elmoonstone_,
kh__x90,
ffds4,
azizalmater,
shouqa78,
painting_modern_73,
mojgan_soltanii,
zahra.ne0213,
mahastanikkhesal,
eksirjavani,
kammozd,
pariii_1273,
alirezanourollahpour,
sai.mozafari,
hajer.nzkhs,
maysaamohammed11112018,
shahla_.13,
talahejazi,
r_al_1982,
jayid_alsahli,
ti.a0,
talalovesyou,
i375,
fardin_gh97,
mahdiyeh.s.h,
abedmaedeh,
almas_ira,
mahsaaa.alm,
maryam.so_,
mrsfatimakarimi,
r_u_s_h_d_a11,
farkhundeh_y_s,
dokht.arab.iranzamin,
maryam.ap1120,
virensoni9782,
nt.maryam._.79,
shaghayegh_graphy,
liliom.mz_70,
siyah5822yahoo.co,
nastaranpakzad,
marzieh_heydari,
donzxin,
m__48_,
hessah_a,
nfa987,
omadelmohamed,
fatima_moussavi,
aroose_maloos,
dalvacarlos07,
me_wrd1,
m._.llk,
jihan_al_oudah,
nqh_20,
m.jamal962,
55_mf4,
maralnikkhoo,
hana22ali105,
elnaz74ebrahimi,
amonabizahra,
galleryzarkadeh,
jeyran.noor,
ummahdi99_,
ez.eu,
ziya_sherif,
hamid_farjam57,
toranj__96,
mohsensinister,
ferdowspackindustry,
chapelhaam,
sohei.107,
adviejat.ahmad.jalali,
jooker_______17,
mms9040,
amin.kord.24,
kiaan.93,
yek__fenjan_laghari,
kind.shz,
poopak_baby_store,
zs173157,
asaljooono,
mohsenneyshabori1360,
_mhsa_njzd,
fateme.6415,
fereshteh.tohid,
lotfishaida,
monirmosavi8,
mohadeseeeeh.m,
ahmado1210,
mubarakalmutary,
fwaz17,
amirlokzadah,
fatemeh_b_71_,
hadis13613579,
hana.saffari1374,
diasy777,
samane13_76,
yaldamaloos1,
lslm5737q,
abdullah.l115,
anoonaa33,
gramasssal,
hussain.ali.naseer,
daisy_6699,
f_30m,
00sl.1,
saudasa,
abo_roose15,
bader_almanthari11,
natt123411,
frnz_sh73,
mahtab_manesh,
mahtab.bakhshandeh445,
soosan.samiei,
fereshteh_9882,
yazdan.mk,
bahar88656,
nafisayaghobi,
sara_8913,
shoroughussein,
ghasrezarrin.gold,
trlwrd859,
d.desstiny__,
1lil.bam,
savageboy_zeem,
farkhondeh5138,
mahmoudjamali1358,
majid_hosseinii1357,
aramisajad,
mohamadgift,
sobkateb,
reem_sa312,
b_eero1,
shouqalharbi2030,
__sheemo_,
rima662211,
b.safi21,
maryam.njti80,
m.a.r.s17,
faryadsalmak,
nazizare1111,
kifkafshzarine_raha,
farzanehazhand,
sweerax__,
mrymxz_,
ttxj6,
mfmutairy_,
_3wami_,
rah79l,
mohammad_hp912,
sisi4319,
irajbahrami,
bella2000bala,
laser_noorateb,
zieynab.p68128,
eli.esmikhani,
kor_lor.rashki.s.a,
shz2266,
said47324463,
salade.makhloot,
hamid.sam,
b30_a,
saramogadam3,
ghaz1161,
azi_yarmohammadi,
ziizii.photographer,
farzona468,
jubiqe3,
shirinroshan.photoshoots,
signoraleila,
rozhin.rabiei,
elhamroohii,
pareeafsa,
snbrim,
pedram.chm.p,
aty.hj,
sheyda_shabanii,
mamadreza5031,
l.1518,
tasneem520,
shgawaa18,
3eo0ony,
zydbdllhlnzy6,
ardeshir877,
negar_s1391,
mahsa.jaaan.23,
fatima.jokar86,
maryamobeydi,
bjahandar456,
_elham_alma_,
samin_6472,
arezoo_taeb,
moeinjokar,
mary_shams1377,
tooska76_you,
mina_std9774,
vida_karimi00,
paria93739812,
rojyar6526,
dnyzylh,
shadi.mahbobi42,
maryam__gozali,
abscgddj,
mohadeseh.6837,
erfani.64,
raha_zarei2300,
fereshtehofi,
masomeh.farshad,
zinab_84_91_95,
__anisa3444,
ma.ry2465,
neda_mansourii,
sarapishdar20,
_zahra_m75,
neda_donyavi,
parastoo.maghsoudlou,
ebi_gold_gallery,
happy_elf63,
shokoofehghorbani,
shivasharifi__,
elahe.aghaei.94,
tarheniloufari,
marjaneh70,
arezoouz,
laleh.madadi,
rman.nabeghe.official,
maryam_ebrahimi.pv,
roozbeh_esfandiyari,
_silentmovies_,
rezaamani1397,
_ramen.3880,
2.ghazal.kiyan,
herbal_noosh,
mahdiehakbari547,
meli.a.a.s,
zahra01928374,
mesi808,
masomeh__asd,
hadiis_hm,
fereshtehk96,
mahamadhoseynzade,
ghanavati805,
67.67sd,
asma0_01,
3leenor,
ha1988.s,
measho44,
mmrw2961,
entezar78_90,
mr.amjadian1985,
ar.ef313,
nthaldibe00,
joodalotaibi1,
mahdi2112nnnn,
shima.134975,
farshid_bavarsad,
azadbakhtiyari,
nirsan_arya,
girls_cl_me_romeo,
bano5246,
hassan_elahi1,
mohammad726050,
kaidalkaid,
r3i.1,
kl7676k,
matjr_nht22,
maymisho,
aboodxkhotmail.com_,
ambiguity.designer,
go11go_11,
almash3el,
msb.jdn,
toto_1990_,
atefeasadi137,
yagharibemadina,
hadi_h.o_o.sssn,
esraasalem92,
samire1374,
bhfrin.55,
shatri_store,
ank893,
habosh58,
fooofy1233,
shtoot1398,
wafa1239179,
dress_moony_,
rym6363,
dir_,
nourlaa,
njam_050,
rivira_botic,
abooodalgzaoe,
amrakanaltyby4,
zoom.barbershop,
dizisoltanie,
ehsastota,
amii.32,
jooj90900,
jeddahnightcom,
theme.111,
eamyy23,
amal.6702,
mini_sweets99,
reemmaa9020,
sosotiar,
um_sara_just_clean9,
shar098sl,
blakwith3248,
shhbzy9875,
ali_oladi_,
fnfnfnnd___2927,
wa._lr,
khalid_al_saidi,
king_of_benz,
i0.z6,
j_1993m,
fisal_alhmed,
ikjhmnbv786,
9golden8,
c5uy,
sozok1000,
3yoosh3880,
narges_laser_clinic,
ss.sss214,
rayomh94,
_tala_77,
tabel_laser,
f.5971,
royal__611,
tasneem520,
tla3a,
zhrlrbylhrby,
kl7676k,
ss.sss214,
hosseinkhan795,
mdh8213,
paints_taif,
kdy4786,
eamyy23,
mansooreh_rahnama,
farshid_bavarsad,
mehrnoosh_13625600,
ziadeltawil,
moona6622,
um_sara_just_clean9,
njam_050,
rivira_botic,
dijichap_,
farzane_jam_68,
saeed2space,
asma0_01,
beggastarek,
wafa1239179,
mywsf6045,
ehsastota,
amii.32,
tabel_laser,
v_ip101,
omkaledalharbi,
wafa1239179,
beggastarek,
hanin8827,
haftkhan_restaurant,
mehrdad_fazeli_hmd,
ppjob_,
waaoooda,
rayomh94,
asma0_01,
dress_moony_,
rym6363,
halyoubi60,
royal__611,
tasneem520,
shosho.m.s,
om_aleen2,
aa_105048,
looolooo1402,
eamyy23,
abolfazl_noroolahi1380,
saeed2space,
stanlazerka,
amerh_100,
reemmaa9020,
almash3el,
blakwith3248,
rosha7532,
mehrnoosh_13625600,
bhfrin.55,
ss.sss214,
taif_dekor,
rose.chalet,
boutique_roos,
tahanyalsulaim,
soma2318,
meme2001586,
mansooreh_rahnama,
hosseinkhan795,
shopping_taif,
f6om.zh,
sebastyanmeixger,
behbood_kianfar,
colour_and_motivation,
tla3a,
i39q,
ez.eu,
ziadeltawil,
q_alslole,
ah.ma3424,
shatri_store,
latifah_1112914,
joodalotaibi1,
wasaif_23,
3leenor,
almahrom65,
lofe_od,
measho44,
mdh8213,
aynaz__1992,
nazij2021,
ho07q1,
sonja.gurmel,
azamabbasi7445,
shhbzy9875,
ar.ef313,
mc.zeone,
om_wasal,
saltbiscuit,
zainab__pasha,
shroq_moh,
pasha_khan2002,
omadelmohamed,
sasso_99s,
ziadeltawil,
marwa_tharwat90,
ank893,
tla3a,
c9d_,
saltbiscuit,
alaleh_joodizadeh,
badalijat_shik_ziba,
model.lebas.tala,
ali.stamp,
mehrdad_fazeli_hmd,
haftkhan_restaurant,
toranj__96,
ah.ma3424,
ank893,
njam_050,
almanqour_electronics,
saltbiscuit,
tla3a,
cosmic.tab,
faafoooo,
go11go_11,
llii101li,
lofe_od,
aboodxkhotmail.com_,
ha1988.s,
mywsf6045,
amerh_100,
amii.32,
11__ssk,
interiors_in_sa,
dress_moony_,
beggastarek,
asma0_01,
mansoormansoor85,
ixvu5,
njoud910,
mmoo____2211,
trnym2461,
ppjob_,
mehrdad_fazeli_hmd,
toranj__96,
ali.stamp,
ppjob_,
oplgfx.ir,
saeed.sajjad.67,
massageer,
azamabbasi7445,
tabel_laser,
amerh_100,
amii.32,
ehsastota,
ziadeltawil,
um_sara_just_clean9,
moona6622,
sccfvv,
cosmic.tab,
tla3a,
bdrcsgna,
saltbiscuit,
marisa.v.sam,
easternengineering,
baghe.meysam,
meme2001586,
waaoooda,
mini_sweets99,
soso898986,
aboodxkhotmail.com_,
measho44,
maymisho,
lofe_od,
lolyedrees,
q_alslole,
lixril,
amrym071,
mmoo____2211,
mtabh96,
ra2018d,
chapelhaam,
tablighat_houra,
bookingvilla,
drnaghibi_lipomatic,
faslerouyesh_camp,
s.me_sam,
xsuuuf,
amtala1402,
esraasalem92,
yousif.salieh,
nfa987,
talent_family,
trnym2461,
sebastyanmeixger,
saeed.7661,
jackwatchesandsons,
f.5971,
cherr_me,
3leenor,
