fatemeh_nikdel_moshaver,
kariminegi5,
ma.ri140,
frnkhyqwby,
kimw_20,
ghasrtalae,
zahra_gholami.76,
tavanaei.saffroon,
farbodi.1362,
fatima.ajideh,
banii.72,
akr5295,
ba.ra48,
khomarlou.vafa,
z.mohammadi6763,
radbehsanaei,
elena_ahmadi_3130,
ra.ha6783,
sorousha2321,
saba_gh6443,
sanaz.mahmodi4,
aram_570h,
bita4222,
nafise4951,
rezvan.hjv,
h.sbn70,
maryam.zahery92,
ganji9449,
asaliiiiiii9375,
zahraalinaqi,
aziashrafiy7444,
charmimahsa,
banur_aydn,
km.nemati,
mhmdamin.jandghi,
dangergirl_m_,
s.raha.s.bi,
karenahmadi8853,
baran_mahanam,
sin.akb,
mnp6320,
quran_nafis,
hedayati6060,
queen.sara1362,
anna.h7422,
zahraa.hamidian,
queen_qazal73,
elham_tavakoli.t72,
jewellery_golrokhsar,
ghafarimoham,
nasrinaboodi,
sahar___8899,
mahsa.aghai2016,
mehdi684202,
53.78416,
doctorbett,
gharchine,
_samaneh_1993,
kasramobl,
torang.19873,
maryam_p9753,
elmh8414,
farnoosh_sam,
m.bigj,
saharrahimi73,
shirinerfani,
moayedi.82,
zare0sa,
miss.zandi,
aazarizad,
kazem2k1h,
mahmood57a5031,
g.h.taraneh,
seaidpoorjani,
swarovski.liilaa,
9658.maryam,
fatemeh.7540,
armynbbdy,
_afsaneh.gh4818,
fazeli874,
feri0y,
somaye_2b,
_reza.bnd_,
_fatiw_fz_,
s0gand1392,
ashrafy.75,
donya___7731,
darya.k11___,
aysun.selena,
2m.mehr,
tabeshtaraneh,
sabaramezzz,
siavash_fan,
mrtdyshykhlwyy,
mania7750,
s.h.rajabi,
henie_nj,
negin_ir98,
rezaeemasome1926,
swgly47,
_._farzaneh96_._,
hamed.e_h,
shaghayegh9144,
hamed_urumiya,
ahmadbloch5,
amm1562,
amdad_khodro09393212138,
m.vahabnezhad,
aliheydaris,
afrah380,
marjandashti95,
roshanaei_reza_,
ashkanfarin,
khademian1358,
dokhanchidelaram,
nazgol_shop_,
javadbahadori34,
delpak_arash,
kima.rh,
nail.tarahi,
shyns5,
s.s.9126,
manije_jafari,
r.s.r.91,
amirali_bahar_fan_,
nooshin_aziimii,
t.t9800,
bagh_emarat_ghasresefid,
ghazaleh_naderi1375,
ali_abdolvand_,
street0219,
adele_sh,
raha2376000,
f.fazeli137569,
najme.omidi,
___.sara.r___,
kailan.gyan,
hanamoosavi68,
bosch_ariston,
fawzya_hussein,
___babaak___,
_._naazi_._,
police_nopo.313,
sanaz__mohamadi76,
beauty_land_s,
hamidmollaalipour,
mitrazaydabadi,
askari.construction.company,
mo.na2163,
marina_lili92,
morvaridshakeri,
shaaadi.ttt5,
zahra.njty,
rezvaneh.shki,
aadil.shaikh1,
m.o.n.a_kz,
bano6312,
zand1993,
barantaqipor,
mahtabsadeqi_1,
narges__riahi,
_parpari._,
sepide_jay,
raya_kartrij,
rana_beidaghi1,
sama.aram.b,
marjan_masoomi62,
samin_moein,
eli_ahmadneja,
smrlgrhmnqvrkh,
azimebbrn,
ainaz26766,
halemansoobi,
baranghasemi20,
mahi.m.m1230,
taranomre,
baran78684,
farazgold2,
sondos_ayoub,
majholat_hoviye,
s.abbasi65,
taknar19889388,
ali.arjmandian,
mahsa.sadeghi_92,
imforough,
aidaazarnia,
7554_maryam,
se_p_i_deh,
arash.mohamadian,
feryal.gh18,
mahsa.behnaam,
dibayasi,
mtr.mahhsa.tr,
sahar85878587,
neda_cici,
shohrehhhhh,
sh.rostamnya1,
nafas.fingili9,
__.__aida,
mahla.vzvri95,
sama2010ne,
abdollahi_nasi76,
hair_asdbn,
rdhqwqy,
bime_sina.sedighi,
alirezasoghrat,
sanarezauie017,
hamidehslm,
sarasae3001,
samanmaghrebi,
benam_______,
shirin_merikhi,
shivaii17,
miluzjdusi,
586fdc104a,
chape_star28,
akbar.ak1234,
hamidkkoo0098,
mina_faghani,
poo900po,
kurdisharmin9,
kaiserdiba3,
sarasae3159,
pesare_bade_bad7,
farzadcoyg14,
ershad.star.aramesh3,
nazi1379nazi,
barana_bbo,
a.m.i.r_121,
fahim137070,
rahaopx666,
love.tresaa,
hesseshhas,
hemn.kp,
tanagraphic,
sarasae3125,
marya109m,
mr.mohsenalboghbeish,
hastiiik2,
_.o.x1,
raminv_6,
mahyarks79,
mmmhhh22125,
eli_mazari_1,
hiva_radi31,
sarasae3139,
parasoj7,
unclear.z,
aaasi1125,
sarasae3157,
emadniromandrad,
sarasae3044,
top_ideas2018,
yasinz_z,
rikoo241,
hkj138282,
dr_kamrann,
nicole.z.s,
jabbari_mina,
sara_gh_gh71,
bedreddindursun,
m.iizadpanah,
selena.gallery97,
decopelak,
llmy2234,
saba.amiraziz,
t.alizadeh1985,
_soodeh_shaghaghi_,
rahele_karbasioon,
sh.naghizade,
jolie24500,
sanaz.kodori87,
z_tavasoli_,
msanaz691,
sadatmirabdollahi,
z_baharnarenj,
mahsa.mirzaee.b,
__sweet._.heart__,
marykh1988,
the.night.teller,
firooze_motlagh,
dr.niloofar.nikbakht,
somayeh_dolatzad,
m.a.e.d.e.p,
hn.haniyeh,
fateme_mosavi_f,
pouria.iranpour,
sensiz_gunlerim_08,
_sssanazzz_929,
mojgan.a1881,
sogol8155,
avinyanieshgh5392,
mrym.3366,
shiva.farzi9099,
sahar.yazdankhah,
safa.kazeroonian,
fnc.fnc.fnc,
hsnimt2803,
___elmira__elli___,
helenaskari66,
ya.saman238,
yd.2783,
norooze1365,
maryam.azarmi1375,
vv.vk.1986,
ngolerose53,
ma.hyar8870,
boshway,
ferinaz3192,
hiva00090,
atena_sirvarmaz,
n.rezaei85,
samham.9296,
am.ini98,
farideh_htm_,
rwjyn4832,
nooshin.salar2018,
sepeedeh_1997,
ziz1007,
vrojak.m,
hamzehali931,
majid75174,
salna.teymouri,
mina.movahdi.64,
eli_kkkklll,
_._zahra__h_._,
___enferadi___,
zahrasaed1372,
zkazemabadi,
negin_s1722,
ha.sti1909,
zendgiiiiii_mannnnnn,
saharj510,
mehrsam8313,
photooooo_99,
sevdaaa_gm,
mahs.sepahvand0,
rdwyn5071,
fsh7221,
dodota_mezon,
pari.paj,
zamanih145,
sh.aghayegh3637,
farden316,
mhk0008,
nega_mustaf_a,
mohix.h,
mayami316,
fateme_ghahremanlo,
niyazi_arman,
realestate_shemiranat,
reza_kashani2010,
ati.savar7,
bahareeeee215381,
frwznrshdy,
setarehataeiyahoo.com8866,
mohammad.com1377,
parisan.7467,
salehrostami8101,
amirkhan.divani,
faezeh_m_316,
sedighii_seiedhossein,
nina__6975,
dralinezhad,
_mansoureh_m,
maryam___m.a_7973,
n.nouri1,
mahsabp,
mm_68000,
mehr_28000,
saraafshari88,
__miri__sahel,
milad_kokani,
ct.vhd,
nazanin.ramezani70,
n3garin23,
yousef.cohen126,
sham_fantezi.ap,
mojgan_vahdat,
kh_nnhh,
fat1377emeh,
mery.gh1980,
shina_ghazanfari_eb,
bahar.r.t.original.1,
abbas_salehnia,
hassan.saki.1353,
akhavan_elnaz,
esi.h.k,
nima.nahanii,
roz1339262,
ftm.ffatima.leo,
ghazilii.pv,
mialsi110,
marym.a4,
nesa.talebi,
miss_eli_emlaei,
fershtepersanan,
hassan.mohajer.88,
m.h.nikroo,
emtpy_user4,
esteghlal.winner,
aref.f2486,
alireza___arh,
sarasae3095,
___yaaaaraaaa___,
mazmaz2222,
bcvicui,
mirza_41409,
6topads,
ebrahimhomaunipor,
urr50tx17,
badgirl66_77,
abbastkd1379,
parsazaeimianzadeh,
habanaring66,
eshgim_fagat_mahya,
vaniya_seed,
erfanerfan02,
rozhin23215,
hmsihg344,
binam_58,
yama540,
__sevin__2016,
parham_dehkhoda,
asalishsh,
goldoustmahdi13803,
jxuxhhx,
sahra750f,
balouchestani.afarin,
_mohammad_bavadi_,
r_81_81_r,
arghavan.karimi1065,
mehrbanooo5,
honey_4472,
miss_violet1989,
maryam.maghsoudi68,
asi0852,
sara.7216,
mahsa_mohammadi.ma,
amirmahdishojaeiiii,
farhad333564,
zahra_gh_1068,
yaaaa4879,
termaaa_sana,
fafar_hgs,
mohammada2979,
najafi.abdullah,
delniaamiri1370,
__._.fa.__.tima,
buy.followers.611,
_fatemesadat.mousavi_,
ebrahim.gh3,
bardiya4745,
hadis_5566,
mohamad.bahrami3057,
ferih2379,
reyhane_marzban,
del_tangi1,
resturant_taycis1,
ahmad.sunboy,
parisamahboobi1995,
3315_l,
etemadi.f,
67899f,
soda.zare,
ayda.5503,
mrs_h.r,
a___ae___e,
f.noroozi4286,
hmp.silver110,
r_ashoob_s,
mahsa.8243,
nahid__behrouzi,
rendhyanto,
tylrty1732,
saharakh688,
___mahi__s__,
s.ys.867913,
mari40444,
queenaholi,
duug.cn,
miss_sanaenzhad,
milad_alboye,
pastry__honey,
shima_abdi88,
rose.m74b,
sydsyd608,
ladan_.pv,
_sara_khalili,
roonak90,
shimahamrahi1363,
mehdi_gholami_tab,
anahid_2016,
vania_zr97,
shah_fatemah,
saraasadolla,
ali.shokrane73,
ya_zahrav,
marzye.adrina,
maryamebtedaeii,
parisa_shaddel1379,
somayeh_imanii,
ph_masoome,
arezou.ak,
mahooor.decor,
nasrin_emm,
sh_s1319,
tiruwini.m,
lila7175002,
behnam_baratii,
hashemi13790,
shahrzad7774,
emerald.decor,
parvaneh.ebrahimi96,
hojjatmajidi1991,
kianaamiri2017,
mh_ska,
_niiiiillllla_,
amir.parsa443313,
azadehgolbaba,
lida.krbcy71,
baranpnh,
javaduf,
fatemeharab1394,
tabarestan5162,
elieli9076,
sam_clothes_desingner.382.27,
h.sarikhani8345,
mahsa_bakhtiyariiii,
_m_a_h_1381,
fatemeh_63522,
z.pourmirzaieee,
zahra__12345_________,
mahlla_766,
afsan9565,
majid.taran,
tahmineh.pf,
yalda_1395_6_8,
mohammad_gh__tatality_800,
red_fish_handmade,
gift_apameh,
zahraahmadian444,
mis__shafiei,
parsa3361,
maryamahmadi.6412,
ali.alipour1990,
ar.ezo5263,
nesa_jalayer,
hoda_dehghanian,
shahsavanii.m,
kadinannnnna,
frankflorez2017,
kh.measoum,
maaa.rrrr.iyyy,
paria7458,
mo.1374.alm,
shafiei_1991,
sol.1518,
mahiya_74,
farhadi6848,
naghmeh3583,
fa_only_im,
mj_mohamad_jolharzade,
javad_salaamat,
zahra_fn2000,
needaahoseinpoor,
yasi.life97,
niloofar5835,
miss.m2824,
ha.s.tiiii,
bahar.6198,
rosha3300,
fateme_brnd,
mostafa__zare,
__bahar__y,
miss_kzi,
khatooni80,
ll__sahar,
n_a_bas,
moayedieli,
mhe36,
sa.harii16,
khatoon563,
mastane.sadjadi,
mojgan9929,
somayevo,
siavash27243,
masoum1448,
zeinab.shajari1997,
sha.3983,
zahra__baghani,
hakimeh.tajik8,
cima.1368,
farhaddbagherii2017,
spongbob958460,
ardalpa,
_dorriin_,
miss.teymoori7982,
mozhgan6660,
82.65142,
wajiha2184,
fatemehdaef.19,
hoozad8,
hadiii9074,
zahra.nsp__1392,
eggsou,
m.yy_1994,
baran645509,
nilooofar6968,
elnaz.3046,
brdy9011,
mina_firozzadeh7766,
leila.karimi.1354,
banafshebazdar33,
z1e2y3n4a5b6om,
sevdaprll,
mi.no5,
khorshid_shams6518,
za.3908,
ladysolmaz1373,
homa.homay,
ra.em.83,
_.sahar_74,
_elmira_mm,
time_embassy,
mrs.kr666,
eada771,
ghasem_dastyar,
hengamehtaati,
alma_nihad_vahid,
negar_jafarinejad_7997,
sepideh_hf83,
medigimarketing,
haniye00tehrani00,
kiimii.alpha,
s.a3863,
maryam_ndy,
abouzarmohamadi,
sadeg_a_f_g,
fall__mahshid,
a.alian456,
kimiyaasadi1996,
negar.8120,
saminhrm,
l.a3031378,
khaterh9387,
monjiyar.rescuer.1351,
arman_yd6680,
gardin_jewelry_design,
loli7346,
sepidar786,
hoseyn6127,
samamoein7772,
rnqsmy9,
maryam.gh6716,
mahsa.33376,
ehsan.torabi.71,
sayeh483,
baaraan_1400,
amineh.banae,
nina_9877,
z.mohammadi7,
ailyn7574,
aftabb5622,
beti.mm2,
sk.co7777,
golnazmatoori,
saharrf__,
faezeh5245,
_imhaniyeh_,
behnazzz_sa,
shimasokhandangmail.com3405,
sabah4307,
love767925,
shiva26571,
kourosh.e.bozorg,
fatimarezazade8894,
zahra.ganjjii,
zz106459,
banogharib_r78,
f_abrishamkar,
amirfarsi957866,
mohsenamini6154,
neda.shahrokhi6354,
maryamzavarza,
parhamaliyari1361,
behrooz_gozary,
mar.1640,
hana.jahani66,
samibaft,
behnaz._.rezaee,
mo.zarei5971,
sheidatupal,
mehrihajatpour,
farimahmansouri68,
zara_graphist7679,
parisa85186738,
h_.javidi,
miladgolparvarbalouchi,
masoud73.sem,
pejhmanabdi7047,
mahden123,
elhamkomij,
maryamkbli,
nadiyaaaaaa.tabayi,
elivorta74,
shadi_2604,
baranebahariii,
masihoseinzadehh,
sama.hsp3893,
nik.a11292,
nafasparsa998,
avahs40139663,
biki8978,
elisaaaaaaa39,
mahshid69_es,
mohammad_sevenstar,
mery_javid,
rarmaghan8,
ba.1288,
reza_cj_r_z,
sogand_m.rad,
hadis.mne,
anika455221,
mohamadali_heidari,
sare_javid,
fatemehsharifi_79,
mahyaa_313,
gheysar_tattoo.art,
amirhosin3882,
leila_ndi_bn,
janebahadoor,
mohammad.daronparvar,
sh.allahi_68,
zizi77241,
mohsen_rm73,
masoudal3083,
n.fateme071,
gggg.neda,
shima__avazeh23,
fateme_hematii_1996,
min.mo.mgh,
m.reza__jafari,
artina136999,
aroosi_pedia,
faezeh_hassanpour64,
ali_f3448,
shiii_ne.art,
amir.mair11,
parisa.bazooyar,
hamide1027,
masoomegholami73,
_mahya_a19,
hasti_afg1,
sinaalipoor69,
tiara_zendegi,
shila.m8075,
s_a_n_a_z.76,
pariya153,
marim9733,
negarism,
samaneh.derakhti,
elsw_mt,
asadiiiiiiiii,
iranifarideh,
ya30.dad,
_pariya_ghh,
gol_tazeini_keristali_shiva,
nasiim.zh,
raze_salamti_newshanik,
____public_page,
a_kh_1993,
sheidamagh,
mahdiye_elhamiyan6475,
aassaa1763,
beautiful_girl7778,
maryam_pahali11,
f.talebnej,
pegahkhalajian,
sheyda_motevali,
healthy528,
asmw.hg,
forooshgaaaa,
mohammad_mni,
samira12341638,
mahdienaimi1811,
_fashiongirl116_,
h.zohre4105,
elaheebrahimpour,
sq_gold,
jewelrykade93,
maede_kmz347,
taj_khazirian,
mmmm.dr,
niloufar_vosoughi,
phb7691ra,
azadef4,
elmira_elena,
lmelika___m,
ds.saba20,
bot.bot1695,
abc12388884277,
nrgsshrnwrd,
xzridlniya,
naqmeh.z,
atti479,
elhammm7376,
hosein_karimi_7,
emad.firooz,
farnoosh.nedaei,
nshn.mhd,
sotodesadati,
homan_hotan,
sara___esfandiari,
yalda.13724,
sama_khorsandi91,
mlsvps,
eli.milad1122,
armitaariyanpoor,
samanhmh111,
amirahrabi,
saeedisareh,
cafe.to,
miss.simorgh,
sh.89984,
donidelfa4,
marjanfeizi,
roya.e11,
foroughdabiri,
shanel__sh,
ali7219khan,
mahdisalem2,
beh.beiragih,
hamed_fallahi11,
alireza_modhejian,
tamanaosman1992,
fatemezahra___sn,
zariiiii4801,
3828.sh,
miss_shaliiii,
tinaanajafii,
pbalaii,
imanzadi_a_72,
afsanforever260,
asalparsa5393,
mehdi_992018,
shaqayeq1373_,
saeidipeymaneh,
mahya7804,
mss_morix,
sepide1997r,
lotfollahiiii,
paniiii_123,
nazani_n97,
lebas_majlesi97,
sogo_sogol,
soudabe1394,
arash_80121,
zakarya1388,
tabllighat,
fariba__53,
mohadese__a20,
akram.ahmadiiii,
_maryam__goli__,
aylar__.__k,
mahsaa.mohamadzade,
faranak_africa,
rkhydh7384,
f_bagheriiiiii,
atila.tanhaaa,
sara.tara.2,
hparisa1375,
mehrnooshnemovi,
pegah.hz.ch,
mi_na4605,
modegram_ir01,
homa_65ps,
pariiiidokht_._ro,
abdmoradi123,
yousef.5267,
atiyeh.h.mo,
mehran_soltani22.22,
dream.fantom,
zahra_samadpoor,
safir24,
white.architecture.group,
miss.maryampv,
m.sadeghian9198,
hossinph,
khatere._.ghafari,
minaaaa_mo,
hanieh_gholizadeh,
m.z730_,
samira_vlz,
_negin_.nm,
baharkh64,
nazanin_rb1234,
m.bagher.jahanshahi,
elham.a6879,
hosseinyakam,
sarah_ebrhmi,
elakhanooom,
ghorbanizahra157,
mokhtar.hegheghe,
arz6274,
amin_ahb,
parisa_sa315,
a.mi.n.eh78,
victoriamehdizadeh,
mahak.bmi,
shadihassanpour,
__5598__,
frydwnbshndh,
shafighedusti,
hani.66a2585,
somayeh.morsali1980,
sisi_sepehr_2,
arezou1277,
hamid66415,
__.nadia_bahadori.__,
a1356125,
davaam_choob,
mrmhmdzm,
tilkaceramic,
s.m.maharlouyi,
hasanatefeh1397,
s___mohammadiii.6655,
bride_to_be97,
javad_karghar,
zaragozajewelers,
mozhgangh6610,
rickie_tharrington_115,
azhu.sh70,
perin_beauty_salon,
8khyn,
s.dris.1349,
javaherinaserabadi.com________,
ho_ssein5232,
tvqahih,
se_camila,
tandis7066,
hadise.akhlaghii,
missanfrjj,
yasin_mohammad_rezapour,
m.tayebi18,
saheltnt2427,
eng.ind2,
mohammad.s7753,
kamran_maroufi,
samira_khabbaz8845,
wwwsosoo,
hadis.hosseini62,
hmdsyhy1164,
starsmoradi,
_takpar_72,
azi716974,
f.a.f.a1397,
khaterehsadeddin,
alibagheri99,
m.i.l.a.d_ndr,
kosar_297,
masi.hiva70,
miss.fari93,
_roy.jam_,
elham_kian1192,
cosmetologist2017,
artin4797artin83,
mahdi.khosraviii,
1349em,
youtab.59,
faee.73,
ghazaleh_1871,
11unbreakable11,
elhamkhomayezi,
selma_nory,
mo.na2778,
anis.sh63,
zahra_sshr,
hamnafas.m72,
sepideh.kiasat,
goldmahtab,
mrymahmdy154,
afrooz1981,
z.karimi.p1379,
mehrnoosh3748,
sbarati2,
noodino_33,
m.jvn.1996,
mahshidfarahani67,
azimiazar,
shahrzad_dorostkar,
213.413,
mina_younesi,
saman.chatrzarin6,
ati_.zolfaghari,
maahtab_64,
sevin_alborz,
miss_.93,
samiraa.zarin,
dr_p.mirsalari,
ati1660,
sepahi_1370,
hashem.1362,
faridememar,
nijor_s.b,
masome.tavashi,
amir.hossein.rafiee.pv,
darya.ie,
alii.mohammadifard,
reyhaneh_banitaba,
shokufeh.byt,
mhsa__drshi,
shirin_sedigh_bnd,
sara.porhassan,
nazi.z97,
uniqe.decortala,
sara.moein123456,
_a_n_i_t_a_bg,
ahmadi_n.n.n_,
majid.maryam1393,
elmira8891,
nafas69567,
berlian_tashrifat,
arezoo_hpi,
moshtaghid,
mitra.yaghoubi,
ra.himi493,
niloofar1183,
davood_akbari1368,
tedimagi,
f.jalalizadeh74,
pegi_mp,
fati._.tab,
mahtab_kashiyan111,
she_speakss,
spid.71,
nirvana.wqzoriflame,
80.56712_aramesh_daroon,
fereshte7559,
hoda_k1,
azade.zirakpour,
sara_sohrabi1394,
melika.gol_mohammadi,
le.8921,
hamidreza.r.a380,
amirfanmusic,
azadeh.tabaei63,
select_ax,
azi_26370,
zy.nb17803,
mrap56789,
menhj_soori_ghasem,
happy_fatemeh_r,
_mahshid_shsh,
royal_adarsh__2882,
smy_1986829,
s.mi63,
narjes.vr,
shaylin_hashemi77,
a_s_m_a_9_5,
fareshteh68,
na.ja5858,
tkadak.co,
b.hunarjoo.2018,
parizad_asll,
____pv__miss_m_i_n_o,
sonya.kf,
ali_mahdiyan1377,
fatemeh_cheratiwrestling,
nilofar_jad,
haniyeh7496,
qzl.f.1993,
mirnezhadmahlagha,
r.esmaili5,
fatemehakbari137907,
n_abbasi_online,
mabahramii,
afroozp_o,
nafas138119,
masomeh__abdi,
hosein.13877,
mrymthmsbpw,
faeze_____nzr,
nina__dideban,
tavasooli747,
afsanehhossein4,
alireza2001.m.a,
s_eshgh_sh,
monabagheri_painter,
masoom3217,
6586s.t,
nafisemardani45,
e.kazemi.nia,
mobina_sh_7981,
yass_ine99,
mehran_f_england2000__,
alilotfi.a,
mroz.12,
mmh770889,
zohre.420__,
barana.75.75,
rooeen_tan_poosh,
ate1750,
hamedfakhim,
reza_badbani,
leila717311,
mis.daneshi,
l_fatemeh.mh_l,
sainhansmukh,
parichehr_nail,
samiiii.gh,
shadi.tak1994,
m_farhadpour,
azita.shabannn,
sdhjklkbvdfiolkmm,
tahereh_nazarii_,
__zizigul__,
fahim20mm,
sajjad____________3,
marammotor,
m_.mino._m,
sahar.mousavi.1364,
fatemeh.nassari7,
fateme_izadnia_,
eli_starcity,
aliyosefikashani,
sohielakamari,
fafa21747ffff,
ar.mi2,
negar.abdolsamad,
eimas_floral_boutique,
fateme.madanchi,
shr_delpaak,
saba.khaje4479,
mehrnosh_360,
aliatharia,
bavandpoursomaye,
mohammadzare54,
narges__habibiasl,
mohebi.fard,
rokhsarehzarei10,
ayda_pirsaleh73,
alireza1999_es,
____shivooli____,
nasriin_karimi,
atena_ferdowsi,
zohre.ahmadii8183,
elham.hajilari,
habibeh.bahramikia,
nylwfrby1578,
tornomet555,
karenahmadi8853,
zahra_gholami.76,
reeezaaa1989,
fyousefi.1988,
narges__riahi,
sama.aa.b,
askari.construction.company,
smrlgrhmnqvrkh,
mahi.m.m1230,
alirezasoghrat,
sheidamagh,
aylar__.__k,
miss.maryampv,
said1376sahar,
hani__h1990,
k1zarrin1840,
aros_khas,
nazaninrahnama31,
ghazall754,
bahareh_you,
prince_minush_v,
saha_3040,
1234.asali.y28,
m.a.reza.1396,
zahrajo1376,
golsa1368,
pardis__hedayati,
mahla.majidii,
faezeh.198829,
soroush_kavosi,
abin_hoseyni,
94fzk,
_fereshteh_habibi,
mohammadr.jalalian57,
akramkhanoomi,
mms13931393,
iman.shahrokh,
sh.f.sh.89,
hengameh_miss18,
miss._.mahlla,
emosion_elment,
masi.gorooei,
parastooazizi71,
maryam.pedram29,
rh.razieh,
eli_aghighi,
samirajalalzade,
aseman.star2000,
zahra._.397e,
fatemeh.nasirifard7088,
asal.sadeghi76,
spid7072,
saharrahimi73,
zivaralatcc,
sara_ab1077,
hasti.s62,
ht.tk.ck,
amirmusicmusic55,
sgeran20,
ashkanfarin,
dokhanchidelaram,
kima.rh,
r.s.r.91,
nooshin_aziimii,
_._naazi_._,
marina_lili92,
m.o.n.a_kz,
reyhane_96.2,
somi_hoseinzadeh,
sheidamagh,
pardis__hedayati,
k1zarrin1840,
rh.razieh,
narges__riahi,
sama.aa.b,
askari.construction.company,
smrlgrhmnqvrkh,
mahi.m.m1230,
sondos_ayoub,
feryal.gh18,
alirezasoghrat,
niloufar_vosoughi,
naqmeh.z,
mis__shafiei,
aylar__.__k,
miss.maryampv,
_negin_.nm,
said1376sahar,
hani__h1990,
aros_khas,
nazaninrahnama31,
ghazall754,
bahareh_you,
prince_minush_v,
saha_3040,
1234.asali.y28,
m.a.reza.1396,
zahrajo1376,
golsa1368,
mahla.majidii,
faezeh.198829,
soroush_kavosi,
abin_hoseyni,
94fzk,
_fereshteh_habibi,
mohammadr.jalalian57,
akramkhanoomi,
mms13931393,
fyousefi.1988,
iman.shahrokh,
sh.f.sh.89,
hengameh_miss18,
miss._.mahlla,
emosion_elment,
masi.gorooei,
roua927,
fatemeh.f1890f,
sevdaaa_gm,
parastooyavary,
pa.haghi,
vorojk529,
aryan.khatera,
ma.ry9160,
soltani4821,
_masoodsoren_,
happylife417,
itsgi_____lar,
anistisea_1998,
mina71_pv,
nedabrh,
melikalinukss,
khdhfz91,
l_970205_h,
monsef_rilam,
taranom438,
1380_sr,
behnaz._.heydari,
mahya_zad,
elahe._re,
mhtbgl,
fatima.76f,
persian.gulf.studio,
1373_somi,
eliali7772,
mohammad2130m,
hdyy780,
mahsabnd72,
abbasfazelinia9905,
segal_media,
maryam_sajjad74,
kambiz_els98,
_yasamanfard_,
mahdis.khanoom.3,
razi1220,
aida.7267,
b_haaar_dastyar,
royaaa240,
persepolis365,
____elinaz,
simix_wild,
pariya.97kh,
fatemezahra___sn,
kosar_dashtebozorg,
mary.nik83,
ghazal__khani1998,
sh.89981,
maryami372,
amirahrabi,
foroughdabiri,
mahdisalem2,
shr_delpaak,
narges__habibiasl,
sahar.m.radd,
tahmineh9953,
azita.shabannn,
zohreh.rezaie39,
hamideh8411,
pa.risa3085,
mobinaw__kazemi,
maloooooosak.queen,
brit69swallowa,
v.sh_1989_2008,
parmis_jeiroodi,
reyhane7918,
raniya.h4,
nasrin.kerachi,
masih1833,
pimo_nurse,
3minnnnnn80,
_mahsa_talebi_,
simaaaaaaa2020,
lady_ones_,
elahe.yamini5847,
maryammarya777,
maryam_sadr_2000,
zendgi200,
mahsa.psn,
__govand_,
azade_prh_6360,
soheila.hoseinnezhad,
edris529shah,
maede.anisi,
fatemeh.m814,
hosein.b.77,
fatemesadat20,
queen.sara1362,
sama.ms001,
shiva26571,
masoud73.sem,
nik.a11292,
n.abbasi4372,
akhlaghimohammad20,
pishghdam2755,
sarina1379.5.16,
mortz6356,
mehrazarfa,
samira_hajizade11,
zohre.teymoori69,
moaref.mina,
g995206,
e.evn_mzrkl,
rozita.nasirpourr,
sgmgsz,
shahin2691,
handmade.queen1,
r.baghjar,
raha_20.rz,
behnazyazdanpanah7575,
vahideh.ah69,
sarakhaki66,
atefe1414atefe,
parisaomidi710,
fae_p,
mohammad.gh2036gmail,
unitedstated55,
minanabovvati,
_._naazi_._,
ma_hsa6476,
maryam.nk13,
roshanaei_______________reza,
shiva23394,
miladgem,
hasti.s62,
ht.tk.ck,
amirmusicmusic55,
sgeran20,
ashkanfarin,
dokhanchidelaram,
kima.rh,
r.s.r.91,
nooshin_aziimii,
t.t9800,
fawzya_hussein,
marina_lili92,
rezvaneh.shki,
m.o.n.a_kz,
sadatmirabdollahi,
firooze_motlagh,
safa.kazeroonian,
reyhane_96.2,
somi_hoseinzadeh,
mostafa_rahimi6,
m.amin62pv,
haniyehch,
shahabsh.2699,
mehrynsj,
e_rh72,
tala_nemati,
lflhyh59,
soheilmousavi_pv,
honari71,
maar_maaaaar,
tinyangel_sb,
__photoshop_online_,
glys1356,
tabi.joo,
afsaneh.73,
bouthaina_hallab,
kimiya_mlki,
mohammad.khalili96,
bagershageri10,
saharrahimi73,
ashrafy.75,
rezaeemasome1926,
frm1338,
amir.arshia.valiei,
m.mir.mm,
pink_flowers212,
sarina_moradi137800,
abbas.soheyl1595,
hassan._.dashti,
saharkhnomi,
ni.lofar55,
ralufernando,
narges_.zlf,
m0stfa.afra,
menlove__,
fmzs1226,
hollywood_follow_like,
vitrinchi_official,
paresh_italiya,
abas.kh72,
sara18188069,
canaymen,
sabr6808,
fatemehse72,
skhrh4946,
kodak_salamat,
shamlooomid,
saeid_borjali_navasi,
sadafasadi.mnb,
ma_hsa9240,
abo.doren,
ro.ya6475,
a.pry8062,
maleka758,
arta1343594,
faryad_y_d_t_71,
sfyd5995,
shirin_merikhi,
rikoo241,
zahraqoreishii,
maryam_abassi72,
akram.hosseiny52,
sorooshtahafaizi,
heidar.behi,
f.d.71,
m_mohammad_pour,
mirbagheri3729,
anahitaa.d,
hh717771,
concubine1237,
azadehshayganfar,
fafar_hgs,
r_81_81_r,
soda.zare,
mastane.sadjadi,
zeinab.shajari1997,
hakimeh.tajik8,
homa.homay,
amirpasha2918,
miss_bahar3899,
13mdi75,
famw_a,
nazitashahbakhti,
fatims813,
kimia_73_,
2.pooya.2,
rezvanhashemi1991,
omid_babapour,
mozhgansoltanifa,
lotusm43,
sajad_kamalian,
mohsen_rezaei7070,
miss__elys,
samireh2014,
miss_rahimi7375,
_taranom.z.d,
__n__a__z__g__o__l__,
a_keramatii,
market_perances1370,
dali_jooon7574,
mli_slr,
jewellry_torabi,
dhkrwy4,
flllllllllllly,
sogandsbt,
elizabet22.01,
shiva.ghaffari0,
zohreh_damavandi6969,
_hanishah_,
elitak1199,
zari7777mmmzz,
sarasafari490482018,
fahimeh_gholamhosseini,
zhelofan,
essa.barbari,
soheila_m.h.z,
ardestani0013,
raha__khanoom206,
fereshteh_kocholo_lor,
amm2867,
sisi_sepehr_2,
sh.allahi_68,
a._6190,
7.m_h_m.1,
maryam_saei78,
moloudmohtashami,
nanizahedi,
mrd_s1997,
sevdaaai2018,
thisisfatemeghanbari,
armin_ahmadizf,
somayeh.morsali1980,
tilkaceramic,
hasanatefeh1397,
mozhgangh6610,
perin_beauty_salon,
saman.chatrzarin6,
samiraa.zarin,
dr_p.mirsalari,
sarah_ebrhmi,
amir.hossein.rafiee.pv,
sara.porhassan,
majid.maryam1393,
elmira8891,
arezoo_hpi,
nilu_arjmnd,
mr.r.alizadeh,
sarin_268,
sadaf_20fard,
narsissss,
mirzaei5700,
amir.saaaaaooo,
nhfhjngd,
ssaaeeddee.sj,
mahtab7769m,
razie786,
std.khatereh,
hassanpordel,
parvinkhoshkenab,
shima____696969,
fatemehkhanahmadi912,
birlik.babek,
_hossein.87,
niloufarqasemi,
azam.hosseintalaee,
zahra_reihan65,
hediyexorasaniii3,
annniiittta1992,
s_s8909,
aristaw._.md,
sanay0919,
zara.ali2054,
martarian56,
maral_mohajer,
sm.rahmatzadeh2018,
malihe_d_78,
sanaz_panahi71,
sor00r2,
elno.az942017,
zary8696,
o__sharareh__o,
sherimaryam9,
aa_s996195,
shaghayeghii,
ndbdy5888,
mary_zn4,
kae_mahsa,
mjmmohseni,
reza.charkhkar,
sharareh_ardeshiri,
__hanieh_h,
sana.mohseni,
d.smbqaee,
ladan_.pv,
anahid_2016,
saraasadolla,
somayeh_imanii,
arezou.ak,
sh_s1319,
kianaamiri2017,
hengamehtaati,
loli7346,
mahsa.33376,
sayeh483,
baaraan_1400,
beti.mm2,
she_speakss,
azade.zirakpour,
bahareeeee215381,
hamidreza.r.a380,
azadeh.tabaei63,
ali_mahdiyan1377,
qzl.f.1993,
elhamkarimzadeh_,
a.gadri2447,
sara_ak_mn94,
zahra2537171,
pure_gold_jewellers_bhatkal,
pari5.a_si,
fatemeh70381,
m.es77.93,
ayat.rahimi462,
zs173157,
faeze__alv,
miss__shabnam66,
97_elsa,
fatemeh__javareh,
omidjahaniyan8,
gan_kelae_mn,
secret__rainy,
anis.goli_1234,
shokufe_dijan,
sarenw_18,
n_shyway,
anis.alaee,
noora.moradi,
sepeda9,
mohadesgholami1376,
ati0618,
ati.savar7,
reza_kashani2010,
shina_ghazanfari_eb,
ftm.ffatima.leo,
marym.a4,
miss_eli_emlaei,
h.sarikhani8345,
fateme_ghahremanlo,
maryamahmadi.6412,
mo.1374.alm,
zahra_fn2000,
kamran_maroufi,
samira_khabbaz8845,
wwwsosoo,
starsmoradi,
youtab.59,
sepideh.kiasat,
diba.zahedi,
arezoo.karimi28,
yekta_model,
arezoo.gh313,
fatemeh_nagheli,
19671amirmohamad,
_sajjad73,
alireza.zadeh69,
solmaz_majd,
seyeddd,
miss_kiyani99,
sara.borna1425,
missvali1995,
maryam_tala24,
elahen1502,
diyar7137,
niloofar.mansour,
mohammadnasir.shaterian,
pishdad_peyman,
hadismirzaalikhan,
salimeh_ghorbani,
1381_maryam_21,
mahdieh.z1330,
happy_fatemeh_r,
sara._.___._.tahani,
mahsa_2912,
mmmmmmmmmmmmm_0020,
maryamsadat6433,
shirin.b1,
sahel_farajii,
faraneh.lo,
razavi2006,
fatema.h000,
_.samaners._,
n_abbasi_online,
zibaaaa.89,
omid_tabatabaee68,
hosein_lockchery7835,
hadis.mne,
zizi77241,
n.fateme071,
mery_javid,
shima__avazeh23,
fateme_hematii_1996,
min.mo.mgh,
hamide1027,
barana.75.75,
reza_badbani,
shadi.tak1994,
m_farhadpour,
miladnikzad3486,
kianaslm,
city.table,
afer_ard,
sahar.as1992,
na.zi1233,
mahan0291,
hanieh.t.73,
zizi.khordad,
nahidasgaridesigner.5847,
mokhtari791029,
maryam.banoo.m,
elnaz.taheri67,
golbanoo72,
jamshid.nazari90061,
fateme.di20,
zakhme_rafigh,
aminzzhaeri,
hooman_a01,
elahepourmohammadi,
yalda1802,
red.roze65,
poriiiiii67,
m.bigj,
miss_ftme_bhrami,
miss.karimi_1997_,
000helma000,
zohre.8690,
masoume1273,
alborz321,
sahar.shabazy,
rahimii.samira,
rez1_1865,
farzad__mj,
zahraaa_aminiii1990,
fatemeh.gh231,
j._.ss6,
___mahere______,
_mahla.m__,
shiringhadiri91,
mhry6238,
niazzzz5173,
maryam.rostami3289,
zahrasdr.1370,
marzi_6875,
jabbari_mina,
ssanaz_s,
sne.watches,
mhdii_574,
mohade3eh_1996,
elina_taheri_25,
rasouli_20,
parla._design,
s73mohemmd,
zeinbjamali,
1994_____24ahwaz,
m.ghamusi,
godarz.azad,
eli.brn,
eli.h.goddess,
_d0khtare_paeiizam,
motoryaa,
angoshtar.znj.8,
abolfazl7620,
aroos.yas,
assfghkkkzxxcvvb,
behzad_dalton,
saharsafari767,
shiiima2016,
mehraboooooonam,
el69h,
hamid.moradi4224,
hadis.sasan76,
nafasi853419,
nazanin_zare_,
ef___ab_do_lshah,
far.navabi,
ghazal_abdi70,
esmailpour.alireza,
mariarzgar,
ahwykhwshgl,
ryhnhhsynyn,
mahsa.sadeghi_92,
arsiii23,
miiiiiiiina66,
sogand1994z,
goli.h.95,
asiii590,
afrouzabdollahi,
sedaymehrban,
shima24375,
j.el66,
atefe_razavi76,
jolie24500,
fateme.hematii1996,
mahdieh74_90,
pegah_raha,
sobhan1042,
je.nny4735,
hasti.y4556,
mehran_soltani22.22,
parastooazizi71,
maryam.pedram29,
eli_aghighi,
samirajalalzade,
aseman.star2000,
zahra._.397e,
fatemeh.nasirifard7088,
asal.sadeghi76,
spid7072,
maryamshirzad712018,
tavakkolimaede1,
ilhem4447,
marjanehsh686,
seyda.om6170,
mehrnazdr_,
fariba__53,
sanaz___fp,
saba.em,
asal.jon66,
delsa9879,
hani__esh77,
12yaran,
fatemesima_kh,
nicole.z.s,
saharbakhtiyari18.9.74,
sarasaremi00,
bano.moazez,
z.mohammadi7,
golrokh_babaii1990,
kia13321996,
malihe__hasanpoor,
mitra_1977_,
instafashion.nil,
uta_beauty_salon,
sheidadelfani_pv,
hn.3909,
kohe_eshg,
se_p_i_deh,
sa_fa_73_23_6,
k02a_i,
khosolo2314,
amir_mtjjj,
sarehhaeri,
d.smbqaee,
as.eman715,
soheyla_zare_m,
niloukarami,
elham_zayyani,
z.irmn68,
majid_mashhadilo_1985,
sarnevesht1357,
_________sweet_dreams_________,
hastii_mjd,
sogol_rahmat,
sogol_rahmatabadi,
leili_ak_pv,
aniiya.m,
papatia_wedding,
fatemeh.kazemiii,
afsungar.qeshmi99287038,
___tahminaz__,
sara3543hashemi,
ahdiiiiiii,
haniehnz,
ashkanfarin,
h.shiva.h,
afroooz2,
1361_mitra,
zahra.apr7411,
hair.beauty.line,
_mahmoodi1,
mortezadehroy71,
fatemeh.vhbzadeh,
dr.p.bodduhi,
shiva.sln,
arman.h59,
saeide_kazemi1995,
marziehhhhhh70,
sanaz_dehghannnn,
najafi.maral,
mohamadtayb77,
t.t9800,
mano_massage,
ala.sdq,
43.21134,
aroos_tab,
sarder.nami,
sheidadelfani_pv,
alirezasoghrat,
instafashion.nil,
uta_beauty_salon,
zahraqoreishii,
narges__riahi,
sama.aa.b,
smrlgrhmnqvrkh,
taranomre,
mahsa.sadeghi_92,
aidaazarnia,
se_p_i_deh,
abdollahi_nasi76,
sheidamagh,
niloufar_vosoughi,
naqmeh.z,
mis__shafiei,
aylar__.__k,
baran_mahanam,
moaref.mina,
masoud73.sem,
ben_sfm,
queen.sara1362,
nasrinaboodi,
shiva26571,
shadi_2604,
nik.a11292,
n.abbasi4372,
akhlaghimohammad20,
pishghdam2755,
sarina1379.5.16,
mortz6356,
mehrazarfa,
samira_hajizade11,
zohre.teymoori69,
g995206,
e.evn_mzrkl,
sama.ms001,
rozita.nasirpourr,
sgmgsz,
shahin2691,
handmade.queen1,
r.baghjar,
raha_20.rz,
behnazyazdanpanah7575,
vahideh.ah69,
sarakhaki66,
atefe1414atefe,
parisaomidi710,
fae_p,
mohammad.gh2036gmail,
raniya.h4,
shr_delpaak,
amirahrabi,
mrs__karimi6974,
mary.nik83,
ghazal__khani1998,
sh.89981,
maryami372,
samaneh_mdii,
foroughdabiri,
fatemezahra___sn,
soudabe1394,
sohielakamari,
narges__habibiasl,
____shivooli____,
sahar.m.radd,
tahmineh9953,
azita.shabannn,
zohreh.rezaie39,
hamideh8411,
pariya.97kh,
pa.risa3085,
mobinaw__kazemi,
maloooooosak.queen,
brit69swallowa,
v.sh_1989_2008,
parmis_jeiroodi,
reyhane7918,
nasrin.kerachi,
masih1833,
pimo_nurse,
3minnnnnn80,
_mahsa_talebi_,
simaaaaaaa2020,
lady_ones_,
elahe.yamini5847,
maryammarya777,
maryam_sadr_2000,
zendgi200,
mahsa.psn,
__govand_,
azade__6360,
kosar_dashtebozorg,
soheila.hoseinnezhad,
edris529shah,
saharrahimi73,
ashrafy.75,
ma_hsa6476,
m.bigj,
h.sarikhani8345,
mohamadi4872,
wv_nfs_wv,
maryamsadat6433,
amin.o.a67,
__nazii,
hadis.sasan76,
ati.savar7,
bahareeeee215381,
reza_kashani2010,
_mansoureh_m,
yousef.cohen126,
shina_ghazanfari_eb,
ftm.ffatima.leo,
marym.a4,
miss_eli_emlaei,
fateme_ghahremanlo,
maryamahmadi.6412,
mo.1374.alm,
zahra_fn2000,
needaahoseinpoor,
ha.s.tiiii,
kamran_maroufi,
samira_khabbaz8845,
wwwsosoo,
starsmoradi,
miss.fari93,
cosmetologist2017,
youtab.59,
sepideh.kiasat,
diba.zahedi,
arezoo.karimi28,
yekta_model,
arezoo.gh313,
fatemeh_nagheli,
19671amirmohamad,
_sajjad73,
alireza.zadeh69,
solmaz_majd,
seyeddd,
miss_kiyani99,
sara.borna1425,
missvali1995,
maryam_tala24,
elahen1502,
diyar7137,
niloofar.mansour,
mohammadnasir.shaterian,
pishdad_peyman,
hadismirzaalikhan,
mohadesgholami1376,
salimeh_ghorbani,
zahra.najar2019,
mirzaei5700,
thisisfatemeghanbari,
mehdi_amirkhani,
zdaatli1993,
rokhsare.pakzad,
ne.gar4281,
miss_maryam6213,
j77a9v28id_1398,
akbaribanoo2111,
sa_alavi_128,
seyd.sajad3693,
nk___1397,
bahramfiroozi61,
mitra_1977_,
sedaymehrban,
miiiiiiiina66,
ssanaz_s,
sne.watches,
mhdii_574,
a._6190,
7.m_h_m.1,
maryam_saei78,
moloudmohtashami,
nanizahedi,
mrd_s1997,
sevdaaai2018,
armin_ahmadizf,
somayeh.morsali1980,
sisi_sepehr_2,
sh.allahi_68,
tilkaceramic,
hasanatefeh1397,
mozhgangh6610,
perin_beauty_salon,
shahrzad_dorostkar,
saman.chatrzarin6,
samiraa.zarin,
dr_p.mirsalari,
sarah_ebrhmi,
amir.hossein.rafiee.pv,
nicole.z.s,
sara.porhassan,
majid.maryam1393,
elmira8891,
arezoo_hpi,
nilu_arjmnd,
mr.r.alizadeh,
sarin_268,
sadaf_20fard,
narsissss,
ndbdy5888,
pegah_raha,
masoume.anvari,
behnazsohraby,
saharbakhtiyari18.9.74,
sarasaremi00,
bano.moazez,
sm.rahmatzadeh2018,
malihe_d_78,
sanaz_panahi71,
sor00r2,
elno.az942017,
zary8696,
o__sharareh__o,
sherimaryam9,
aa_s996195,
shaghayeghii,
mary_zn4,
kae_mahsa,
mjmmohseni,
reza.charkhkar,
sharareh_ardeshiri,
sana.mohseni,
martarian56,
ladan_.pv,
anahid_2016,
saraasadolla,
somayeh_imanii,
arezou.ak,
sh_s1319,
kianaamiri2017,
_niiiiillllla_,
lida.krbcy71,
hengamehtaati,
loli7346,
mahsa.33376,
sayeh483,
baaraan_1400,
z.mohammadi7,
beti.mm2,
saharrf__,
she_speakss,
hoda_k1,
masi.gorooei,
asal.sadeghi76,
maryam.pedram29,
fariba__53,
mehran_soltani22.22,
miss.maryampv,
aros_khas,
1234.asali.y28,
m.a.reza.1396,
zahrajo1376,
golsa1368,
mahla.majidii,
faezeh.198829,
soroush_kavosi,
abin_hoseyni,
94fzk,
_fereshteh_habibi,
mohammadr.jalalian57,
akramkhanoomi,
mms13931393,
fyousefi.1988,
iman.shahrokh,
sh.f.sh.89,
hengameh_miss18,
miss._.mahlla,
emosion_elment,
parastooazizi71,
eli_aghighi,
samirajalalzade,
aseman.star2000,
zahra._.397e,
fatemeh.nasirifard7088,
spid7072,
maryamshirzad712018,
tavakkolimaede1,
ilhem4447,
marjanehsh686,
seyda.om6170,
top_store__lux,
ghazal.bidar,
samaneh.derakhti,
hamide1027,
omid_tabatabaee68,
mokhtari791029,
raha_k21,
shr_2911,
pashmak_khone,
niloufar_khojandi,
haniyeh__ehsan,
ahoo761,
haniyeh7496,
maryam.63408,
fatema.h000,
hosein_lockchery7835,
hadis.mne,
zizi77241,
n.fateme071,
fatimaw_hss,
gggg.neda,
mery_javid,
shima__avazeh23,
fateme.hematii1996,
min.mo.mgh,
n_abbasi_online,
masoom3217,
homa.homay,
barana.75.75,
reza_badbani,
shadi.tak1994,
m_farhadpour,
miladnikzad3486,
kianaslm,
city.table,
afer_ard,
sahar.as1992,
na.zi1233,
mahan0291,
hanieh.t.73,
_.samaners._,
negin_s1722,
itsgi_____lar,
eliali7772,
behnaz._.heydari,
mahdieh.r781,
meta182,
pa.haghi,
vorojk529,
maryam.azarmi1375,
aryan.khatera,
ma.ry9160,
soltani4821,
_masoodsoren_,
happylife417,
roua927,
anistisea_1998,
mina71_pv,
nedabrh,
melikalinukss,
khdhfz91,
l_970205_h,
monsef_rilam,
taranom438,
1380_sr,
mahya_zad,
elahe._re,
mhtbgl,
fatima.76f,
parastooyavary,
persian.gulf.studio,
1373_somi,
mohammad2130m,
hdyy780,
mahsabnd72,
abbasfazelinia9905,
segal_media,
maryam_sajjad74,
kambiz_els98,
_yasamanfard_,
mahdis.khanoom.3,
razi1220,
aida.7267,
b_haaar_dastyar,
royaaa240,
persepolis365,
kimia_73_,
mastane.sadjadi,
fafar_hgs,
hojjat____sh,
chichak.r,
ghheydarian22,
mah.___.saaa1909,
anahitaa.d,
hh717771,
shiva23394,
concubine1237,
azadehshayganfar,
r_81_81_r,
soda.zare,
zeinab.shajari1997,
hakimeh.tajik8,
amirpasha2918,
miss_bahar3899,
13mdi75,
mirbagheri3729,
famw_a,
nazitashahbakhti,
fatims813,
2.pooya.2,
rezvanhashemi1991,
m_mohammad_pour,
omid_babapour,
mozhgansoltanifa,
lotusm43,
sajad_kamalian,
mohsen_rezaei7070,
miss__elys,
samireh2014,
miss_rahimi7375,
_taranom.z.d,
__n__a__z__g__o__l__,
a_keramatii,
market_perances1370,
dali_jooon7574,
mli_slr,
jewellry_torabi,
dhkrwy4,
flllllllllllly,
sogandsbt,
elizabet22.01,
nazgol.rsm,
_ayti_m_li_,
somi_hoseinzadeh,
slomidbakhsh1394,
babaktavakoli0670,
visa.canada3,
dr.fateme.1992,
soroshmardanian,
maryamghazi64m,
pariiiiiisa.sh,
zaya_amir,
fafa1373farhadi,
pv_samian,
zariii2211,
farnaz.farhad.3,
at.19988,
moinisimin,
niushaa_milad,
ani_asadi.1379,
nargesi.khatoon418,
sakraff_jewelry,
shinscarff,
kia13321996,
ryhnhhsynyn,
maryam.nk13,
roshanaei_______________reza,
hasti.s62,
ht.tk.ck,
amirmusicmusic55,
sgeran20,
dokhanchidelaram,
kima.rh,
r.s.r.91,
nooshin_aziimii,
fawzya_hussein,
_._naazi_._,
marina_lili92,
rezvaneh.shki,
m.o.n.a_kz,
_soodeh_shaghaghi_,
jolie24500,
jabbari_mina,
sadatmirabdollahi,
firooze_motlagh,
safa.kazeroonian,
reyhane_96.2,
shirin_merikhi,
rikoo241,
bahareh_barati_2510,
__pink_line__,
zivaralatcc,
mostafa_rahimi6,
m.amin62pv,
haniyehch,
shahabsh.2699,
mehrynsj,
e_rh72,
tala_nemati,
lflhyh59,
soheilmousavi_pv,
honari71,
maar_maaaaar,
tinyangel_sb,
__photoshop_online_,
glys1356,
tabi.joo,
afsaneh.73,
bouthaina_hallab,
akram.hosseiny52,
maryam_abassi72,
sorooshtahafaizi,
heidar.behi,
f.d.71,
s_s8909,
aristaw._.md,
sanay0919,
zara.ali2054,
fatemeh__javareh,
omidjahaniyan8,
gan_kelae_mn,
secret__rainy,
lebas.khas.bandari,
behzad_dalton,
sharife.gh,
gilda__niknam,
benizan,
minanabovvati,
shookufeh.sh,
malihe__hasanpoor,
golrokh_babaii1990,
mahya1721,
sara_ab1077,
tina.khansariyan,
nafise.zarrin,
firoze_ney_as,
elnaz_ghahramani,
alireza_asgharipour,
fateme.baqeriha,
thnegar10,
mahnaz_yavari2012,
psychoerh,
nahid_bh_1989,
ho_seintoyota,
asgharzadeh_0101,
atefehpooladi,
matimoradi0021,
teruskah.s,
aysan.brm,
nedaa_milani,
hediyeh.setareh,
rbaba4,
zohre.arzani,
mohhomami28,
yzdy1258,
s1367y,
_shokouf_sss,
hashemi_hoora,
sahar749585,
faranak.keshmiriyan6049,
atfeh.80,
n.i.l.o.u.f.a.r_asq,
pa1.kif.kafsh,
s.atii,
yassaman_k,
annasaberi8888,
neda.n20169710,
maryamarya66,
nasrin_vanaki,
club_707,
eliii_talebi,
leiang44,
amir_khorram_76,
__miss__hadise,
zahra_reihan65,
1994_____24ahwaz,
fereshteh.4981,
amir.saaaaaooo,
nhfhjngd,
ssaaeeddee.sj,
mahtab7769m,
razie786,
std.khatereh,
hassanpordel,
parvinkhoshkenab,
shima____696969,
fatemehkhanahmadi912,
birlik.babek,
_hossein.87,
niloufarqasemi,
azam.hosseintalaee,
hediyexorasaniii3,
annniiittta1992,
behnooshasadzadeh,
nilufar_imani,
emampourkhashayar,
nejat.farhad,
najjebulah,
hamid__1984,
ali_emaratttt,
arsiii23,
asmabohlooli,
_roooyash.___,
kourosh6008,
davidtrakevint,
yeganesarani_1996,
sabamajd10,
nazanin_14399,
miladparan4,
sina.hamedi7e8,
firoozehbagheri,
masoome.shirazi4,
shoko_keshvary,
samimobina,
zahramahdikhani,
n_mkt.a,
bitaesmaeli,
sheri.k.p,
wxyzabcub,
amir__9_999,
asal.jon66,
hasti.y4556,
delsa9879,
hani__esh77,
12yaran,
fatemesima_kh,
soma.sb,
shadiii_mk,
alalerambo,
saraznia,
parisan_pirzad,
miss_ghorbani1232,
__shaqaw._.__,
somayeh.jalali2157,
aliye_aramesh74,
yashar.slz,
hfs1366,
mehrnazdr_,
saba.em,
f.z.a.f,
sepnora,
ffaarzaaan847,
sa_fa_73_23_6,
yazeynab6910,
reyhoonakraad,
mahsa_dashtiiii,
nasrinsh85,
mostafa_fotouhizadeh1990,
naghme.slr70,
haniyeh.khatibi67,
minoo.azadfar,
safarzade71,
halvashekarchi,
keneshlou_photogarapher,
lizarragatossez,
n_ghoreishi8775,
afsi.1386,
__fereshtehrostamiiii,
hamid_azm,
f_rezaei376,
yadakcycle.taheri,
rozz123321,
rashin_zokaee,
zohreh.n.najafi,
mi.ss8841,
inlovejewelry_lottie,
z_pst,
banoo.eli66,
nnoohi,
sahar.kh.k.a,
sanam.mghdm,
sanaz.hezarjaribi.pv,
bahar_slr,
s.e_atis,
mmmmmmmmnnnn8888,
saharkhorasani72,
khane_royaee3,
___neda.fn__,
mojdehenghelabi,
afsoun_mzd,
roya_anvri,
zahra_hosseini7167,
samirarasoulnezhad,
rezaalaei_official,
fatemeh.malaknejad,
mahsaa.z,
resrtggy,
sumita_tofigh,
pegaaah.sh,
zeinbjamali,
olia.morteza,
maarjan_yzl,
t_3035,
amir.shaterzadeh,
ssaaeemme_,
shahrzad_niknam,
m.shams98,
sahele625,
_a_sh_a_e,
ramin_rad13,
mahla13579,
rokhsarekarimi73,
parina_ahmadi43,
sanazi.7120,
parisa_soleiman_,
faezehkhakbaz1368,
reyhaneee.e,
mehrishamayeli,
parrmiszeraatkar,
h_kh_music,
mis.shiri.9787,
_sima.soltani_,
p.boloukat,
arezobx,
hooman_yaghoobii,
yasaman4191,
shima.aghajani75,
sharifi.elnaz,
raalz3,
lymhmdy456,
moj_n,
amirzamani5706,
par1239819,
elimii4383,
saatsheni5695,
iam_rojanjafarynobakht,
dezyani.m,
raha.mirizadeh,
mis_n_clinicalbiochemistry,
h.rastegar68,
aroose.shiraz,
alireza_gashti,
glrz6842,
fateme.pky,
fereshte1686,
maryam_dehghan1989,
sepideh.kh3223,
baroon5250,
sahar_rezaee69,
nena__va,
z.esfandi8089,
nahidasgaridesigner.5847,
golbanoo72,
zizi.khordad,
zibaaaa.89,
maryam.banoo.m,
elnaz.taheri67,
jamshid.nazari90061,
fateme.di20,
zakhme_rafigh,
aminzzhaeri,
hooman_a01,
elahepourmohammadi,
yalda1802,
red.roze65,
poriiiiii67,
masoume1273,
sahar.shabazy,
rahimii.samira,
rez1_1865,
godarz.azad,
eli.brn,
eli.h.goddess,
__nahid._.hoseinzade__,
m.ghamusi,
marzi_6875,
rozita_urm,
navid_ganbarpoor,
mer_f_hr,
persiancat.maloos.setiya,
ro.se9477,
3838.zahra,
barana_bahareh,
khosolo2314,
ghazal_abdi70,
golbarg3298,
roz1339262,
ati0618,
1381_maryam_21,
mahdieh.z1330,
mmmmmmmmmmmmm_0020,
shirin.b1,
sahel_farajii,
faraneh.lo,
razavi2006,
esmailpour.alireza,
mariarzgar,
ahwykhwshgl,
paydar_5823,
zahraaa_aminiii1990,
aydagholamalizade80,
000helma000,
ashna_nh,
farzad__mj,
mahsa_2912,
kianian_soraya_slp,
nazanin_zare_,
elahe.majd.ee,
fatemezand1990,
sanaz___fp,
nasim.mh6467,
atefehabb,
mehraboooooonam,
zohre.8690,
yasamin.crzy,
tina.2728,
fati.k2018,
k02a_i,
assfghkkkzxxcvvb,
marimori6768,
jn.soli,
mab_6884,
bkhty7039,
mghahram87,
azade.zirakpour,
mahnaz_nail_shiraz,
matina._.ghanadi,
sara_sohrabi1394,
hamidreza.r.a380,
azadeh.tabaei63,
happy_fatemeh_r,
_mahshid_shsh,
ali_mahdiyan1377,
qzl.f.1993,
elhamkarimzadeh_,
a.gadri2447,
maral_mohajer,
sara_ak_mn94,
zahra2537171,
pure_gold_jewellers_bhatkal,
pari5.a_si,
fatemeh70381,
m.es77.93,
ayat.rahimi462,
zs173157,
faeze__alv,
miss__shabnam66,
97_elsa,
hamid.moradi4224,
s73mohemmd,
mahinmohammady135,
la.bu67,
atefe_razavi76,
arshiya.amini1380,
sajjad.moradi771,
hasti.s_t.210,
arezoo_ch8,
nwrwzyn4537,
____elinaz,
simix_wild,
j._.ss6,
___mahere______,
_mahla.m__,
rasouli_20,
parla._design,
mohade3eh_1996,
unitedstated55,
shiiima2016,
goli.h.95,
aroos.yas,
anis_sayahi17,
saharsafari767,
nafasi853419,
maryambanoooooo10,
hn.3909,
3385zahra,
afshary13736,
h_b4046,
saharsayadiii1220,
sepide_7174,
s.majdi1992,
elina_taheri_25,
fatemeh.gh231,
fatemehew_1380ke,
naaaazii.78,
miss_fati.1209f,
eslamsaid83,
mansooreh1556,
m6____79,
hamedsaadat.98,
jigool_00_,
samireh.no,
nasparam,
sarmadimasa,
malihe9817,
fatmaa_136878,
samneh.5932,
_._fawtom_._,
sepideazizizi,
morvarid_96,
hajhassan.fatemeh,
engiti,
na.dia3271,
mohammdreza.111,
sanifardi24,
tati_350,
leiyla2820,
alirezabeyranvand0,
jahani2632,
monash67,
pegah.8130,
pakdaman_cooki,
_negin_.nm,
sima1990_seiri,
azinsaadt1370,
aydaaaaaa1,
maral_jahadi,
rana.soleymanpour,
pgrazavi,
_sana_gr,
simsim_dehghani,
smnh6290,
pooran_rahpeyma,
farzaneh_fayazbakhsh,
soheila.mohammadzadeh,
donya___mng,
saharasgari220,
e_ehsan1366,
maryambakhtiyari2511,
lnaz_asadi,
at.3183,
miss_far28,
yahooiyaan,
goldmetng,
sareh.hosein1392,
s.mortazavi22,
ehsan.mo1370,
ali_soltani2729,
nidaam73,
naimehmahmoodi,
rahaaa44_m,
marziiehalavi,
drink_time__,
miss.atena_negravi,
baharnvb,
tajik126,
nm.naghmeh,
alirezamirzakhalili,
bahar__7575,
mahnazkarimi1991,
fatememazaheri72,
nda2200,
ro__m70,
hadisnoor137,
pa.risa2241,
sepidehenayati2,
jahanbakhsh_s,
__saba__rm,
mehdi.wrk,
didarifaezeh6,
shk697031,
setarasham_m,
a.d13631202,
mr_hasanirad,
aanaam08,
mahin3037,
miss.kajhal,
maryaaaa68,
sarvin79.9,
marjan.8237,
f.nj.yalda,
9618neda,
fery_1359,
mina_f_far,
dsaedeh,
doniayegol_,
nafiseh1994__,
jam.parichehr73,
maryamsedaghi9,
nassimshah68,
iliya97_elahe,
bayatsamira12,
azarisolmaz6,
doanevis1321,
___.mozhdeh.___,
banooyeiraany,
__mahdieh_nikzaban,
zhra9.sh,
arefehstar1998,
hadis_5566,
ms1779,
vahdati_arez00,
arooskhanomcom,
ferrshteh.n,
alikhoram1373,
s.fafa276,
moonlight.a.f,
shirini_gol33,
miss_k.z7596,
elahe.sameriyan,
zari25528,
elhamrahnama94,
marjan968884,
zahra_chekan_78,
hamid.09039099218,
fatemeh.fathali,
masoumeh_araz,
faryad_1002000,
negar.valiarab,
behnaz.m70,
makeup.bahar,
mahshid_hoshmand,
kheiri.maryam9,
mi_na8909,
bahmanbakochi,
dokhiiiiiiiii69,
vahid_shojaee_shemirani,
mahi.m.m1230,
mielbeautysalon,
_n_kj,
z.ss.t,
asalbano4456,
mon7a3418,
mina_00_rb,
zeynabahmadi4414,
masoooomebkhtiari,
137iiiiiii,
mf_turktb22,
ma_e_de,
estephanii4634,
mariyan12444,
sha.3983,
nilooofar6968,
shiva.ghaffari0,
zohreh_damavandi6969,
_hanishah_,
elitak1199,
mhry6238,
niazzzz5173,
miss_ftme_bhrami,
maryam.rostami3289,
shima24375,
j.el66,
mahdieh74_90,
kohe_eshg,
z.h.a7879,
alireza_zarei69,
afrouzabdollahi,
sarvin.farahaniteh,
amir_mtjjj,
_dige_miram_92,
honia__nurse,
asiii590,
babydoll_singel,
shabnam.zolfagharii,
mehrnaz.tp45,
sam.sam_an,
miss.karimi_1997_,
banoo2m,
je.nny4735,
insta_.ir1,
sobhan1042,
mah.sa13720,
vida_r6970,
mina.sh6062,
alirezanajaf_,
eln5619,
kabiri.atena,
maryam_safivand_,
s.nazari69,
elinaz.m68,
life__3166,
dl37st,
maryam_sae27,
behrouz6495,
mahya_mahdavi1999,
crm_digi,
nafise4951,
queen.sara1362,
reyhaneh_modarresi_alem,
fatemehghasari4,
foroughdabiri,
alirezamirzakhalili,
ashkanfarin,
amirahrabi,
fatemezahra___sn,
miss_k.z7596,
saharrf__,
d.smbqaee,
fatemeh.hgu,
naghme_zm,
u3f.qe6mii,
_khamoosh_af,
b.k_k.g,
imanipackaging,
za_hra8034,
ya.si2475,
aliasghar_ramezani7,
maryam.ft74,
ehsannaseri_123,
hastii6183,
shirinbshd,
elinaz.m68,
eln5619,
vahid_shojaee_shemirani,
shirini_gol33,
elahe.sameriyan,
__mahdieh_nikzaban,
maryamsedaghi9,
sajjad.moradi771,
mahnaz_nail_shiraz,
matina._.ghanadi,
soheyla_zare_m,
elham_zayyani,
_________sweet_dreams_________,
sogol_rahmatabadi,
fatemeh.kazemiii,
sara3543hashemi,
h.shiva.h,
as.eman715,
fatemeh.vhbzadeh,
dr.p.bodduhi,
saeide_kazemi1995,
t.t9800,
sarasaremi00,
ma_hsa6476,
ladan_.pv,
anahid_2016,
saraasadolla,
somayeh_imanii,
arezou.ak,
sh_s1319,
kianaamiri2017,
lida.krbcy71,
hengamehtaati,
loli7346,
baaraan_1400,
bahmanbakochi,
sarmadimasa,
rasouli_20,
mansooreh1556,
mi_na8909,
__nazii,
maryam.azarmi1375,
aryan.khatera,
parastooyavary,
eliali7772,
____elinaz,
simix_wild,
j._.ss6,
___mahere______,
_mahla.m__,
parla._design,
mohade3eh_1996,
unitedstated55,
shiiima2016,
goli.h.95,
aroos.yas,
anis_sayahi17,
saharsafari767,
nafasi853419,
maryambanoooooo10,
hn.3909,
3385zahra,
afshary13736,
h_b4046,
saharsayadiii1220,
sepide_7174,
s.majdi1992,
elina_taheri_25,
fatemeh.gh231,
fatemehew_1380ke,
naaaazii.78,
miss_fati.1209f,
eslamsaid83,
m6____79,
hamedsaadat.98,
jigool_00_,
samireh.no,
nasparam,
malihe9817,
fatmaa_136878,
samneh.5932,
_._fawtom_._,
sepideazizizi,
nicole.z.s,
afsi.1386,
saeede.j8,
crm_digi,
maryam_safivand_,
doanevis1321,
bayatsamira12,
nm.naghmeh,
baharnvb,
dezyani.m,
_ayti_m_li_,
hasti.s62,
dokhanchidelaram,
kima.rh,
nooshin_aziimii,
rezvaneh.shki,
m.o.n.a_kz,
jolie24500,
jabbari_mina,
firooze_motlagh,
e_rh72,
maar_maaaaar,
tinyangel_sb,
mahsa.sadeghi_92,
fatemeh__javareh,
malihe__hasanpoor,
nafise.zarrin,
hediyeh.setareh,
faranak.keshmiriyan6049,
niloufar_asq,
maryamarya66,
nasrin_vanaki,
eliii_talebi,
sanaz.hezarjaribi.pv,
bahar_slr,
s.e_atis,
mmmmmmmmnnnn8888,
saharkhorasani72,
khane_royaee3,
___neda.fn__,
mojdehenghelabi,
afsoun_mzd,
roya_anvri,
zahra_hosseini7167,
samirarasoulnezhad,
rezaalaei_official,
fatemeh.malaknejad,
m.r_shabani,
snm7352,
_ho3_8916,
mf_turktb22,
ma_e_de,
elhamrahnama94,
marjan.8237,
fatememazaheri72,
sanifardi24,
haniyeh7496,
hadis.mne,
sh.allahi_68,
zizi77241,
n.fateme071,
fatimaw_hss,
mery_javid,
shima__avazeh23,
m.shams98,
mehdi_zng,
dl37st,
zahra_chekan_78,
maryam_sae27,
sisi_sepehr_2,
hasanatefeh1397,
shahrzad_dorostkar,
saman.chatrzarin6,
samiraa.zarin,
dr_p.mirsalari,
amir.hossein.rafiee.pv,
elmira8891,
arezoo_hpi,
f.jalalizadeh74,
nilu_arjmnd,
narsissss,
amir.saaaaaooo,
1994_____24ahwaz,
nilufar_imani,
nazanin_14399,
firoozehbagheri,
sumita_tofigh,
resrtggy,
pegaaah.sh,
zeinbjamali,
olia.morteza,
maarjan_yzl,
t_3035,
amir.shaterzadeh,
ssaaeemme_,
shahrzad_niknam,
saharrahimi73,
sahele625,
_a_sh_a_e,
ramin_rad13,
mahla13579,
rokhsarekarimi73,
parina_ahmadi43,
mahsa_2912,
mmmmmmmmmmmmm_0020,
reza_kashani2010,
shina_ghazanfari_eb,
roz1339262,
ftm.ffatima.leo,
marym.a4,
miss_eli_emlaei,
fateme_ghahremanlo,
afsan9565,
mis__shafiei,
maryamahmadi.6412,
kamran_maroufi,
wwwsosoo,
cosmetologist2017,
youtab.59,
sepideh.kiasat,
missvali1995,
niloofar.mansour,
ati0618,
1381_maryam_21,
mahdieh.z1330,
shirin.b1,
sahel_farajii,
faraneh.lo,
razavi2006,
ghazal_abdi70,
esmailpour.alireza,
mariarzgar,
ahwykhwshgl,
paydar_5823,
zahraaa_aminiii1990,
aydagholamalizade80,
000helma000,
ashna_nh,
farzad__mj,
kianian_soraya_slp,
nazanin_zare_,
elahe.majd.ee,
fatemezand1990,
sanaz___fp,
r.s.r.91,
s_s8909,
hadis_5566,
mehrnaz.tp45,
maryam.rostami3289,
shiva.ghaffari0,
avazpour25786,
masoom.d68,
zhra9.sh,
mah.___.saaa1909,
fafar_hgs,
r_81_81_r,
soda.zare,
sha.3983,
nilooofar6968,
nazitashahbakhti,
samireh2014,
zohreh_damavandi6969,
_hanishah_,
elitak1199,
mhry6238,
niazzzz5173,
miss_ftme_bhrami,
shima24375,
j.el66,
mahdieh74_90,
red.roze65,
masoume1273,
kohe_eshg,
z.h.a7879,
alireza_zarei69,
afrouzabdollahi,
sarvin.farahaniteh,
amir_mtjjj,
_dige_miram_92,
honia__nurse,
z.esfandi8089,
asiii590,
babydoll_singel,
khosolo2314,
tati_350,
nasim.mh6467,
golbarg3298,
morvarid_96,
sama.aa.b,
mohammadr.jalalian57,
maral_jahadi,
makeup.bahar,
narges__riahi,
smrlgrhmnqvrkh,
mahi.m.m1230,
aidaazarnia,
alirezasoghrat,
sheidamagh,
niloufar_vosoughi,
naqmeh.z,
aylar__.__k,
miss.maryampv,
_negin_.nm,
94fzk,
iman.shahrokh,
emosion_elment,
miss_ghorbani1232,
saba.em,
sima1990_seiri,
azinsaadt1370,
aydaaaaaa1,
rana.soleymanpour,
pgrazavi,
_sana_gr,
simsim_dehghani,
smnh6290,
pakdaman_cooki,
pooran_rahpeyma,
pegah.8130,
farzaneh_fayazbakhsh,
soheila.mohammadzadeh,
donya___mng,
saharasgari220,
e_ehsan1366,
maryambakhtiyari2511,
lnaz_asadi,
at.3183,
miss_far28,
yahooiyaan,
goldmetng,
sareh.hosein1392,
s.mortazavi22,
fmzs1226,
sara18188069,
ashrafy.75,
sabaramezzz,
rezaeemasome1926,
_._farzaneh96_._,
frm1338,
amir.arshia.valiei,
m.h__abdollahi,
pink_flowers212,
sarina_moradi137800,
abbas.soheyl1595,
hassan._.dashti,
saharkhnomi,
ni.lofar55,
ralufernando,
narges_.zlf,
m0stfa.afra,
menlove__,
kimiya_mlki,
hollywood_follow_like,
vitrinchi_official,
paresh_italiya,
abas.kh72,
canaymen,
sabr6808,
fatemehse72,
mohammad.khalili96,
skhrh4946,
kodak_salamat,
shamlooomid,
saeid_borjali_navasi,
sadafasadi.mnb,
ma_hsa9240,
abo.doren,
ro.ya6475,
a.pry8062,
maleka758,
arta1343594,
faryad_y_d_t_71,
sfyd5995,
zhelofan,
essa.barbari,
soheila_m.h.z,
ardestani0013,
_sima.soltani_,
faezehkhakbaz1368,
sanazi.7120,
parisa_soleiman_,
reyhaneee.e,
mehrishamayeli,
parrmiszeraatkar,
minanekouyan,
atefehabb,
mehraboooooonam,
zohre.8690,
yasamin.crzy,
tina.2728,
fati.k2018,
arooskhanomcom,
hajhassan.fatemeh,
raha__khanoom206,
fereshteh_kocholo_lor,
amm2867,
zahrasdr.1370,
eblis817,
arefehstar1998,
minoo_jm,
naziiiii8990y,
nilsa.70,
n88khp,
_n_kj,
a.d13631202,
ehsan.mo1370,
ali_soltani2729,
__saba__rm,
mr_hasanirad,
