2018-06-28 21:21 ~ sina_jose,
2018-06-28 21:21 ~ im_marix_ds9860,
2018-06-28 21:22 ~ eynakbaz_2,
2018-06-28 21:22 ~ vitray.cafe,
2018-07-08 23:22 ~ z.hatamipoor,
2018-07-08 23:24 ~ khhfdaetuobvn,
2018-07-08 23:29 ~ _.zeinab._h,
2018-07-08 23:36 ~ marjangallery1,
2018-07-08 23:40 ~ miss.faty.h,
2018-07-08 23:45 ~ hajargogli,
2018-07-08 23:57 ~ noghre_ehtemam,
2018-07-09 00:06 ~ sonia.prst,
2018-07-09 00:08 ~ naghaviarmin,
2018-07-09 00:13 ~ sepiideh.sn,
2018-07-09 00:27 ~ miss_a_mayahi,
2018-07-09 00:29 ~ asal_704,
2018-07-09 00:41 ~ nhzh_805586,
2018-07-09 00:50 ~ classic_galery,
2018-07-09 01:04 ~ mobile_ahad,
2018-07-09 01:09 ~ fereshtehmemari8314,
2018-07-09 01:12 ~ azin_raesi,
2018-07-09 01:19 ~ mosayeb_eslahati_lifter,
2018-07-09 01:24 ~ agahi_kerman,
2018-07-09 01:29 ~ shiriinvatani,
2018-07-09 01:42 ~ paria_lorchi,
2018-07-09 01:47 ~ z_y_l_o___14,
2018-07-09 01:52 ~ badalijat_betatris,
2018-07-09 02:13 ~ nesa_shahcheraghi,
2018-07-09 02:18 ~ artist_newspage,
2018-07-09 02:22 ~ miiss_____m,
2018-07-09 02:36 ~ khaneharezoo,
2018-07-09 02:41 ~ im_dani_ahw,
2018-07-09 02:45 ~ balal1395bl,
2018-07-09 02:52 ~ sigma.instafollow2,
2018-07-09 02:57 ~ mari_ehsas,
2018-07-09 02:59 ~ ziba.razeghi,
2018-07-09 03:13 ~ qalamou,
2018-07-09 03:18 ~ alb_silver,
2018-07-09 03:22 ~ negar.n1127,
2018-07-09 03:32 ~ alibehnwi,
2018-07-09 03:36 ~ miss_bahar5438,
2018-07-09 03:39 ~ soheyla_oveysi_,
2018-07-09 03:48 ~ shahriyarghahremani,
2018-07-09 03:53 ~ rasoul_asgari_63,
2018-07-09 04:07 ~ ali.khubehaa,
2018-07-09 04:14 ~ omid_rashidi_pashaki_,
2018-07-09 04:17 ~ mxmohamadx,
2018-07-09 04:19 ~ mansour_a2_6134,
2018-07-09 04:37 ~ h.n.fereshteh,
2018-07-09 04:42 ~ aaboosaber,
2018-07-09 04:47 ~ najmeloo,
2018-07-09 04:52 ~ noghrebakhshi,
2018-07-09 05:12 ~ gallery_haniii,
2018-07-09 05:17 ~ fatemesharifi7719,
2018-07-09 05:22 ~ maddah17,
2018-07-09 05:27 ~ arezounetwork,
2018-07-09 05:38 ~ raliasjhar,
2018-07-09 05:43 ~ milad_rezaeizade,
2018-07-09 05:48 ~ ariya23457641,
2018-07-09 05:57 ~ khalifaa_444,
2018-07-09 05:59 ~ aslan_pv,
2018-07-09 06:04 ~ lazemipoor,
2018-07-09 06:15 ~ xuping_shb,
2018-07-09 06:18 ~ raha.bedroodi,
2018-07-09 06:20 ~ miss_yaassii,
2018-07-09 06:27 ~ maryam.__.serydani,
2018-07-09 06:30 ~ aji_bahar_khanom,
2018-07-09 06:35 ~ __sonbol__,
2018-07-09 06:48 ~ naserkhoshzadsilver,
2018-07-09 06:51 ~ l.naghilou,
2018-07-09 06:55 ~ ayub_safae,
2018-07-09 07:02 ~ rashidian32,
2018-07-09 07:15 ~ roya__ghorani,
2018-07-09 07:19 ~ tandis_mahmodi,
2018-07-09 07:33 ~ haleaccessories,
2018-07-09 07:42 ~ fatish806988822977,
2018-07-09 07:47 ~ asall_abbasiun,
2018-07-09 07:52 ~ sajede.66,
2018-07-09 08:05 ~ mahsaapk,
2018-07-09 08:10 ~ azi.nori,
2018-07-09 08:15 ~ ziynabsalehi952018,
2018-07-09 08:44 ~ majidkakavandi,
2018-07-09 08:49 ~ atieramezani78,
2018-07-09 08:51 ~ fahimeh.m9764,
2018-07-09 09:00 ~ ronak.marzbani,
2018-07-09 09:05 ~ mr.amirsahandi,
2018-07-09 09:10 ~ sh_rouholamini,
2018-07-09 09:19 ~ amir_uromieh,
2018-07-09 09:24 ~ kalaplasco,
2018-07-09 09:29 ~ zahra__abz_,
2018-07-09 09:36 ~ reyhane.safari.art,
2018-07-09 09:40 ~ aslanizahra127,
2018-07-09 09:45 ~ mohammadansari8690,
2018-07-09 09:57 ~ badalijate.maral,
2018-07-09 10:04 ~ nazi3834,
2018-07-09 10:16 ~ masae52kobayashi,
2018-07-09 10:18 ~ mariacharalboustdp,
2018-07-09 10:30 ~ 77mozhganshokri,
2018-07-09 10:34 ~ bahar_akbarzadeh_javan,
2018-07-09 10:39 ~ binturkiz,
2018-07-09 10:46 ~ esi7284,
2018-07-09 10:51 ~ mahdi.m.6449,
2018-07-09 10:55 ~ sharareh1820,
2018-07-09 11:07 ~ intipiring,
2018-07-09 12:29 ~ unfalo._konin._,
2018-07-09 12:34 ~ seyed.ali.seyed,
2018-07-09 12:39 ~ hosseinali_dadashi,
2018-07-09 12:46 ~ turkey_silver,
2018-07-09 12:51 ~ magmasilver,
2018-07-09 12:53 ~ ilexofficial,
2018-07-09 13:05 ~ fateme.h9258,
2018-07-09 13:09 ~ ye.bandeh.khoda26,
2018-07-09 13:14 ~ bashikan_official,
2018-07-09 13:30 ~ fatemeh.salehi7703,
2018-07-09 13:33 ~ am_saif4466,
2018-07-09 13:38 ~ osmans778,
2018-07-09 13:51 ~ harry_sfi,
2018-07-09 13:56 ~ neda.d.f,
2018-07-09 14:01 ~ azam_sadat_nazeri,
2018-07-09 14:08 ~ sarakhorgami,
2018-07-09 14:10 ~ hosnavazifedan,
2018-07-09 14:15 ~ aynaz_mansouri,
2018-07-09 14:26 ~ sahar_dorsa_86,
2018-07-09 14:31 ~ teresa.rad7979,
2018-07-09 14:34 ~ alighaempanah76,
2018-07-09 14:52 ~ amir54327251,
2018-07-09 14:54 ~ lila7175002,
2018-07-09 14:57 ~ mahnaz78.2m,
2018-07-09 15:08 ~ fatemeh.na12,
2018-07-09 15:13 ~ nahidarta,
2018-07-09 15:16 ~ mina.f.kashani,
2018-07-09 15:20 ~ mtaherian95,
2018-07-09 15:23 ~ simin.esl,
2018-07-09 15:28 ~ azamfadaviardakani,
2018-07-09 15:39 ~ shahrzadziaee,
2018-07-09 15:42 ~ fereshteh.zh_,
2018-07-09 15:44 ~ farazgallery95,
2018-07-09 16:02 ~ shahnaz_aa,
2018-07-09 16:05 ~ kamran9026,
2018-07-09 16:07 ~ sayaf40,
2018-07-09 16:14 ~ goli.tt,
2018-07-09 16:17 ~ niila.raad,
2018-07-09 17:57 ~ roya_begii,
2018-07-09 17:58 ~ sahelsaba,
2018-07-09 17:58 ~ dnyhkrhtjy,
2018-07-09 17:59 ~ armjn4392,
2018-07-09 17:59 ~ laleh_fn,
2018-07-09 17:59 ~ sogand_sp_1378_,
2018-07-09 18:00 ~ shirmalsaraye_aref,
2018-07-09 18:00 ~ h0o.__.nemati.__.h0o,
2018-07-09 18:01 ~ gallery_mehrbanooo,
2018-07-09 18:01 ~ buyuk_jahan,
2018-07-09 18:01 ~ peymankeshavarz37,
2018-07-09 18:02 ~ niloo.sewing,
2018-07-09 18:12 ~ zahra.khosravi97,
2018-07-09 18:13 ~ solmaz_57,
2018-07-09 18:13 ~ hediyeh.yoosefpur,
2018-07-09 18:13 ~ zaghighi03,
2018-07-09 18:14 ~ kh_8657,
2018-07-09 18:14 ~ hosnaa_vk71,
2018-07-09 18:15 ~ _.aysa._.raykan._,
2018-07-09 18:27 ~ shadann.sh,
2018-07-09 18:27 ~ maryam.m653653,
2018-07-09 18:28 ~ vatani_g,
2018-07-09 18:28 ~ _.pary_naz._,
2018-07-09 18:29 ~ joneidi.s,
2018-07-09 19:22 ~ behnaz.rdel,
2018-07-09 19:22 ~ mr.hamedi1973,
2018-07-09 19:22 ~ mm.bluesky,
2018-07-09 19:24 ~ tahajan2572,
2018-07-09 19:24 ~ naz_naziii,
2018-07-09 19:25 ~ taraneh0722,
2018-07-09 19:25 ~ zi276,
2018-07-09 19:25 ~ jgi7y,
2018-07-09 19:26 ~ sahar.sh9410,
2018-07-09 19:32 ~ yaser.s1371,
2018-07-09 19:37 ~ soozaan_a,
2018-07-09 22:15 ~ zahra4430kh,
2018-07-09 22:15 ~ sousanghorbani52,
2018-07-09 22:16 ~ mahta8384,
2018-07-09 22:16 ~ alisan_6878,
2018-07-09 22:16 ~ yasna.rezaei2010,
2018-07-09 22:17 ~ zahra.h.a.s.737,
2018-07-09 22:17 ~ moosic4924,
2018-07-09 22:17 ~ samira.__.b,
2018-07-09 22:25 ~ masumeh_2274,
2018-07-09 22:26 ~ _larchitetto_,
2018-07-09 22:26 ~ qalb_pak,
2018-07-09 22:26 ~ nigi.____,
2018-07-09 22:27 ~ aynazsobhrakhshan,
2018-07-09 22:27 ~ naeeme_shm,
2018-07-09 22:28 ~ shirin_shahed,
2018-07-09 22:28 ~ alv__marjan,
2018-07-09 22:28 ~ mmahnazz_r,
2018-07-09 22:29 ~ sajad_m._,
2018-07-09 22:31 ~ shahriarfathi.official,
2018-07-09 22:31 ~ 8eghlim,
2018-07-09 22:31 ~ artin__golchin,
2018-07-09 22:32 ~ maleka___m.k,
2018-07-09 22:33 ~ hassangamilhassangamil,
2018-07-09 22:33 ~ f.b_gharaghani,
2018-07-09 22:34 ~ j.shafaei,
2018-07-09 22:43 ~ fatemeh.akbarian95,
2018-07-09 22:43 ~ shahrzad_gift,
2018-07-09 22:43 ~ mganji739,
2018-07-09 22:44 ~ _.hassan._94,
2018-07-09 22:44 ~ aaazzznnn5,
2018-07-09 22:45 ~ safa.fm,
2018-07-09 22:45 ~ mahssa_nj20,
2018-07-09 22:45 ~ amiri.haniyeh,
2018-07-09 22:45 ~ sefid_weis,
2018-07-09 22:46 ~ kamand.koraei,
2018-07-09 22:46 ~ shahinyazdanbakhsh,
2018-07-09 22:58 ~ atefeh13788,
2018-07-09 22:59 ~ alireza719568,
2018-07-09 22:59 ~ farzaneh201055,
2018-07-09 22:59 ~ tabadoukht,
2018-07-09 23:00 ~ mahsa_daei75,
2018-07-09 23:00 ~ starlove_77,
2018-07-09 23:00 ~ maahsa_mj,
2018-07-09 23:01 ~ rojannezami,
2018-07-09 23:01 ~ gol_noghreehtemam,
2018-07-09 23:02 ~ eli3377,
2018-07-09 23:02 ~ ghamar.gh53,
2018-07-09 23:02 ~ zohreh.mokarnasab.89,
2018-07-09 23:03 ~ mo0ti_rz,
2018-07-09 23:03 ~ a_asgharimogha,
2018-07-09 23:03 ~ zahra.torshizi,
2018-07-09 23:04 ~ mehrnoshsaadat,
2018-07-09 23:04 ~ fnr.0,
2018-07-09 23:05 ~ abrik.ir,
2018-07-09 23:05 ~ shirin_m.d.d,
2018-07-09 23:19 ~ barghi1361,
2018-07-09 23:19 ~ pegah1986,
2018-07-09 23:20 ~ noonoosh4712,
2018-07-09 23:20 ~ leil1322,
2018-07-09 23:21 ~ fatemeh.9744,
2018-07-09 23:21 ~ soli72759718,
2018-07-09 23:21 ~ wlljnhthmn,
2018-07-09 23:22 ~ rymard11,
2018-07-09 23:22 ~ nosy_girl_10,
2018-07-09 23:23 ~ t7shesh1,
2018-07-09 23:25 ~ anis.nta,
2018-07-09 23:25 ~ shokoo_joharpoor,
2018-07-09 23:26 ~ arshydasltany74,
2018-07-09 23:26 ~ samird1365,
2018-07-09 23:26 ~ ro0oiii,
2018-07-09 23:27 ~ miss.hamid93,
2018-07-09 23:38 ~ s0146367,
2018-07-09 23:38 ~ seyed_mohammad4052,
2018-07-09 23:38 ~ ayatranjkesh,
2018-07-09 23:39 ~ miladsarbakhsh57233,
2018-07-09 23:39 ~ ehsa1935,
2018-07-09 23:40 ~ sydmrtdlnsrylmwswy,
2018-07-09 23:40 ~ mahsa_golnaz_1996,
2018-07-09 23:40 ~ saeedalizadee,
2018-07-09 23:41 ~ toktam7484,
2018-07-09 23:41 ~ 0ll_llmaryamll_ll0,
2018-07-09 23:41 ~ aram_ghandi,
2018-07-09 23:42 ~ minatamimi_,
2018-07-09 23:42 ~ narjes954913,
2018-07-09 23:42 ~ sargol1278,
2018-07-09 23:43 ~ behroz_luxfelora,
2018-07-09 23:44 ~ ipekegiz,
2018-07-09 23:44 ~ frshth4134,
2018-07-09 23:45 ~ tahere.rb36,
2018-07-09 23:56 ~ amirmahmood.dabagh92,
2018-07-09 23:56 ~ maryamkazemihaghi,
2018-07-09 23:56 ~ ___.nazanin.kh,
2018-07-09 23:57 ~ _farhad_aghajari,
2018-07-09 23:57 ~ llsharifill,
2018-07-09 23:57 ~ moradi_12346,
2018-07-09 23:58 ~ ali110709,
2018-07-09 23:58 ~ iswgndi,
2018-07-09 23:58 ~ f3583,
2018-07-10 00:07 ~ miss_malek1377_74,
2018-07-10 00:08 ~ abdolkarimimona,
2018-07-10 00:09 ~ haleh_dolat,
2018-07-10 00:09 ~ maryam_ghahari_kochaksarae,
2018-07-10 00:09 ~ tt_mmk,
2018-07-10 00:10 ~ jmshyd5295,
2018-07-10 00:10 ~ hojjat_mirpour,
2018-07-10 00:10 ~ masih.arash_ap_music,
2018-07-10 00:11 ~ zahra_0857,
2018-07-10 00:11 ~ ali_p.gh24,
2018-07-10 00:12 ~ nifty_art_gallery,
2018-07-10 00:12 ~ n______j74,
2018-07-10 00:13 ~ bahar_jjjjon,
2018-07-10 00:13 ~ movafaghyat.122018,
2018-07-10 00:20 ~ sosan.z.banoo1220,
2018-07-10 00:20 ~ parvaneh_pj,
2018-07-10 00:21 ~ behzadiparisa,
2018-07-10 00:22 ~ szazkxkxk,
2018-07-10 00:22 ~ m.s.3985,
2018-07-10 00:23 ~ ashrshr77,
2018-07-10 00:23 ~ baharws,
2018-07-10 00:24 ~ goleeyakhii,
2018-07-10 00:24 ~ niloofarparcha,
2018-07-10 00:24 ~ _ghazall_sj_,
2018-07-10 00:25 ~ maede_r7945,
2018-07-10 00:25 ~ _.mahdis._k_h,
2018-07-10 00:26 ~ shahgholi128,
2018-07-10 00:26 ~ ali_a1088,
2018-07-10 00:26 ~ kosar_13912,
2018-07-10 00:27 ~ rasoulomidi90,
2018-07-10 00:27 ~ mahanjon13,
2018-07-10 00:27 ~ mortezanorouzi99,
2018-07-10 00:37 ~ amirhosien_mombeini,
2018-07-10 00:37 ~ habibf.77,
2018-07-10 00:38 ~ zholi.bag,
2018-07-10 00:38 ~ bita_abareshy,
2018-07-10 00:39 ~ fatijon6703,
2018-07-10 00:39 ~ raman_m.u.s.i.c.s,
2018-07-10 00:40 ~ ehsan00.00.1,
2018-07-10 00:40 ~ nafise.s.moosavi,
2018-07-10 00:40 ~ beautysalonmarsiyas2,
2018-07-10 00:41 ~ shuka.paybarpey,
2018-07-10 00:41 ~ _.s_a_r_a_w_,
2018-07-10 00:53 ~ azadeh.charzeh,
2018-07-10 00:54 ~ afsoun_mzd,
2018-07-10 00:55 ~ h.n.fereshteh,
2018-07-10 00:55 ~ sanazamordad,
2018-07-10 00:56 ~ m.dehghanizade,
2018-07-10 00:56 ~ amini_mrs,
2018-07-10 00:56 ~ antigue.amini.fanpage,
2018-07-10 00:57 ~ khanomek6,
2018-07-10 00:57 ~ maryam.dorosti1976,
2018-07-10 00:57 ~ soheyla_oveysi_,
2018-07-10 00:58 ~ mehdihamedi91,
2018-07-10 00:58 ~ 13m9820,
2018-07-10 00:58 ~ molud.panahdost,
2018-07-10 00:59 ~ smyh602,
2018-07-10 01:10 ~ nilufarfaydem,
2018-07-10 01:10 ~ rezaaaa_abadanii,
2018-07-10 01:11 ~ szm.zahra2222,
2018-07-10 01:11 ~ silbel.a,
2018-07-10 01:11 ~ jwana____ahmad,
2018-07-10 01:12 ~ e_ziafat,
2018-07-10 01:12 ~ e_6200,
2018-07-10 01:12 ~ nazila.mk,
2018-07-10 01:13 ~ maryambehzadifar229,
2018-07-10 01:13 ~ negin_jh,
2018-07-10 01:13 ~ tvahdat,
2018-07-10 01:14 ~ mor_teza1992,
2018-07-10 01:14 ~ mr.ali.113,
2018-07-10 01:14 ~ amirr.ahmadii,
2018-07-10 01:15 ~ reza12641,
2018-07-10 01:25 ~ souchenaccessories,
2018-07-10 01:25 ~ elahe_khanoomiii,
2018-07-10 01:26 ~ nuada.king_s,
2018-07-10 01:26 ~ nafas6814,
2018-07-10 01:27 ~ shojaa.zare,
2018-07-10 01:27 ~ majidabedy315128,
2018-07-10 01:28 ~ pooya.kart,
2018-07-10 01:28 ~ amoozesh_riyazi_rasht,
2018-07-10 01:28 ~ a.s.a.l92,
2018-07-10 01:39 ~ marym_____sj,
2018-07-10 01:39 ~ mfm5246,
2018-07-10 01:40 ~ mahboob42eshghi,
2018-07-10 01:40 ~ _miss_ftm_zand,
2018-07-10 01:40 ~ sharare.roshan,
2018-07-10 01:41 ~ mehri.mehr70,
2018-07-10 01:41 ~ a.shokri70,
2018-07-10 01:41 ~ khanume_aqaye_hemati,
2018-07-10 01:42 ~ ngn1996,
2018-07-10 01:42 ~ maeede__tm,
2018-07-10 01:42 ~ nasrin_avina,
2018-07-10 01:43 ~ moslem._.khezerzadeh,
2018-07-10 01:43 ~ kedjdmedawazo,
2018-07-10 01:44 ~ _fatiwm__,
2018-07-10 01:45 ~ mina02477,
2018-07-10 01:45 ~ leila.xx7,
2018-07-10 01:45 ~ shivaa137474,
2018-07-10 01:46 ~ s.bonakdarr,
2018-07-10 01:46 ~ faribaalihemmati,
2018-07-10 01:46 ~ maryam13656746,
2018-07-10 01:47 ~ doctorfanar7070,
2018-07-10 01:57 ~ ata_bl,
2018-07-10 01:57 ~ miss.zahra1371,
2018-07-10 01:58 ~ sadat_91_65,
2018-07-10 01:58 ~ a.o1130,
2018-07-10 01:58 ~ babak.nik,
2018-07-10 01:59 ~ khat_khodkari_safari,
2018-07-10 01:59 ~ leila_ahmadii,
2018-07-10 02:00 ~ z.k6091,
2018-07-10 02:01 ~ vahide.afshari,
2018-07-10 02:01 ~ miss_atefeh13_,
2018-07-10 02:01 ~ sakinhsabohigmail.com6911,
2018-07-10 02:02 ~ royaa01234,
2018-07-10 02:02 ~ tajisalimi,
2018-07-10 02:02 ~ mobl_iliyaa,
2018-07-10 02:03 ~ parsa____kasra,
2018-07-10 02:03 ~ fall.taroot.shide,
2018-07-10 02:04 ~ l.h.hashemi,
2018-07-10 02:04 ~ malipajand,
2018-07-10 02:04 ~ davenkurde,
2018-07-10 02:05 ~ nazanin.kh.72,
2018-07-10 02:05 ~ mhmdkhn53,
2018-07-10 02:05 ~ fateme_majidnia,
2018-07-10 02:06 ~ sheybalkhazibhossein,
2018-07-10 02:06 ~ majiid.jaberi,
2018-07-10 02:16 ~ tehran.neew,
2018-07-10 02:16 ~ jili0212,
2018-07-10 02:16 ~ lxmohsenxl,
2018-07-10 02:17 ~ fereshteh00651377,
2018-07-10 02:17 ~ maryam_gh7252,
2018-07-10 02:18 ~ behrooz6957,
2018-07-10 02:18 ~ daryoush_acc,
2018-07-10 02:18 ~ roxanamohamadi2016,
2018-07-10 02:19 ~ _sara_art_gallery_,
2018-07-10 02:19 ~ melika669,
2018-07-10 02:19 ~ bahramii.319,
2018-07-10 02:20 ~ kianiyas,
2018-07-10 02:20 ~ samanehrastegar853420,
2018-07-10 02:20 ~ naziarghavani951,
2018-07-10 02:21 ~ vahidnajafiakerdi,
2018-07-10 02:21 ~ mohaddese__amini,
2018-07-10 02:21 ~ simajahan1960,
2018-07-10 02:32 ~ mohaamaad_bazaz,
2018-07-10 02:32 ~ __m.javad,
2018-07-10 02:33 ~ hadis.sh68,
2018-07-10 02:33 ~ saeidmirzakhanii,
2018-07-10 02:34 ~ naziiii_dn,
2018-07-10 02:34 ~ esfndear.ebadi,
2018-07-10 02:34 ~ sheyda___2000,
2018-07-10 02:35 ~ babycute.kala,
2018-07-10 02:35 ~ tazari_mohammadjavad24,
2018-07-10 02:35 ~ 1mohssen7026,
2018-07-10 02:36 ~ mohammadshahriyari93,
2018-07-10 02:36 ~ dianazahirian,
2018-07-10 02:43 ~ soghra.ir.ilam,
2018-07-10 02:44 ~ taha_abdolhoseini8285,
2018-07-10 02:44 ~ lyl1624,
2018-07-10 02:44 ~ onyx.jewelry.3,
2018-07-10 02:45 ~ mahsa6562,
2018-07-10 02:45 ~ mojtaba_king0098,
2018-07-10 02:46 ~ fatitorabii,
2018-07-10 02:46 ~ ir.unco,
2018-07-10 02:46 ~ ab.sarchami,
2018-07-10 02:47 ~ setare.d_u_s,
2018-07-10 02:47 ~ lobat_lotfi,
2018-07-10 02:47 ~ negin_b71,
2018-07-10 02:48 ~ afsanehzirabani,
2018-07-10 02:57 ~ fatemeh_cheshm,
2018-07-10 02:58 ~ hasti665552,
2018-07-10 02:58 ~ moohamad4340,
2018-07-10 02:58 ~ mehdi.sh1988,
2018-07-10 02:59 ~ baran.m32077523,
2018-07-10 02:59 ~ zebunnessahumayra,
2018-07-10 02:59 ~ ali.shaghi.852018,
2018-07-10 03:00 ~ reza_daghlaroglu,
2018-07-10 03:00 ~ hamedghanemi,
2018-07-10 03:00 ~ navid_20177875,
2018-07-10 03:01 ~ mohsen.baghayi1375,
2018-07-10 03:01 ~ ali.dashti_fans,
2018-07-10 03:01 ~ sara.rad__77,
2018-07-10 03:11 ~ sezar3968,
2018-07-10 03:11 ~ yaghot1742,
2018-07-10 03:11 ~ babadi98,
2018-07-10 03:12 ~ saat_iran,
2018-07-10 03:12 ~ marjannnnnn4939,
2018-07-10 03:13 ~ flwiran,
2018-07-10 03:13 ~ freshteh_sa12,
2018-07-10 03:13 ~ fereshte4501,
2018-07-10 03:14 ~ 1012samira,
2018-07-10 03:14 ~ niloufaraneee,
2018-07-10 03:15 ~ monikamonika1359,
2018-07-10 03:15 ~ behshad.izadkhast,
2018-07-10 03:27 ~ mehri.ghobadi,
2018-07-10 03:27 ~ moniratarabasi,
2018-07-10 03:27 ~ dr.soroush_farrokhmehr,
2018-07-10 03:28 ~ mrs.oskuei,
2018-07-10 03:28 ~ freshtaramin,
2018-07-10 03:28 ~ narges.nikkar,
2018-07-10 03:29 ~ silver_city_isfahan,
2018-07-10 03:30 ~ sare_kh6565,
2018-07-10 03:30 ~ fereshte_namdar,
2018-07-10 03:30 ~ shayan.rasoul,
2018-07-10 03:31 ~ miriyam_soroosh_ghp,
2018-07-10 03:31 ~ sarah_melody2003,
2018-07-10 03:31 ~ zahrad738075,
2018-07-10 03:32 ~ mansore.amiri70,
2018-07-10 03:40 ~ hosseinzadeh_narges,
2018-07-10 03:40 ~ mahtab.alinaghizade.st,
2018-07-10 03:41 ~ maryam.karimi.63,
2018-07-10 03:41 ~ ahwaz_moco,
2018-07-10 03:42 ~ n.a849366,
2018-07-10 03:42 ~ hatefimohsen3,
2018-07-10 03:42 ~ khoda___7254,
2018-07-10 03:43 ~ alireza.e24.njf,
2018-07-10 03:43 ~ tahere7066,
2018-07-10 03:59 ~ m__bozorgi,
2018-07-10 03:59 ~ farnaz.mohseniii,
2018-07-10 03:59 ~ rezashabani3171,
2018-07-10 04:00 ~ zahraz7944,
2018-07-10 04:00 ~ mona_safaei,
2018-07-10 04:00 ~ hanieh_montazaralmahdi,
2018-07-10 04:01 ~ ali_akbar_ranjbar_mohamadi,
2018-07-10 04:01 ~ ali.1sanji283,
2018-07-10 04:02 ~ fatemepazooki,
2018-07-10 04:12 ~ majid.sadaf.73,
2018-07-10 04:12 ~ sanazselin,
2018-07-10 04:13 ~ needaagh52,
2018-07-10 04:13 ~ mehrdad_3777747,
2018-07-10 04:14 ~ atizahraie,
2018-07-10 04:14 ~ lipharm1975,
2018-07-10 04:14 ~ m0hammadghanbari,
2018-07-10 04:15 ~ ali__sh__031,
2018-07-10 04:15 ~ mobin._____________73,
2018-07-10 04:15 ~ ali.haider90,
2018-07-10 04:16 ~ yazdanisajad9500,
2018-07-10 04:16 ~ rdmjnwnlrqyh,
2018-07-10 04:17 ~ keshiti_feraydoun,
2018-07-10 04:17 ~ maswr77921,
2018-07-10 04:17 ~ zahra.9279,
2018-07-10 04:18 ~ _._hich._.kas_._,
2018-07-10 04:25 ~ sdf3605,
2018-07-10 04:26 ~ parvaneh___51,
2018-07-10 04:26 ~ gaeinisoheila,
2018-07-10 04:26 ~ faramir_viner,
2018-07-10 04:29 ~ baha_r_r,
2018-07-10 04:29 ~ mahde_melina201545,
2018-07-10 04:29 ~ n.ch13604827,
2018-07-10 04:30 ~ zahra_rzmi,
2018-07-10 04:30 ~ kambizosanloo3131,
2018-07-10 04:31 ~ moj_vaghefi,
2018-07-10 04:31 ~ ilmaz4535,
2018-07-10 04:40 ~ maryam_rashidpoor,
2018-07-10 04:40 ~ z.kangani,
2018-07-10 04:41 ~ azade_hesarakiii,
2018-07-10 04:41 ~ obo_mamad_009,
2018-07-10 04:41 ~ zahrasarmad73,
2018-07-10 04:42 ~ morteza__ck,
2018-07-10 04:42 ~ yas.2082,
2018-07-10 04:42 ~ neda.pirestani,
2018-07-10 04:44 ~ ftmhbsy8,
2018-07-10 04:44 ~ zohreh2786,
2018-07-10 04:44 ~ shirinpurebr,
2018-07-10 04:55 ~ mitra_radmhr,
2018-07-10 04:55 ~ dokhtarepaeez97,
2018-07-10 04:56 ~ rozsiyah034,
2018-07-10 04:56 ~ sepid_badalijat,
2018-07-10 04:56 ~ ymnybllhy,
2018-07-10 04:57 ~ shah.mordad25,
2018-07-10 04:57 ~ alizahra376,
2018-07-10 04:58 ~ negin_mardiiii,
2018-07-10 04:58 ~ marzinail,
2018-07-10 04:58 ~ s.sara36,
2018-07-10 04:59 ~ neda904.saeedi,
2018-07-10 04:59 ~ baharii_m_,
2018-07-10 04:59 ~ ardestani.reza,
2018-07-10 05:00 ~ atefe._.bargi,
2018-07-10 05:00 ~ nagar43,
2018-07-10 05:00 ~ atefe.aein,
2018-07-10 05:01 ~ ahmadrezafathipuor,
2018-07-10 05:01 ~ s_maryamsalimi,
2018-07-10 05:01 ~ bani_mansoury,
2018-07-10 05:02 ~ soheila.ordii,
2018-07-10 05:14 ~ artemis.137171,
2018-07-10 05:14 ~ solatielnaz,
2018-07-10 05:15 ~ amiralibaratii,
2018-07-10 05:15 ~ talar_taaj,
2018-07-10 05:16 ~ artejewelry,
2018-07-10 05:16 ~ aliakberklhor,
2018-07-10 05:16 ~ nadia_13810,
2018-07-10 05:17 ~ r___e.b.a___rakrey,
2018-07-10 05:17 ~ rexona.clinic,
2018-07-10 05:17 ~ mohammad13763386,
2018-07-10 05:18 ~ ebrahem1463,
2018-07-10 05:18 ~ m_rana_._._,
2018-07-10 05:18 ~ lyl6489,
2018-07-10 05:19 ~ sara.sadaghiani9269,
2018-07-10 05:19 ~ tohiidm,
2018-07-10 05:19 ~ hossenzadehleila,
2018-07-10 05:20 ~ saaraa_rz,
2018-07-10 05:28 ~ behnaz_emamalinasab,
2018-07-10 05:28 ~ farzaneh10339,
2018-07-10 05:29 ~ n_hamediiiiii,
2018-07-10 05:29 ~ ramzani_ashorii,
2018-07-10 05:29 ~ sharynirou4601,
2018-07-10 05:30 ~ r_mesle_royakhanoomi,
2018-07-10 05:30 ~ zohre____1369,
2018-07-10 05:30 ~ zizi.azhii,
2018-07-10 05:31 ~ miss.s7473,
2018-07-10 05:42 ~ elh9646,
2018-07-10 05:43 ~ elegance_gallerie,
2018-07-10 05:43 ~ sayeh_manto,
2018-07-10 05:43 ~ dryyy6711,
2018-07-10 05:44 ~ ssssssalar4951,
2018-07-10 05:44 ~ salajeghemohammad,
2018-07-10 05:45 ~ omid_yazdani20,
2018-07-10 05:45 ~ haydeir_alsady1122,
2018-07-10 05:45 ~ esi_zolghadr,
2018-07-10 05:46 ~ mojtaba1364moradahmadi3649,
2018-07-10 05:46 ~ 79parsa.bahram79,
2018-07-10 05:47 ~ smm2.8590,
2018-07-10 05:47 ~ yosef_bokani1992,
2018-07-10 05:47 ~ missionaria_zildapaula,
2018-07-10 05:48 ~ shahisanaz,
2018-07-10 05:48 ~ neeegin.n,
2018-07-10 05:49 ~ __arvin.h__,
2018-07-10 05:50 ~ r.m.sh.gh7,
2018-07-10 05:50 ~ elnaz71717,
2018-07-10 05:50 ~ _imhtab,
2018-07-10 05:51 ~ maede_tkz,
2018-07-10 05:51 ~ shaghayegh4922,
2018-07-10 05:51 ~ masuod4036,
2018-07-10 05:52 ~ rezvan.mombeyni,
2018-07-10 05:52 ~ elham_sahabi,
2018-07-10 05:52 ~ amir__ghasemi74,
2018-07-10 06:03 ~ johntaqana2083,
2018-07-10 06:04 ~ afrooz.hamzei72,
2018-07-10 06:04 ~ saeed.baraghi,
2018-07-10 06:04 ~ sarahshahriari,
2018-07-10 06:06 ~ leilashafiyan,
2018-07-10 06:06 ~ alimasoooomi,
2018-07-10 06:06 ~ alireza_dabestani118,
2018-07-10 06:07 ~ mahdish6005,
2018-07-10 06:07 ~ khobyarpor,
2018-07-10 06:08 ~ saeed_fo66,
2018-07-10 06:08 ~ morteza_moshtagh71,
2018-07-10 06:09 ~ masudrohani,
2018-07-10 06:19 ~ mahdi.rabiei65,
2018-07-10 06:19 ~ saeed_adibzadh,
2018-07-10 06:20 ~ sbwryfrydh,
2018-07-10 06:20 ~ mhrshd517,
2018-07-10 06:21 ~ maryam.r4082,
2018-07-10 06:21 ~ nilofar_moradi_makvand,
2018-07-10 06:21 ~ prys1224,
2018-07-10 06:34 ~ fd7816,
2018-07-10 06:34 ~ text_ziba123,
2018-07-10 06:35 ~ nafis_galleryy,
2018-07-10 06:35 ~ iran1melk,
2018-07-10 06:35 ~ panahi_mz,
2018-07-10 06:36 ~ yekainteriors,
2018-07-10 06:36 ~ _lida_eb,
2018-07-10 06:36 ~ masha_gallery,
2018-07-10 06:37 ~ lida_khanoom24,
2018-07-10 06:37 ~ fatima.love75,
2018-07-10 06:38 ~ reyhane.1390hosin2017,
2018-07-10 06:40 ~ 5907am,
2018-07-10 06:40 ~ dastpokhteshomali,
2018-07-10 06:40 ~ akram_6560,
2018-07-10 06:41 ~ alireza.salehi1377,
2018-07-10 06:41 ~ sara.rashidi0220,
2018-07-10 06:41 ~ farahani_mahdiyh,
2018-07-10 06:42 ~ mirmaryam.mir,
2018-07-10 06:42 ~ arezoo__aghasi,
2018-07-10 06:53 ~ z_mm_85,
2018-07-10 06:53 ~ bodysuit_shop,
2018-07-10 06:53 ~ __addelle,
2018-07-10 06:54 ~ zahrahraad,
2018-07-10 06:54 ~ zahedeh7744,
2018-07-10 06:54 ~ kasraa2733,
2018-07-10 06:55 ~ maryammahdavi9833,
2018-07-10 06:55 ~ simin_meehrabi,
2018-07-10 06:55 ~ fateheii,
2018-07-10 06:56 ~ darya.pld,
2018-07-10 07:11 ~ myr54683669,
2018-07-10 07:11 ~ nafas_8800,
2018-07-10 07:12 ~ melyasi608495,
2018-07-10 07:12 ~ reza1390j,
2018-07-10 07:13 ~ hadiiis_0877,
2018-07-10 07:13 ~ faezehgoudarzi21,
2018-07-10 07:13 ~ 5369_f,
2018-07-10 07:14 ~ elaheh8233jamshidiyan,
2018-07-10 07:14 ~ delbar_love2007,
2018-07-10 07:14 ~ kaka._.sajed,
2018-07-10 07:15 ~ _maryamshokoohi_,
2018-07-10 07:15 ~ mohsennikkar,
2018-07-10 07:16 ~ ytakandi,
2018-07-10 07:16 ~ sowrena,
2018-07-10 07:16 ~ nasrin.amiri52,
2018-07-10 07:17 ~ najmekazemi9274g,
2018-07-10 07:17 ~ zahra_.golestan,
2018-07-10 07:28 ~ noshin_khalilzadeh,
2018-07-10 07:29 ~ _ilghar_,
2018-07-10 07:29 ~ nasibeh_abbasi63,
2018-07-10 07:29 ~ aysansharqi,
2018-07-10 07:30 ~ fatemehdadar,
2018-07-10 07:30 ~ yoonestarakii,
2018-07-10 07:31 ~ alias.silver,
2018-07-10 07:31 ~ kawyar_molani,
2018-07-10 07:43 ~ mylovelyamazingcats,
2018-07-10 07:43 ~ katy.ysh13711992,
2018-07-10 07:44 ~ master_taster,
2018-07-10 07:44 ~ mr_a_m.33,
2018-07-10 07:44 ~ mahpari1397,
2018-07-10 07:46 ~ faryadazizif80,
2018-07-10 08:37 ~ shirin1893,
2018-07-10 08:37 ~ faezeh_n75,
2018-07-10 08:38 ~ e_e_p_b_77,
2018-07-10 08:38 ~ shhydhk,
2018-07-10 08:38 ~ aysal_s32,
2018-07-10 08:39 ~ prys1224,
2018-07-10 08:39 ~ mamad0232g,
2018-07-10 08:39 ~ soheilgr,
2018-07-10 08:40 ~ samishekari,
2018-07-10 08:40 ~ tara.ahmadi83,
2018-07-10 08:40 ~ motahare.yp,
2018-07-10 08:41 ~ ghasr_royall,
2018-07-10 08:41 ~ _.lele.r,
2018-07-10 08:42 ~ ramezaniafsoon,
2018-07-10 08:52 ~ majnont.al.abas.h66,
2018-07-10 08:52 ~ naimeh_mehrabi,
2018-07-10 08:52 ~ 77mozhganshokri,
2018-07-10 08:53 ~ hadi.namdari_22,
2018-07-10 08:53 ~ sina.renjer211,
2018-07-10 08:54 ~ z.samadi1522,
2018-07-10 08:54 ~ hale.mohamadi94,
2018-07-10 08:54 ~ mase12602,
2018-07-10 08:55 ~ zari.lavasani,
2018-07-10 08:55 ~ navabbahram,
2018-07-10 08:55 ~ melodi1449,
2018-07-10 08:56 ~ malous.1354,
2018-07-10 09:06 ~ fatemeh.khayati,
2018-07-10 09:06 ~ gana.durguti,
2018-07-10 09:06 ~ t.beigzadeh,
2018-07-10 09:07 ~ mahnaz.tabrizi69,
2018-07-10 09:07 ~ m.bohloli70,
2018-07-10 09:08 ~ marjan.naineee,
2018-07-10 09:09 ~ goo_ya_ka,
2018-07-10 09:09 ~ bitadastgheyb,
2018-07-10 09:09 ~ vahideh.asli,
2018-07-10 09:10 ~ tahaabeyat,
2018-07-10 09:10 ~ sepidmorady,
2018-07-10 09:10 ~ maahiiiaa,
2018-07-10 09:11 ~ behnamfar10120,
2018-07-10 09:11 ~ barati.px,
2018-07-10 09:11 ~ ho3ein_silavi23,
2018-07-11 00:36 ~ navid.borzopour,
2018-07-11 00:36 ~ usaliparsa,
2018-07-11 00:36 ~ jabe_javaherat,
2018-07-11 00:37 ~ hmd.lyyr,
2018-07-11 00:37 ~ angoshtar33,
2018-07-11 00:38 ~ alimoradi4644,
2018-07-11 00:38 ~ ghandlomohsen,
2018-07-11 00:38 ~ atoosaatashbari,
2018-07-11 00:39 ~ samirabayat65,
2018-07-11 00:46 ~ neda_rezaei69,
2018-07-11 00:46 ~ hodaoliyaee,
2018-07-11 00:46 ~ sara.kitty,
2018-07-11 00:47 ~ mahnazgholi1391,
2018-07-11 00:47 ~ aslnasrini,
2018-07-11 00:47 ~ saharsahari08,
2018-07-11 00:49 ~ miss_fallahi.1379,
2018-07-11 00:49 ~ nazgol_saeedi,
2018-07-11 00:49 ~ __masumeh_nazari__,
2018-07-11 00:50 ~ h.n.fereshteh,
2018-07-11 00:56 ~ dr_mojgan.sadeghii,
2018-07-11 00:57 ~ zahra.esff,
2018-07-11 00:57 ~ mr_mxhdi,
2018-07-11 00:57 ~ fahimeh.vala,
2018-07-11 00:58 ~ marjan.mmja,
2018-07-11 00:58 ~ nasrin_s.moghadam,
2018-07-11 00:59 ~ eliii2927,
2018-07-11 00:59 ~ leila_beira_va_nd,
2018-07-11 00:59 ~ firo64,
2018-07-11 01:00 ~ mehrnaz.ma,
2018-07-11 01:00 ~ arshiaghaghi,
2018-07-11 01:01 ~ elham_birashd,
2018-07-11 01:01 ~ sonbol_1345,
2018-07-11 01:01 ~ parnia_parima.rahimi,
2018-07-11 01:02 ~ delicakesss,
2018-07-11 01:02 ~ maryam_no92,
2018-07-11 01:15 ~ mqdm9790,
2018-07-11 01:15 ~ slipcont_,
2018-07-11 01:16 ~ zohre.dinan64,
2018-07-11 01:16 ~ emelya4090,
2018-07-11 01:16 ~ _eli._.gh70,
2018-07-11 01:17 ~ sara.rashidi0220,
2018-07-11 01:17 ~ malihe4290,
2018-07-11 01:18 ~ miss___soozan___,
2018-07-11 01:18 ~ bande_eynak_va_zivaralat.hirad,
2018-07-11 01:18 ~ tina.falah0,
2018-07-11 01:19 ~ kiana__mzm,
2018-07-11 01:19 ~ _nil00far,
2018-07-11 01:19 ~ rosagolzadeh6734,
2018-07-11 01:20 ~ _zahra.sf_2552,
2018-07-11 01:20 ~ mlika.ahmadiii,
2018-07-11 01:20 ~ mjdh4429,
2018-07-11 01:21 ~ m.o.th.e.r,
2018-07-11 01:21 ~ n_.fth78,
2018-07-11 01:22 ~ lbjryg,
2018-07-11 01:22 ~ sajad___786,
2018-07-11 01:29 ~ esfandiyari4884,
2018-07-11 01:30 ~ shahab_pay,
2018-07-11 01:30 ~ hoda.hadavi,
2018-07-11 01:30 ~ karim_naeimi_74,
2018-07-11 01:31 ~ rahime_talebian,
2018-07-11 01:31 ~ ftmeh_h,
2018-07-11 01:32 ~ sanazi.ahmadi,
2018-07-11 01:32 ~ alijavadiofficial,
2018-07-11 01:44 ~ aylinalamdari,
2018-07-11 01:44 ~ mohammadi_436,
2018-07-11 01:45 ~ _.mis._h._sh,
2018-07-11 01:45 ~ k.koosar.a,
2018-07-11 01:45 ~ mehdi.tmi,
2018-07-11 01:46 ~ parisa_ehd,
2018-07-11 01:46 ~ mis_r.b.f,
2018-07-11 01:47 ~ aghaei_sara_,
2018-07-11 01:47 ~ roya_hnd,
2018-07-11 01:48 ~ rex_still,
2018-07-11 01:48 ~ hossein.behnam4459,
2018-07-11 01:58 ~ neg9817,
2018-07-11 01:58 ~ jewellery__zarafshan,
2018-07-11 01:58 ~ mary1369v.p,
2018-07-11 01:59 ~ solatielnaz,
2018-07-11 01:59 ~ pegahhh7988,
2018-07-11 02:00 ~ madr45ghj,
2018-07-11 02:00 ~ aziita.salari,
2018-07-11 02:00 ~ soheila.ordii,
2018-07-11 02:00 ~ sanf0orh.77_,
2018-07-11 02:02 ~ yamor_rr,
2018-07-11 02:02 ~ e.babaei121,
2018-07-11 02:03 ~ duskiduski399,
2018-07-11 02:03 ~ neda.ra.me,
2018-07-11 02:04 ~ hasti88.m,
2018-07-11 02:04 ~ yalda.f62,
2018-07-11 02:05 ~ maya_guinda,
2018-07-11 02:05 ~ leilahoseinzadeh6,
2018-07-11 02:05 ~ ly.ly5719,
2018-07-11 02:06 ~ romanawallcoating,
2018-07-11 02:17 ~ fatijon6703,
2018-07-11 02:17 ~ noghrevahid2,
2018-07-11 02:18 ~ aroos_khanumi,
2018-07-11 02:18 ~ aylin.nailist,
2018-07-11 02:18 ~ fateme.nilo1313,
2018-07-11 02:19 ~ shokooh__s,
2018-07-11 02:19 ~ negin_mardiiii,
2018-07-11 02:20 ~ goli_nailart_ahwaz,
2018-07-11 02:20 ~ neda904.saeedi,
2018-07-11 02:20 ~ nahid__mahdyeh,
2018-07-11 02:21 ~ roya.a.d.v.a.y,
2018-07-11 02:21 ~ motaharehokmabadii,
2018-07-11 02:21 ~ adrian_ahmadi1396,
2018-07-11 02:32 ~ leilarashidi,
2018-07-11 02:32 ~ __akram55,
2018-07-11 02:33 ~ mahdiyar_rohani,
2018-07-11 02:33 ~ bahramhektor,
2018-07-11 02:34 ~ jvd_._prz,
2018-07-11 02:34 ~ elhamkhaksar,
2018-07-11 02:34 ~ halime.dh4919,
2018-07-11 02:35 ~ layali.layali54,
2018-07-11 02:36 ~ khny6827,
2018-07-11 02:36 ~ zahra.9449,
2018-07-11 02:37 ~ fakhri8818,
2018-07-11 02:37 ~ atefeh.heydari9450,
2018-07-11 02:38 ~ f2a9m3,
2018-07-11 02:38 ~ mahla88647,
2018-07-11 02:38 ~ mitra.nko62,
2018-07-11 02:39 ~ laya2969,
2018-07-11 02:50 ~ tanha983646,
2018-07-11 02:51 ~ baharws,
2018-07-11 02:51 ~ tab___50,
2018-07-11 02:51 ~ dokhtare___sharghii,
2018-07-11 02:52 ~ saeed_rahimi4004,
2018-07-11 02:52 ~ mohamad.mahmodi696,
2018-07-11 02:52 ~ yasmina.9.m.8,
2018-07-11 02:53 ~ amiri.haniyeh,
2018-07-11 02:53 ~ minasadeqzadeh,
2018-07-11 02:53 ~ soroor.kheyri,
2018-07-11 02:54 ~ mrs_zohre_1995,
2018-07-11 02:54 ~ beti_meli,
2018-07-11 02:55 ~ goli_243,
2018-07-11 02:55 ~ bita._.vaziri,
2018-07-11 02:55 ~ m.bohloli70,
2018-07-11 02:56 ~ zohrehhosini,
2018-07-11 02:56 ~ vahidnajafiakerdi,
2018-07-11 02:56 ~ freshte.ch23,
2018-07-11 03:05 ~ mahdis_zl,
2018-07-11 03:05 ~ k.f.love9195,
2018-07-11 03:06 ~ varedat_khodroarvand,
2018-07-11 03:06 ~ marzieh7200,
2018-07-11 03:06 ~ zeynab.h.70,
2018-07-11 03:07 ~ alonegirl1333,
2018-07-11 03:07 ~ _safawx_,
2018-07-11 03:07 ~ mahdi00662145,
2018-07-11 03:08 ~ niloofar1048,
2018-07-11 03:08 ~ hoseindehghannn,
2018-07-11 03:08 ~ kabotar_pareshi_shomal,
2018-07-11 03:09 ~ qysr8405,
2018-07-11 03:09 ~ simin_t_1991,
2018-07-11 03:10 ~ ytakandi,
2018-07-11 03:10 ~ solmaz_saljoughi,
2018-07-11 03:10 ~ goo_ya_ka,
2018-07-11 03:20 ~ a.fvakili,
2018-07-11 03:20 ~ parastoo_gorzin,
2018-07-11 03:20 ~ hny.hf,
2018-07-11 03:21 ~ fitfood54,
2018-07-11 03:21 ~ ali.niakan.kord,
2018-07-11 03:21 ~ amazon_choob,
2018-07-11 03:22 ~ khdkhylyb,
2018-07-11 03:22 ~ newsha_healthybody,
2018-07-11 03:23 ~ shirin26151014,
2018-07-11 03:23 ~ zahramorsali024,
2018-07-11 03:24 ~ _mmd_reza_1380,
2018-07-11 03:25 ~ saeede_mohammadi_74,
2018-07-11 03:25 ~ nasrin.a09,
2018-07-11 03:35 ~ amir_mahbi507,
2018-07-11 03:35 ~ m.h3784,
2018-07-11 03:36 ~ f.h5775,
2018-07-11 03:36 ~ hadi_3320,
2018-07-11 03:36 ~ selcukmlk,
2018-07-11 03:37 ~ farshchi64,
2018-07-11 03:37 ~ shirin.naemi,
2018-07-11 03:37 ~ zahra.shatvizade,
2018-07-11 03:38 ~ soha.majid90,
2018-07-11 03:38 ~ googoolland,
2018-07-11 03:38 ~ charm_aliee,
2018-07-11 03:39 ~ mr_bazouei,
2018-07-11 03:39 ~ hengame_taher5852,
2018-07-11 03:46 ~ sanaz00998877,
2018-07-11 03:47 ~ saeedetehrani,
2018-07-11 03:47 ~ __m.a__ashouri,
2018-07-11 03:47 ~ bahar.sohrabli,
2018-07-11 03:48 ~ smdy9998,
2018-07-11 03:48 ~ majid._osman,
2018-07-11 03:49 ~ gisookamandsh,
2018-07-11 04:01 ~ amirr.ahmadii,
2018-07-11 04:01 ~ nrgs5619,
2018-07-11 04:02 ~ kimia.gem,
2018-07-11 04:02 ~ vahdigi,
2018-07-11 04:02 ~ giti.mohammadii,
2018-07-11 04:03 ~ zeinabkaboudmehri,
2018-07-11 04:03 ~ maede_r7945,
2018-07-11 04:03 ~ naseri_s7,
2018-07-11 04:04 ~ mah.ka3292,
2018-07-11 04:04 ~ setare.sharifi.ardani,
2018-07-11 04:05 ~ hosein_black1995,
2018-07-11 04:05 ~ navid_20177875,
2018-07-11 04:05 ~ saboor48,
2018-07-11 04:06 ~ hmdy4506,
2018-07-11 04:06 ~ mohamada77t,
2018-07-11 04:06 ~ hosseinefg,
2018-07-11 04:19 ~ maede31265,
2018-07-11 04:20 ~ monirmosavi8,
2018-07-11 04:20 ~ r.sarkari,
2018-07-11 04:20 ~ myrbs7685,
2018-07-11 04:21 ~ behnaz.hasan.zadeh,
2018-07-11 04:21 ~ yalda21213,
2018-07-11 04:21 ~ mozirimohadese,
2018-07-11 04:22 ~ pari1988_1991,
2018-07-11 04:33 ~ sarbaz_parsee,
2018-07-11 04:34 ~ forough.h.p,
2018-07-11 04:34 ~ minoumehr8510,
2018-07-11 04:34 ~ nazanin.miramini1372,
2018-07-11 04:35 ~ farzadzex67,
2018-07-11 04:35 ~ mahdie_mehrabiiii,
2018-07-11 04:35 ~ zarghane,
2018-07-11 04:36 ~ zendegiim.a,
2018-07-11 04:36 ~ mr.dani24,
2018-07-11 04:36 ~ sharareh1820,
2018-07-11 04:37 ~ farzaneh_saleh54,
2018-07-11 04:37 ~ marziyhramezan,
2018-07-11 04:48 ~ yas.1890,
2018-07-11 04:48 ~ shiva.__.75k,
2018-07-11 04:48 ~ arezoo.mousavi0031,
2018-07-11 04:49 ~ lgrwr17,
2018-07-11 04:49 ~ moslemsoleymani064,
2018-07-11 04:49 ~ fatemeh.bakhshi97,
2018-07-11 04:50 ~ fakhari.wedding_decoration,
2018-07-11 04:50 ~ fawti._.dokht,
2018-07-11 04:50 ~ khanom_o_aghaye_diplomat,
2018-07-11 04:51 ~ aks.ghadimi.janah,
2018-07-11 04:51 ~ asd_ass_ghj,
2018-07-11 04:52 ~ harayer.alrayyan,
2018-07-11 04:52 ~ mohammaddaryapima,
2018-07-11 04:52 ~ rzai.6313101,
2018-07-11 04:53 ~ ali.ghazbi,
2018-07-11 04:53 ~ sajadkosari021,
2018-07-11 04:54 ~ emazeinab,
2018-07-11 05:05 ~ garshatheater,
2018-07-11 05:05 ~ marym0665,
2018-07-11 05:06 ~ alinaghavi_110,
2018-07-11 05:06 ~ asma.naderipour,
2018-07-11 05:07 ~ helen_bhm,
2018-07-11 05:07 ~ rogi.tahmazi,
2018-07-11 05:08 ~ yaser.n.70,
2018-07-11 05:08 ~ ts.rezaeii,
2018-07-11 05:08 ~ m.mir.mm,
2018-07-11 05:09 ~ otana_beauty,
2018-07-11 05:10 ~ gadooshaa,
2018-07-11 05:10 ~ rojin906561,
2018-07-11 05:11 ~ sanio_hossein,
2018-07-11 05:11 ~ srr1399,
2018-07-11 05:11 ~ marryammirzapour,
2018-07-11 05:12 ~ shivaa137474,
2018-07-11 05:12 ~ roya.tina,
2018-07-11 05:13 ~ mahdiyeh.mostafam,
2018-07-11 05:13 ~ arez00ghavidel,
2018-07-11 05:13 ~ mahdis__zahra5,
2018-07-11 05:14 ~ 1843sanazm,
2018-07-11 05:14 ~ hellllen123,
2018-07-11 05:14 ~ 81.726,
2018-07-11 05:15 ~ zinat.3280,
2018-07-11 05:25 ~ gh.azal39,
2018-07-11 05:26 ~ rwyaqjnlw,
2018-07-11 05:26 ~ soltan69k,
2018-07-11 05:26 ~ manochehrghan,
2018-07-11 05:27 ~ reza_nz69,
2018-07-11 05:27 ~ amine_berradjel,
2018-07-11 05:28 ~ soltani3110,
2018-07-11 05:28 ~ jalil_81,
2018-07-11 05:28 ~ avina6116,
2018-07-11 05:29 ~ ahvazdolopi,
2018-07-11 05:29 ~ paniz_k_n,
2018-07-11 05:29 ~ alahe6680,
2018-07-11 05:30 ~ amir.151362,
2018-07-11 05:30 ~ yasijun762,
2018-07-11 05:31 ~ maryamjor53,
2018-07-11 05:31 ~ mahsa.74.71,
2018-07-11 05:31 ~ ahmad.mahdavi666,
2018-07-11 05:42 ~ malihe_mh79,
2018-07-11 05:42 ~ yaservazifeshenas,
2018-07-11 05:43 ~ mohammadali.shakiba,
2018-07-11 05:43 ~ seyed_zaker8327,
2018-07-11 05:43 ~ aminbagban137053,
2018-07-11 05:44 ~ amir.mazah,
2018-07-11 05:44 ~ iman_ansar_,
2018-07-11 05:45 ~ mhdyr26625183,
2018-07-11 05:46 ~ marianemat1367,
2018-07-11 05:55 ~ nazanin_z_f_,
2018-07-11 05:56 ~ arsam6055,
2018-07-11 05:56 ~ amini.70.me,
2018-07-11 05:56 ~ naderrahimkhani,
2018-07-11 05:57 ~ no._.love9,
2018-07-11 05:57 ~ baran11622,
2018-07-11 05:58 ~ leilasadat63,
2018-07-11 05:58 ~ n.chragnejad,
2018-07-11 05:59 ~ shahnaz_db,
2018-07-11 05:59 ~ miss.z___m,
2018-07-11 06:00 ~ aviiin_tabasi,
2018-07-11 06:11 ~ sa_rahmm,
2018-07-11 06:11 ~ nznin.ns,
2018-07-11 06:11 ~ hosnavazifedan,
2018-07-11 06:12 ~ amirawat4543,
2018-07-11 06:12 ~ atosa.tarazi,
2018-07-11 06:13 ~ reheleh.kheyrollahi,
2018-07-11 06:13 ~ ale.rosta,
2018-07-11 06:13 ~ negin.nj69,
2018-07-11 06:14 ~ abi_bosak,
2018-07-11 06:14 ~ amin_hafeziii,
2018-07-11 06:15 ~ nazaniny1998_22,
2018-07-11 06:15 ~ shahrzadsalimi7387,
2018-07-11 06:15 ~ ana.karimi7499,
2018-07-11 06:16 ~ moghaddam.bahar,
2018-07-11 06:16 ~ amir54327251,
2018-07-11 06:16 ~ delaram6583,
2018-07-11 06:17 ~ hosein.ego,
2018-07-11 06:17 ~ jafar_1_,
2018-07-11 06:17 ~ hwr2388,
2018-07-11 06:18 ~ amir_shiri63,
2018-07-11 06:27 ~ mona.pourseif,
2018-07-11 06:27 ~ studio4li,
2018-07-11 06:28 ~ storebronze,
2018-07-11 06:28 ~ seyyedhosein_aghamali,
2018-07-11 06:28 ~ rahim_ziarat,
2018-07-11 06:29 ~ hamidreza.nas,
2018-07-11 06:29 ~ fmalekm,
2018-07-11 06:30 ~ sara___6679,
2018-07-11 06:45 ~ nasi_meh,
2018-07-11 06:46 ~ nafisgroup.co,
2018-07-11 06:46 ~ sarinatalakesh1103,
2018-07-11 06:47 ~ niloo_sh_13704758,
2018-07-11 06:47 ~ mahroz.3333,
2018-07-11 06:47 ~ maryam_khanooom___,
2018-07-11 06:48 ~ kong2988b,
2018-07-11 06:48 ~ somi.f28693104,
2018-07-11 06:49 ~ eli._.1990,
2018-07-11 06:49 ~ parinaz_sdy,
2018-07-11 06:49 ~ roneas_rahand,
2018-07-11 06:50 ~ nilufarfaydem,
2018-07-11 06:50 ~ fatemeh_893,
2018-07-11 06:50 ~ ha_fa_ta_he,
2018-07-11 06:51 ~ maaryaam1362,
2018-07-11 07:01 ~ siavashazizi5677,
2018-07-11 07:01 ~ nobakht.atena,
2018-07-11 07:02 ~ s.amir.afiat,
2018-07-11 07:02 ~ esf73,
2018-07-11 07:02 ~ sami_jasmine1220,
2018-07-11 07:03 ~ neg5252,
2018-07-11 07:03 ~ z__s11111,
2018-07-11 07:03 ~ morteza.khadivi7,
2018-07-11 07:04 ~ elhamhaji67,
2018-07-11 07:04 ~ rezashirzadi98,
2018-07-11 07:18 ~ saeede986,
2018-07-11 07:18 ~ nahidtefaghi,
2018-07-11 07:18 ~ bahar.jafarzadeh2017,
2018-07-11 07:19 ~ mohsen.sh.oo,
2018-07-11 07:19 ~ snowflake5173,
2018-07-11 07:19 ~ somayesamadi5252,
2018-07-11 07:20 ~ maryamfagfur978,
2018-07-11 07:20 ~ far0430,
2018-07-11 07:21 ~ shyryndrwyshy65,
2018-07-11 07:21 ~ ardestani.reza,
2018-07-11 07:21 ~ marziye.pooryavi,
2018-07-11 07:22 ~ kifsaraye_saba,
2018-07-11 07:22 ~ masoudy7,
2018-07-11 07:23 ~ psrglm7896,
2018-07-11 07:23 ~ handicateam,
2018-07-11 07:23 ~ fati_asadi4,
2018-07-11 07:24 ~ amirabbas5360,
2018-07-11 07:24 ~ rezashabani3171,
2018-07-11 07:37 ~ mona_m.m_mona.m.m,
2018-07-11 07:37 ~ yektafarayand,
2018-07-11 07:38 ~ maryam_shobeiri,
2018-07-11 07:38 ~ jamal_khoshi,
2018-07-11 07:39 ~ m.sadeghii1985,
2018-07-11 07:39 ~ parmisparmis733,
2018-07-11 07:39 ~ noghrebakhshi_wedding,
2018-07-11 07:40 ~ kiyanapoorseif,
2018-07-11 07:40 ~ mohsen.niyazi,
2018-07-11 07:41 ~ sharare.roshan,
2018-07-11 07:42 ~ mitra_motiee,
2018-07-11 07:43 ~ t.b.s.ir,
2018-07-11 07:43 ~ n.s4236,
2018-07-11 07:43 ~ motebaheri80,
2018-07-11 07:44 ~ azamfadaviardakani,
2018-07-11 07:44 ~ feriesfandiary,
2018-07-11 07:44 ~ faride_rostami_,
2018-07-11 07:45 ~ maryamkh43,
2018-07-11 07:45 ~ roya.poremad,
2018-07-11 07:46 ~ fatemeh_jafari.73,
2018-07-11 07:46 ~ ra_wa_by_,
2018-07-11 07:46 ~ zohre_reeisi1190,
2018-07-11 07:47 ~ manomog6,
2018-07-11 07:47 ~ t.s.p____,
2018-07-11 07:47 ~ _saghi6o6,
2018-07-11 07:48 ~ hamed_hmd84,
2018-07-11 07:49 ~ neda.kalhor,
2018-07-11 07:49 ~ jamali_yasna,
2018-07-11 07:49 ~ sanaz_shmc,
2018-07-11 07:50 ~ sima6692,
2018-07-11 07:50 ~ najvayemoshaver,
2018-07-11 08:04 ~ miladfatahnia,
2018-07-11 08:04 ~ eslami_mani,
2018-07-11 08:05 ~ kazhvan.naderi,
2018-07-11 08:05 ~ nazanin.yaghii,
2018-07-11 08:05 ~ afshar.mahi,
2018-07-11 08:06 ~ nazgolk1,
2018-07-11 08:06 ~ _miss.ghz,
2018-07-11 08:07 ~ sanaei_abbas21,
2018-07-11 08:08 ~ s.81.86,
2018-07-11 08:08 ~ hoooooraman,
2018-07-11 08:09 ~ razie_moradi491371,
2018-07-11 08:10 ~ bahandbana11,
2018-07-11 08:10 ~ naseri._.masoume,
2018-07-11 08:11 ~ homix.ansary77,
2018-07-11 08:11 ~ zahra_m_a_z_,
2018-07-11 08:11 ~ negin.__.mhmdi,
2018-07-11 08:12 ~ hmdsdqpwr,
2018-07-11 08:12 ~ shamimaahm,
2018-07-11 08:22 ~ ehsan.asadollahi74,
2018-07-11 08:22 ~ leyla_nikjoo,
2018-07-11 08:23 ~ mitra.m.saber,
2018-07-11 08:23 ~ vida_mohsen,
2018-07-11 08:24 ~ mehdi.ghorbani65,
2018-07-11 08:24 ~ hami1593,
2018-07-11 08:24 ~ maryam.ro9975,
2018-07-11 08:25 ~ mehran_farhadi4351,
2018-07-11 08:25 ~ loosar.ebi,
2018-07-11 08:26 ~ ashamontser832018,
2018-07-11 08:27 ~ mina43615,
2018-07-11 08:27 ~ ra.a7127,
2018-07-11 08:28 ~ salehi859059,
2018-07-11 08:28 ~ adnan_alkrplia,
2018-07-11 08:39 ~ jeyran.noor,
2018-07-11 08:40 ~ jila.20h,
2018-07-11 08:40 ~ ladaneee,
2018-07-11 08:40 ~ s.emerald68,
2018-07-11 08:41 ~ zohre.bohlool61,
2018-07-11 08:41 ~ k_.ahad._r,
2018-07-11 08:41 ~ solmazsaadat1360,
2018-07-11 08:42 ~ mozhgan_esalat,
2018-07-11 08:42 ~ mehrgan_azarniya,
2018-07-11 08:43 ~ setareh_asemoni,
2018-07-11 08:43 ~ mitra_f67,
2018-07-11 08:43 ~ fereshteh.sobhani55,
2018-07-11 08:44 ~ arda1395_,
2018-07-11 08:45 ~ fatemeh.22441739,
2018-07-11 08:45 ~ masi49851,
2018-07-11 08:45 ~ forugh_javid,
2018-07-11 08:46 ~ hadi.no1,
2018-07-11 08:58 ~ sahel._.jvd,
2018-07-11 08:58 ~ le.ila564,
2018-07-11 08:59 ~ habibsky,
2018-07-11 08:59 ~ hadis.sh68,
2018-07-11 08:59 ~ amin.reall,
2018-07-11 08:59 ~ asgarimonir,
2018-07-11 09:00 ~ pari.karimyan,
2018-07-11 09:00 ~ mahin.z1344,
2018-07-11 09:11 ~ bahram.hojabr.1980,
2018-07-11 09:12 ~ abbas.abadan5613,
2018-07-11 09:12 ~ soheyl3474,
2018-07-11 09:12 ~ mohsen_mahmoodi45,
2018-07-11 09:13 ~ lulu.photo19,
2018-07-11 09:13 ~ ali_mirfakhari,
2018-07-11 09:13 ~ malihejahantigh,
2018-07-11 09:14 ~ sandali_rak_kalachoobi,
2018-07-11 09:14 ~ eli.jon69,
2018-07-11 09:14 ~ _.lele.r,
2018-07-11 09:15 ~ na.faravash48,
2018-07-11 09:15 ~ enter_06,
2018-07-11 09:16 ~ amir_dehdati,
2018-07-11 09:16 ~ reza.hvd.1379,
2018-07-11 09:27 ~ ba.ran5882,
2018-07-11 09:27 ~ amin_j.l,
2018-07-11 09:28 ~ soniya1364ms,
2018-07-11 09:28 ~ fati__amin,
2018-07-11 09:28 ~ nazanin.maryam.f.5923,
2018-07-11 09:29 ~ siabanigallery,
2018-07-11 09:29 ~ mahnaz.tabrizi69,
2018-07-11 09:29 ~ leili.a1358,
2018-07-11 09:30 ~ shima.110.gol,
2018-07-11 09:30 ~ mahdierezayi,
2018-07-11 09:31 ~ zahradourandishyazdi,
2018-07-11 09:31 ~ mehrnaz_abdi75,
2018-07-11 09:41 ~ mahdiyeabdolahvand,
2018-07-11 09:41 ~ ___e_l_i___pv,
2018-07-11 09:41 ~ nahid.0620,
2018-07-11 09:42 ~ star.h.j.r,
2018-07-11 09:42 ~ rozanehgraphic,
2018-07-11 09:43 ~ elham.nikbakht1978,
2018-07-11 09:43 ~ masood.afzali_,
2018-07-11 09:43 ~ mohandesy_zendegy,
2018-07-11 09:44 ~ am6008290,
2018-07-11 09:44 ~ helali_4702,
2018-07-11 09:44 ~ masih.ak13,
2018-07-11 09:57 ~ ali_ar_amoli,
2018-07-11 09:57 ~ birjand_watch_store,
2018-07-11 09:57 ~ hadis._.t,
2018-07-11 09:58 ~ _setarezp_,
2018-07-11 09:58 ~ dehghan_7725,
2018-07-11 09:58 ~ donya.ahmadinia,
2018-07-11 09:59 ~ neginnnn5952,
2018-07-11 09:59 ~ graphic.artist.r,
2018-07-11 09:59 ~ maryam_shmsi,
2018-07-11 10:00 ~ foruogh.s,
2018-07-11 10:00 ~ golhayearghavani,
2018-07-11 10:01 ~ karimvandmojdeh,
2018-07-11 10:01 ~ florida_white_88,
2018-07-11 10:01 ~ seviin._.02,
2018-07-11 10:02 ~ tamanashikhi,
2018-07-11 10:02 ~ miss_shinerr3975,
2018-07-11 10:02 ~ manije4808,
2018-07-11 10:03 ~ rahzozo,
2018-07-11 10:04 ~ mohsen_raisi90,
2018-07-11 10:04 ~ neda7_6,
2018-07-11 10:18 ~ abedmaedeh,
2018-07-11 10:18 ~ masom.sehat,
2018-07-11 10:19 ~ ms_raponzelzed,
2018-07-11 10:19 ~ elimaman_library,
2018-07-11 10:20 ~ niloo.mrd,
2018-07-11 10:20 ~ nadiya_nazari_ns,
2018-07-11 10:20 ~ mo.hmmad1629,
2018-07-11 10:21 ~ iamirajb,
2018-07-11 10:21 ~ sajadsafari4410,
2018-07-11 10:22 ~ sangiazdelsang,
2018-07-11 10:33 ~ mohammadfarzami69,
2018-07-11 10:33 ~ seed_zaman,
2018-07-11 10:34 ~ fdtrwy,
2018-07-11 10:34 ~ fateme13740913,
2018-07-11 10:34 ~ narges_mrb,
2018-07-11 10:35 ~ reyhanegilani,
2018-07-11 10:35 ~ nasim.a98,
2018-07-11 10:35 ~ mahnaz.ajanloo,
2018-07-11 10:36 ~ alireza.omidi9686,
2018-07-11 10:36 ~ enchiefahmfam56,
2018-07-11 10:37 ~ abdullah_pourmohammad,
2018-07-11 10:37 ~ 2002masih,
2018-07-11 10:45 ~ mahtab.beautyskin,
2018-07-11 10:45 ~ ehtemam_jewelry,
2018-07-11 10:46 ~ mp3742,
2018-07-11 10:46 ~ esmaeilbouzari,
2018-07-11 10:47 ~ symhry,
2018-07-11 10:47 ~ abfm7597,
2018-07-11 10:48 ~ hashemi13790,
2018-07-11 10:48 ~ s__sh7577,
2018-07-11 10:48 ~ mohammad_safari_313,
2018-07-11 10:49 ~ ashkan_1848,
2018-07-11 10:49 ~ mobin_15397,
2018-07-11 11:00 ~ arad.201515,
2018-07-11 11:00 ~ h15507980,
2018-07-11 11:01 ~ khadejeh.br,
2018-07-11 11:01 ~ samuoyii,
2018-07-11 11:02 ~ talapoosh.mezon,
2018-07-11 11:02 ~ mohammad_bahramian5566,
2018-07-11 11:02 ~ zari_goodarziii,
2018-07-11 11:03 ~ ferri1369,
2018-07-11 11:03 ~ miss.eli2714,
2018-07-11 11:10 ~ miss.parisa.1396,
2018-07-11 11:10 ~ k.o_s_a_r,
2018-07-11 11:10 ~ red.rose69,
2018-07-11 11:11 ~ darya.k.z,
2018-07-11 11:11 ~ fatemeh.yazdani45,
2018-07-11 11:12 ~ masoume6712,
2018-07-11 11:12 ~ marzieh_hassaniasl,
2018-07-11 11:12 ~ skincare_afsoon_irani,
2018-07-11 11:13 ~ bano_a_25,
2018-07-11 11:13 ~ miss_____asadi,
2018-07-11 11:13 ~ _safa.zeydani_,
2018-07-11 11:14 ~ zeynab.matin,
2018-07-11 11:24 ~ princedolati,
2018-07-11 11:24 ~ marymbaratlo,
2018-07-11 11:25 ~ iliya_1990,
2018-07-11 11:25 ~ setayesh257378718,
2018-07-11 11:25 ~ parimj6258,
2018-07-11 11:26 ~ zeinabbakhshi34,
2018-07-11 11:26 ~ mohammadradin,
2018-07-11 11:26 ~ motallebi.mehraneh,
2018-07-11 11:27 ~ maliehmim,
2018-07-11 11:27 ~ alemzadenegar,
2018-07-11 11:27 ~ mahsa.bagherpourr,
2018-07-11 11:37 ~ pakhshmelody,
2018-07-11 11:37 ~ hidarhamidi88,
2018-07-11 11:37 ~ sajjad.moradi2331,
2018-07-11 11:38 ~ rosebakery35,
2018-07-11 11:38 ~ mahdih88,
2018-07-11 11:39 ~ jesus.jesus40,
2018-07-11 11:39 ~ sournader,
2018-07-11 11:39 ~ k.naaaeimeh6868,
2018-07-11 11:40 ~ monaabdollahiii,
2018-07-11 11:40 ~ farzanebagheriyan,
2018-07-11 11:40 ~ fatemeh__brd,
2018-07-11 11:41 ~ shima.rezaei.me,
2018-07-11 11:42 ~ yasra8908,
2018-07-11 11:42 ~ rashidnezhad11,
2018-07-11 11:42 ~ ahmadshayan57,
2018-07-11 11:43 ~ fatemeh.es__.72,
2018-07-11 11:43 ~ _golwbarg_,
2018-07-11 11:44 ~ mahideh.jz,
2018-07-11 11:55 ~ atiyeh7167,
2018-07-11 11:56 ~ funzworld,
2018-07-11 11:56 ~ ehsan.khademipour,
2018-07-11 11:56 ~ alirezmz,
2018-07-11 11:57 ~ hedieaminy,
2018-07-11 11:57 ~ tweetfa,
2018-07-11 11:58 ~ hp.hp455,
2018-07-11 11:58 ~ fatemeh.__.darbandi,
2018-07-11 11:58 ~ baran_3489,
2018-07-11 11:59 ~ 77mozhganshokri,
2018-07-11 11:59 ~ h.najafi589,
2018-07-11 11:59 ~ sa.jad8485,
2018-07-11 12:00 ~ mahnaz78.2m,
2018-07-11 12:09 ~ balavimilad,
2018-07-11 12:10 ~ _afsaneh.gh4818,
2018-07-11 12:11 ~ lmariwpv,
2018-07-11 12:11 ~ shady_a_delivand,
2018-07-11 12:12 ~ na.staran7518,
2018-07-11 12:12 ~ marziee1993,
2018-07-11 12:12 ~ shmahlagha,
2018-07-11 12:13 ~ faatemeh3714,
2018-07-11 12:13 ~ _amid2234,
2018-07-11 12:13 ~ g_asem_a,
2018-07-11 12:15 ~ nwry1549,
2018-07-11 12:24 ~ mohammadjavadghasempour,
2018-07-11 12:24 ~ ehsanmansuri1370,
2018-07-11 12:25 ~ fariba_dhghan,
2018-07-11 12:26 ~ mama_raeof,
2018-07-11 12:26 ~ afsaneh.m1984,
2018-07-11 12:27 ~ zohreh_fathali,
2018-07-11 12:27 ~ setiislr,
2018-07-11 12:27 ~ va.hi.de,
2018-07-11 12:28 ~ shaghayegh.9020,
2018-07-11 12:28 ~ tabrizlive66,
2018-07-11 12:28 ~ sana__prv,
2018-07-11 12:29 ~ _golsa_chaleng_2010,
2018-07-11 12:29 ~ tranquillity2487,
2018-07-11 12:29 ~ shaghaygh612,
2018-07-11 12:39 ~ nahal8771_,
2018-07-11 12:39 ~ zeynab_s1370,
2018-07-11 12:39 ~ neda55khodaverdy,
2018-07-11 12:40 ~ _day2day_5639,
2018-07-11 12:40 ~ monikhy_botaray_mua,
2018-07-11 12:40 ~ newsha_haghani,
2018-07-11 12:41 ~ shokofeh8693,
2018-07-11 12:41 ~ hamidrezabahramiroshan1365,
2018-07-11 12:41 ~ salari8754,
2018-07-11 12:42 ~ vahid_royal75,
2018-07-11 12:42 ~ tabriz_iran4,
2018-07-11 12:51 ~ mohammad.naghiloo73,
2018-07-11 12:52 ~ jawadsadafyahoo.com3,
2018-07-11 12:52 ~ l.reza.rh.l,
2018-07-11 12:53 ~ jafari_ring,
2018-07-11 12:53 ~ _moghadam70,
2018-07-11 12:54 ~ fatima_zeiro_point,
2018-07-11 12:54 ~ laya_jahani,
2018-07-11 12:54 ~ zahraghaedzadeh6700,
2018-07-11 12:55 ~ bahar.fatemi666,
2018-07-11 12:55 ~ pourya.parva,
2018-07-11 12:56 ~ bano31459,
2018-07-11 13:07 ~ a_barzegari73,
2018-07-11 13:07 ~ niloufarkkkk,
2018-07-11 13:07 ~ mohamadhoseni8934,
2018-07-11 13:08 ~ elaheabedi63,
2018-07-11 13:08 ~ nazafrynqlyzadh2004q,
2018-07-11 13:09 ~ meimanat.polkouee67,
2018-07-11 13:09 ~ samaneh.m.a,
2018-07-11 13:09 ~ anas1973hallak,
2018-07-11 13:10 ~ zahra199985,
2018-07-11 13:10 ~ mohadeseh2864,
2018-07-11 13:21 ~ ilkin.bashbilen,
2018-07-11 13:22 ~ morvarid7420,
2018-07-11 13:22 ~ shahin.tgz,
2018-07-11 13:22 ~ nahidhyp,
2018-07-11 13:23 ~ pakhsh_arayeh7755,
2018-07-11 13:23 ~ bank_of_parquet_and_wallpaper,
2018-07-11 13:23 ~ nader.6711,
2018-07-11 13:32 ~ mostafahamdipor,
2018-07-11 13:33 ~ mahnazbahmani,
2018-07-11 13:33 ~ zeynab_nickpey,
2018-07-11 13:34 ~ yalda.q.n,
2018-07-11 13:34 ~ m.g1995,
2018-07-11 13:34 ~ payami1393,
2018-07-11 13:34 ~ effat_sayar,
2018-07-11 13:35 ~ f_helaaaaaaa,
2018-07-11 13:35 ~ barati4477,
2018-07-11 13:36 ~ sorayia_salehi,
2018-07-11 13:36 ~ noragallery1,
2018-07-11 13:36 ~ anis__mohammadi,
2018-07-11 13:37 ~ elsamehri,
2018-07-11 13:37 ~ mosavi1233te,
2018-07-11 13:38 ~ mari_javadi,
2018-07-11 13:38 ~ banavandi64,
2018-07-11 13:38 ~ farideghaedi,
2018-07-11 13:39 ~ rooyekoobi_choobin_kade,
2018-07-11 13:39 ~ bandi_style,
2018-07-11 13:39 ~ faraneh.kohestanii70,
2018-07-11 13:40 ~ zahrasarmad73,
2018-07-11 13:40 ~ samin.ami,
2018-07-11 13:40 ~ dwdhyd1593,
2018-07-11 13:41 ~ parisa_58is_i,
2018-07-11 13:41 ~ afsoon.zak,
2018-07-11 13:41 ~ maryam_____ghe,
2018-07-11 13:42 ~ haniyeh_hajihoseinluo,
2018-07-12 21:09 ~ zahrahashemi209,
2018-07-12 21:10 ~ h1370amir,
2018-07-12 21:11 ~ fatima.love75,
2018-07-12 21:11 ~ aazambastam,
2018-07-12 21:12 ~ tt_mmk,
2018-07-12 21:13 ~ ngn1996,
2018-07-12 21:13 ~ nasrin_avina,
2018-07-12 21:13 ~ hany__a,
2018-07-12 21:14 ~ maryam.gholipour5,
2018-07-12 21:26 ~ sa_salehi,
2018-07-12 21:26 ~ soheylataheri464,
2018-07-12 21:26 ~ taherehbasir,
2018-07-12 21:27 ~ m.m.53.88,
2018-07-12 21:27 ~ aliakbarjav,
2018-07-12 21:28 ~ sara_nassiri,
2018-07-12 21:28 ~ top_videooo,
2018-07-12 21:28 ~ mahanjon13,
2018-07-12 21:29 ~ sama13950741,
2018-07-12 21:29 ~ salami98555,
2018-07-12 21:29 ~ hashemi13790,
2018-07-12 21:30 ~ mahnaz78.2m,
2018-07-12 21:40 ~ hydry6924,
2018-07-12 21:41 ~ aziita.salari,
2018-07-12 21:41 ~ zohre.dinan64,
2018-07-12 21:41 ~ slipcont_,
2018-07-12 21:42 ~ ____fateemeeh___,
2018-07-12 21:42 ~ elham.sh1309,
2018-07-12 21:43 ~ sadaf.su,
2018-07-12 21:43 ~ eli.naz.ak,
2018-07-12 21:43 ~ raheleh.mahdavi.60,
2018-07-12 21:44 ~ fereshteh.che,
2018-07-12 21:44 ~ r___zakeri,
2018-07-12 21:56 ~ __ma.e.de.w__,
2018-07-12 21:57 ~ maryammoradi14,
2018-07-12 21:57 ~ neda7_6,
2018-07-12 21:57 ~ giti.mohammadii,
2018-07-12 21:58 ~ fatemeh_mo111,
2018-07-12 21:58 ~ setare.sharifi.ardani,
2018-07-12 22:00 ~ mohammad_bahramian5566,
2018-07-12 22:00 ~ hhhhhhhhh9650,
2018-07-12 22:00 ~ pariyas1991,
2018-07-12 22:01 ~ zeynabmaserati0852,
2018-07-12 22:02 ~ navid_naeim_abadi,
2018-07-12 22:02 ~ saeid.b120,
2018-07-12 22:03 ~ arvin_rad_,
2018-07-12 22:03 ~ navid_20177875,
2018-07-12 22:03 ~ arashakbari92,
2018-07-12 22:04 ~ jahan61sarhadi,
2018-07-12 22:04 ~ _rezaarabi_,
2018-07-12 22:05 ~ regan.rocky,
2018-07-12 22:05 ~ soniy85,
2018-07-12 22:05 ~ alimousavi0082,
2018-07-12 22:15 ~ alij_10.23,
2018-07-12 22:15 ~ parinaz.shahir,
2018-07-12 22:16 ~ tala.m80,
2018-07-12 22:16 ~ elnazzz_kiani_,
2018-07-12 22:17 ~ zahrasadat_8,
2018-07-12 22:17 ~ linda_6648,
2018-07-12 22:17 ~ so0o0mayeh,
2018-07-12 22:18 ~ zahra_.qbis,
2018-07-12 22:18 ~ somaye____________ranjbar,
2018-07-12 22:18 ~ hosseindorosti46,
2018-07-12 22:19 ~ shami_milad,
2018-07-12 22:19 ~ sakineh.kh41,
2018-07-12 22:19 ~ leyla_akbarioo,
2018-07-12 22:20 ~ molud.panahdost,
2018-07-12 22:20 ~ f.khoshei,
2018-07-12 22:21 ~ shahnaz_mohammadi_neisi,
2018-07-12 22:31 ~ fati.khosrojerdi,
2018-07-12 22:31 ~ h_shirmohammadi93,
2018-07-12 22:32 ~ habibsky,
2018-07-12 22:32 ~ nobakht.atena,
2018-07-12 22:33 ~ liliome_ir,
2018-07-12 22:33 ~ reza.jamshidi19,
2018-07-12 22:33 ~ sepehr_paliz,
2018-07-12 22:34 ~ mali.asadiii,
2018-07-12 22:34 ~ shabnamprivate,
2018-07-12 22:46 ~ javadnad9450,
2018-07-12 22:47 ~ sonia.ziaei,
2018-07-12 22:47 ~ fereshteh.mohabat,
2018-07-12 22:47 ~ sayehmoghadam,
2018-07-12 22:48 ~ faranehgolhini,
2018-07-12 22:48 ~ arezo_est,
2018-07-12 22:49 ~ shabnam_naz0330,
2018-07-12 22:49 ~ 77mozhganshokri,
2018-07-12 22:50 ~ amer._baghiri.1383,
2018-07-12 22:50 ~ maral_public,
2018-07-12 22:50 ~ hossien.ph,
2018-07-12 22:51 ~ amin_afrashi,
2018-07-12 22:51 ~ alirezamohamadi8515,
2018-07-12 22:51 ~ d.mahyar.r,
2018-07-12 22:52 ~ rahill910,
2018-07-12 22:53 ~ dryyy6711,
2018-07-12 22:53 ~ shaghayegh_bro7560,
2018-07-12 22:54 ~ _.royamoradi._,
2018-07-12 22:54 ~ sa_rahmm,
2018-07-12 22:54 ~ mas.selena95,
2018-07-12 22:55 ~ ghazal.banihashemi,
2018-07-12 23:04 ~ mojtaba.alizade68,
2018-07-12 23:04 ~ noshinrahimy,
2018-07-12 23:04 ~ m_nojavan,
2018-07-12 23:05 ~ __m.a__ashouri,
2018-07-12 23:05 ~ elnazsajad,
2018-07-12 23:05 ~ saker_alirza,
2018-07-12 23:06 ~ roghiyeahmadpoor,
2018-07-12 23:14 ~ s_m.1993,
2018-07-12 23:14 ~ maral.azizirad,
2018-07-12 23:14 ~ _safa.zeydani_,
2018-07-12 23:15 ~ miss.parisa.1396,
2018-07-12 23:15 ~ _.saw._1111,
2018-07-12 23:15 ~ mona___saie,
2018-07-12 23:16 ~ symhry,
2018-07-12 23:16 ~ arsalan__1371,
2018-07-12 23:16 ~ sajad99766,
2018-07-12 23:17 ~ s__sh7577,
2018-07-12 23:30 ~ abfm7597,
2018-07-12 23:30 ~ ashkan_1848,
2018-07-12 23:30 ~ rojad68,
2018-07-12 23:31 ~ kaf__s,
2018-07-12 23:31 ~ miramira_mirayyy,
2018-07-12 23:32 ~ zeynab_rz2,
2018-07-12 23:32 ~ maryamamir7537,
2018-07-12 23:32 ~ nafas_a2am,
2018-07-12 23:33 ~ atena1677,
2018-07-12 23:33 ~ fahimeh_ziya,
2018-07-12 23:33 ~ 24.01767,
2018-07-12 23:44 ~ osane___amiri,
2018-07-12 23:44 ~ fhashemi375,
2018-07-12 23:45 ~ beauty.afrina,
2018-07-12 23:45 ~ englishpersian,
2018-07-12 23:45 ~ leila_jandaghi,
2018-07-12 23:46 ~ shiida.saleh,
2018-07-12 23:46 ~ yaghobismi,
2018-07-12 23:47 ~ sanazi.ahmadi,
2018-07-12 23:56 ~ monia_zamani,
2018-07-12 23:57 ~ eli.drm,
2018-07-12 23:58 ~ nahid._2,
2018-07-12 23:58 ~ rfatemeh884,
2018-07-12 23:58 ~ m.r2925,
2018-07-12 23:59 ~ aliierror,
2018-07-12 23:59 ~ soroushfathi8,
2018-07-13 00:00 ~ mosia021,
2018-07-13 00:12 ~ tad_group,
2018-07-13 00:12 ~ yasamin_official1,
2018-07-13 00:12 ~ golbaano,
2018-07-13 00:13 ~ miss_gol_barg,
2018-07-13 00:13 ~ elham.adhami88,
2018-07-13 00:13 ~ __mah.ganj0k__,
2018-07-13 00:14 ~ p.y5969,
2018-07-13 00:15 ~ khaledan68,
2018-07-13 00:15 ~ negarkarimi,
2018-07-13 00:15 ~ f.hosseinifar,
2018-07-13 00:16 ~ nimamoini,
2018-07-13 00:16 ~ neda.a_shz,
2018-07-13 00:17 ~ terme_dibaa,
2018-07-13 00:17 ~ _nazanin1999,
2018-07-13 00:17 ~ zohreee.goooliii,
2018-07-13 00:18 ~ fateme_baniferi,
2018-07-13 00:29 ~ dorsa._.rf,
2018-07-13 00:29 ~ __amiri1999,
2018-07-13 00:29 ~ cma__si,
2018-07-13 00:30 ~ niloufarkkkk,
2018-07-13 00:30 ~ firoozehnri,
2018-07-13 00:30 ~ art_and_creativity5844,
2018-07-13 00:31 ~ dr.smjafari,
2018-07-13 00:31 ~ flwiran,
2018-07-13 00:31 ~ sepideh55255348,
2018-07-13 00:40 ~ miss_____asadi,
2018-07-13 00:40 ~ yasamine_star,
2018-07-13 00:41 ~ baloot.boutique,
2018-07-13 00:41 ~ baharii_m_,
2018-07-13 00:41 ~ ___maadi_7,
2018-07-13 00:41 ~ leiyla2820,
2018-07-13 00:42 ~ el.ina6779,
2018-07-13 00:42 ~ nazi614a,
2018-07-13 00:43 ~ _bl60_,
2018-07-13 00:43 ~ sara.rashidi0220,
2018-07-13 00:43 ~ akram_6560,
2018-07-13 00:44 ~ mahroz.3333,
2018-07-13 00:44 ~ esmaeilbouzari,
2018-07-13 00:44 ~ shiva_asli,
2018-07-13 00:53 ~ lsalari1351,
2018-07-13 00:54 ~ bita._.vaziri,
2018-07-13 00:54 ~ elh2104,
2018-07-13 00:54 ~ samira__beh,
2018-07-13 00:55 ~ mashvnd,
2018-07-13 00:55 ~ mamad.____.i,
2018-07-13 00:55 ~ spideh.soleymannn,
2018-07-13 00:56 ~ zeinabkaboudmehri,
2018-07-13 00:58 ~ hasti.s.a,
2018-07-13 00:58 ~ meibodi_704,
2018-07-13 00:59 ~ orura_20,
2018-07-13 01:13 ~ karpardazan_tehran,
2018-07-13 01:13 ~ neshati_17,
2018-07-13 01:14 ~ ava_nava91,
2018-07-13 01:15 ~ alonegirl1333,
2018-07-13 01:15 ~ tkserkan61,
2018-07-13 01:15 ~ _ateen.b_,
2018-07-13 01:16 ~ sharareh_.t,
2018-07-13 01:16 ~ noshin.zare,
2018-07-13 01:16 ~ soheyla_oveysi_,
2018-07-13 01:17 ~ roya_bayanlou,
2018-07-13 01:17 ~ fahimeh2166,
2018-07-13 01:18 ~ fani_plu76_,
2018-07-13 01:29 ~ dresmaeilneia,
2018-07-13 01:30 ~ negar.n1127,
2018-07-13 01:30 ~ h__karimi_,
2018-07-13 01:31 ~ zari.lavasani,
2018-07-13 01:31 ~ nargesheydarinezhadnargesheyd,
2018-07-13 01:31 ~ tynybek0505,
2018-07-13 01:32 ~ raha2376000,
2018-07-13 01:32 ~ mehrdad__mhd,
2018-07-13 01:33 ~ oranous.izadi,
2018-07-13 01:33 ~ zahra.esmaeilvandi,
2018-07-13 01:33 ~ nasiim_aa,
2018-07-13 01:34 ~ khadijeh.moshiri,
2018-07-13 01:34 ~ f.farzann,
2018-07-13 01:45 ~ miss._.ooh,
2018-07-13 01:45 ~ nafise.s.moosavi,
2018-07-13 01:46 ~ sanio_hossein,
2018-07-13 01:46 ~ soheilgr,
2018-07-13 01:47 ~ marziyeh.noori1988,
2018-07-13 01:48 ~ shiva_saeed_,
2018-07-13 01:48 ~ ix.sheida,
2018-07-13 01:48 ~ erfan_jj65,
2018-07-13 01:49 ~ idawjojo,
2018-07-13 01:49 ~ sgg851,
2018-07-13 01:58 ~ mohsen_81292,
2018-07-13 01:58 ~ setare.gh.22,
2018-07-13 01:58 ~ nazanin.alimohammadi12017,
2018-07-13 01:59 ~ maryam_gmri,
2018-07-13 01:59 ~ yas__i__,
2018-07-13 01:59 ~ elsamehri,
2018-07-13 02:00 ~ hamidrezamazhari2,
2018-07-13 02:00 ~ _.faranak.1,
2018-07-13 02:00 ~ matin_2266,
2018-07-13 02:01 ~ afsaneh4907,
2018-07-13 02:01 ~ minaa_izadiyan,
2018-07-13 02:01 ~ bita_drg_,
2018-07-13 02:13 ~ hastyjoon30,
2018-07-13 02:13 ~ zohre.yazdani.arani,
2018-07-13 02:13 ~ molaviarash,
2018-07-13 02:14 ~ fateme.m2428,
2018-07-13 02:14 ~ mohamad_aminn12345,
2018-07-13 02:14 ~ fatemeh.madanlpour,
2018-07-13 02:15 ~ mohammad_agafarzane,
2018-07-13 02:15 ~ mohammad_khabbaznia,
2018-07-13 02:16 ~ ali.zaeri82,
2018-07-13 02:16 ~ semkoparvari,
2018-07-13 02:16 ~ mhbd7233,
2018-07-13 02:29 ~ mohammad_hosseinei70,
2018-07-13 02:29 ~ sarahnnnm,
2018-07-13 02:30 ~ aminfakhari9566,
2018-07-13 02:30 ~ behnam.s11,
2018-07-13 02:31 ~ javad._turk,
2018-07-13 02:31 ~ sanaye_dasti_goodarzi,
2018-07-13 02:31 ~ elhamlolaki,
2018-07-13 02:32 ~ nazaninvapaya,
2018-07-13 02:32 ~ reza_rezaei_66,
2018-07-13 02:32 ~ ap6598apy,
2018-07-13 02:33 ~ mrs_shehni,
2018-07-13 02:33 ~ paryaaa333,
2018-07-13 02:33 ~ __f.a.z.i__k.h_,
2018-07-13 02:34 ~ nafar139,
2018-07-13 02:34 ~ rosha_nail_beauti,
2018-07-13 02:42 ~ alisharrrrrrrrrrr,
2018-07-13 02:43 ~ mahda._.gh,
2018-07-13 02:44 ~ haleh_dolat,
2018-07-13 02:45 ~ raziye.karimian,
2018-07-13 02:45 ~ sara.gho66,
2018-07-13 02:45 ~ samane.nasery9834,
2018-07-13 02:46 ~ reyhane____313,
2018-07-13 02:56 ~ mahsa.74.71,
2018-07-13 02:57 ~ leilasadat63,
2018-07-13 02:57 ~ fullpack_co,
2018-07-13 02:57 ~ aylr1084,
2018-07-13 02:58 ~ katayon.ziraksaz,
2018-07-13 02:59 ~ a30mah,
2018-07-13 03:00 ~ ytakandi,
2018-07-13 03:00 ~ hny.hf,
2018-07-13 03:01 ~ i_3arah,
2018-07-13 03:01 ~ mahdieh_mahdar2020,
2018-07-13 03:01 ~ maraldrny,
2018-07-13 03:02 ~ leylawjavadi7,
2018-07-13 03:02 ~ azadeh.keshavarz73,
2018-07-13 03:15 ~ nazaninjoni.1994.1373,
2018-07-13 03:15 ~ miladchaichi,
2018-07-13 03:16 ~ printer_3d,
2018-07-13 03:16 ~ faraneh.kohestanii70,
2018-07-13 03:16 ~ bahar15953,
2018-07-13 03:17 ~ m.568a,
2018-07-13 03:17 ~ fatijon6703,
2018-07-13 03:18 ~ jalil_ebdam,
2018-07-13 03:18 ~ abrahim_313233,
2018-07-13 03:18 ~ damiroo.seyedmohammad,
2018-07-13 03:19 ~ ziahasanzad,
2018-07-13 03:19 ~ kulivandmehdi,
2018-07-13 03:19 ~ asad_gf42,
2018-07-13 03:20 ~ carsonlueders1999,
2018-07-13 03:20 ~ ali.h413,
2018-07-13 03:21 ~ m_zayeri9,
2018-07-13 03:21 ~ sepide_hajiri,
2018-07-13 03:32 ~ __ahmadreza___frk__,
2018-07-13 03:32 ~ attieshahi,
2018-07-13 03:33 ~ awash_st,
2018-07-13 03:33 ~ dokhtar.royayi.s,
2018-07-13 03:34 ~ aminisetare,
2018-07-13 03:34 ~ malihesanjarani,
2018-07-13 03:34 ~ baharefiruzabadi8055,
2018-07-13 03:35 ~ shad_shr,
2018-07-13 03:35 ~ nazanin1975,
2018-07-13 03:35 ~ sara.moradi000,
2018-07-13 03:41 ~ rwynmhmdpwr,
2018-07-13 03:42 ~ nonamohammed9785,
2018-07-13 03:42 ~ samiabdi6969,
2018-07-13 03:43 ~ noorjan34588,
2018-07-13 03:43 ~ mahaawii11,
2018-07-13 03:43 ~ reemylovely,
2018-07-13 03:44 ~ nazaninnikoopanah,
2018-07-13 03:44 ~ elham_timkar9,
2018-07-13 03:56 ~ nargeskhimhi,
2018-07-13 03:56 ~ reza_mesrkhani,
2018-07-13 03:57 ~ parisa.rahimi22,
2018-07-13 03:57 ~ niludarestanifarahani,
2018-07-13 03:57 ~ saeed.jr.official,
2018-07-13 03:58 ~ ghazalkhaliliyan,
2018-07-13 03:58 ~ rasool.sa611,
2018-07-13 03:58 ~ gire_.rosari,
2018-07-13 03:59 ~ ali.sin30003,
2018-07-13 03:59 ~ apirveisy,
2018-07-13 04:08 ~ negar_136666,
2018-07-13 04:09 ~ ahmadreza1072,
2018-07-13 04:09 ~ narges67nnn,
2018-07-13 04:10 ~ _raakodesign_,
2018-07-13 04:10 ~ royaye.khiss1998,
2018-07-13 04:10 ~ nazanin_bagherpour77,
2018-07-13 04:11 ~ anis.alkasir4882,
2018-07-13 04:12 ~ hasan_24h,
2018-07-13 04:12 ~ shayan_davari_,
2018-07-13 04:12 ~ samuoyii,
2018-07-13 04:14 ~ _._molood_._,
2018-07-13 04:14 ~ nawal.alahwazie8,
2018-07-13 04:14 ~ aram_shoe,
2018-07-13 04:15 ~ pegah_rhi,
2018-07-13 04:15 ~ hoda_sadr84,
2018-07-13 04:15 ~ __iyac__porsalehi__,
2018-07-13 04:16 ~ mohammadreza_zakavi,
2018-07-13 04:16 ~ omid.sohrabzahi,
2018-07-13 04:17 ~ sayed_m.mostafa_moosavi,
2018-07-13 04:18 ~ asal.r.a1395,
2018-07-13 04:18 ~ lys.7695,
2018-07-13 04:28 ~ atefeh.nazari_nejad,
2018-07-13 04:29 ~ rahim.seydalangi.346,
2018-07-13 04:29 ~ sima625_,
2018-07-13 04:30 ~ abasi7134,
2018-07-13 04:30 ~ atyy085,
2018-07-13 04:30 ~ tan_azi,
2018-07-13 04:31 ~ nader.mahya,
2018-07-13 04:31 ~ rezashabani3171,
2018-07-13 04:31 ~ njm8869,
2018-07-13 04:32 ~ faribaa.mh,
2018-07-13 04:32 ~ tiara.ariagan,
2018-07-13 04:32 ~ p.mm2016,
2018-07-13 04:33 ~ nasra.ali.77398,
2018-07-13 04:34 ~ abolielham,
2018-07-13 04:34 ~ ayda_zmt,
2018-07-13 04:35 ~ lady.barfin,
2018-07-13 04:35 ~ navid_javid,
2018-07-13 04:35 ~ abolfazl.mm13766,
2018-07-13 04:36 ~ mohammadmomensani,
2018-07-13 04:50 ~ ulvi_derya_official,
2018-07-13 04:50 ~ _chantellouise,
2018-07-13 04:51 ~ mobina_fj74,
2018-07-13 04:51 ~ farid_msvi,
2018-07-13 04:52 ~ yaser.beigii,
2018-07-13 04:52 ~ paria1586,
2018-07-13 04:52 ~ royasolimanpoor,
2018-07-13 04:53 ~ bartarinha_irann,
2018-07-13 04:53 ~ t.radahmadi,
2018-07-13 04:53 ~ yasna.k93,
2018-07-13 05:03 ~ mah_rokh.abadan,
2018-07-13 05:05 ~ ali_bakhtiari110,
2018-07-13 05:05 ~ ahmedahmed.1977,
2018-07-13 05:06 ~ sajjadm7134,
2018-07-13 05:06 ~ mohammadsh0019,
2018-07-13 05:06 ~ ali_a1088,
2018-07-13 05:07 ~ asghar_alirezaloo,
2018-07-13 05:07 ~ ziba34196,
2018-07-13 05:18 ~ melika_m1985,
2018-07-13 05:18 ~ zahra.baghery75,
2018-07-13 05:18 ~ yari.bahar56,
2018-07-13 05:19 ~ arezoo.ekramian_0077,
2018-07-13 05:19 ~ leilatandorost,
2018-07-13 05:20 ~ zahra_78khlili,
2018-07-13 05:20 ~ marmari.21,
2018-07-13 05:20 ~ quechu1321,
2018-07-13 05:21 ~ zari_goodarziii,
2018-07-13 05:21 ~ sharare.roshan,
2018-07-13 05:22 ~ mahdipoorkhanjar,
2018-07-13 05:22 ~ mohammadrezaei321,
2018-07-13 05:23 ~ hero__bella,
2018-07-13 05:23 ~ moamma_soal,
2018-07-13 05:23 ~ farzad_solhjo,
2018-07-13 05:24 ~ miladgomarian,
2018-07-13 05:24 ~ ____.asalii.____,
2018-07-13 05:25 ~ bano_a_25,
2018-07-13 05:37 ~ nrgsi._.pv,
2018-07-13 05:38 ~ neda_jjmm,
2018-07-13 05:38 ~ marjnalv,
2018-07-13 05:38 ~ nazi.jr_,
2018-07-13 05:39 ~ noghrebakhshi2,
2018-07-13 05:39 ~ zahrarasaee,
2018-07-13 05:39 ~ nedaa.kz,
2018-07-13 05:40 ~ masoomekolahdooz,
2018-07-13 05:52 ~ masoud_parvaresh_goldis,
2018-07-13 05:52 ~ sara1991ebrah,
2018-07-13 05:52 ~ younesiamine,
2018-07-13 05:53 ~ mohammadreza.kazemi1380,
2018-07-13 05:53 ~ baranaaa_7796,
2018-07-13 05:53 ~ m_3220_s,
2018-07-13 05:54 ~ simin_rezamand,
2018-07-13 05:55 ~ zahra.9449,
2018-07-13 05:55 ~ amirabas1499,
2018-07-13 05:56 ~ sh1371tjk,
2018-07-13 05:56 ~ farzaneh_saleh54,
2018-07-13 05:57 ~ parham_zahedi_68,
2018-07-13 05:57 ~ atefe_nasi,
2018-07-13 06:09 ~ xxdonya_emxx,
2018-07-13 06:09 ~ miss_mehraz96,
2018-07-13 06:10 ~ tahere7066,
2018-07-13 06:10 ~ heman_kitchen,
2018-07-13 06:10 ~ moolian149o,
2018-07-13 06:11 ~ s__zahra,
2018-07-13 06:11 ~ navaei.elnaz,
2018-07-13 06:12 ~ fawteme_zi,
2018-07-13 06:12 ~ z.shafag,
2018-07-13 06:12 ~ banafshe_hy,
2018-07-13 06:14 ~ ma.mandegar7230,
2018-07-13 06:14 ~ zsmm1413,
2018-07-13 06:14 ~ aaaida.sh,
2018-07-13 06:16 ~ andia_navazesh,
2018-07-13 06:16 ~ farnaz.saffari,
2018-07-13 06:16 ~ saeedamjad88,
2018-07-13 06:17 ~ bahar_.daraei,
2018-07-13 06:17 ~ _________yas__________,
2018-07-13 06:17 ~ babakzs10,
2018-07-13 06:18 ~ m._h._a._m._a._d,
2018-07-13 06:18 ~ rezakoti1,
2018-07-13 06:29 ~ m.am61,
2018-07-13 06:29 ~ mahmoodesfahani63,
2018-07-13 06:29 ~ wrya_qasab,
2018-07-13 06:31 ~ maede_r7945,
2018-07-13 06:32 ~ farzad.rafiei.5505,
2018-07-13 06:32 ~ 4mahin4,
2018-07-13 06:33 ~ nasir.dehani,
2018-07-13 06:33 ~ mansoreh74915,
2018-07-13 06:33 ~ negar.ghanaati_73,
2018-07-13 06:34 ~ mahvash35618,
2018-07-13 06:34 ~ hosinns1861,
2018-07-13 06:34 ~ azita.masomian71,
2018-07-13 06:35 ~ mah.naghdi68,
2018-07-13 06:35 ~ psarak.meshky.posh,
2018-07-13 06:35 ~ forozan__pv,
2018-07-13 06:36 ~ shirinmode.ir,
2018-07-13 06:36 ~ raminjadi,
2018-07-13 06:46 ~ damnoosh.laghari.newsha,
2018-07-13 06:47 ~ f_b_2_0,
2018-07-13 06:47 ~ fatemeh_fallah_akbarpoor,
2018-07-13 06:47 ~ somayeh.ahmadi__,
2018-07-13 06:48 ~ alishasevan,
2018-07-13 06:48 ~ ali_sh27733,
2018-07-13 06:48 ~ na.sir8413,
2018-07-13 06:57 ~ mehdi.nox72,
2018-07-13 06:57 ~ gh.zohreh21,
2018-07-13 06:58 ~ ali_cancel71,
2018-07-13 06:58 ~ ec11.v,
2018-07-13 06:59 ~ farimah.farzam,
2018-07-13 07:00 ~ tannaz.imk1990,
2018-07-13 07:00 ~ f.pashaeii,
2018-07-13 07:00 ~ zahra_shojayaan,
2018-07-13 07:00 ~ ydkhld2365,
2018-07-13 07:01 ~ faty.fs,
2018-07-13 07:03 ~ mortezamagami,
2018-07-13 07:03 ~ parnaz__design,
2018-07-13 07:03 ~ alirezamahmoodimonfared,
2018-07-13 07:04 ~ ___negar___3,
2018-07-13 07:04 ~ sahari_2613,
2018-07-13 07:04 ~ ___monaa___z,
2018-07-13 07:05 ~ hosein_kasmaei,
2018-07-13 07:05 ~ behrouz630,
2018-07-13 07:06 ~ sheykh_ali_baba,
2018-07-13 07:13 ~ pooya_amin_,
2018-07-13 07:14 ~ jamali.rj97,
2018-07-13 07:14 ~ misam199,
2018-07-13 07:15 ~ hani_safarii,
2018-07-13 07:15 ~ m.a.2z,
2018-07-13 07:15 ~ mehr_mirdehghan,
2018-07-13 07:16 ~ zohre.m.z.n,
2018-07-13 07:16 ~ azitamozafarii,
2018-07-13 07:16 ~ sara__tarii,
2018-07-13 07:18 ~ miss__aramesh8,
2018-07-13 07:18 ~ majedeh67.sa67,
2018-07-13 07:18 ~ afsoon_dc0,
2018-07-13 07:19 ~ porya_zar,
2018-07-13 07:19 ~ somayee1865,
2018-07-13 07:20 ~ mary_setin,
2018-07-13 07:20 ~ mamimamimamico,
2018-07-13 07:20 ~ sabzgostar.store,
2018-07-13 07:21 ~ rose.m74b,
2018-07-13 07:21 ~ hasti0939649,
2018-07-13 07:21 ~ mostafa_mosayebzade2637,
2018-07-13 07:22 ~ svd.7.62,
2018-07-13 07:22 ~ hadis.kardani.77,
2018-07-13 07:22 ~ 6707.sh,
2018-07-13 07:23 ~ nadya_z704,
2018-07-13 07:23 ~ nasimfarshkaran,
2018-07-13 07:24 ~ feriba3434,
2018-07-13 07:34 ~ z_shiva,
2018-07-13 07:35 ~ n_adelimoghadam_52,
2018-07-13 07:35 ~ shahla_malekkhataee,
2018-07-13 07:35 ~ alijoker5118,
2018-07-13 07:36 ~ ma.riya9676,
2018-07-13 07:36 ~ ______zahedi_mahdiyeh______,
2018-07-13 07:36 ~ dariushmalakpoor,
2018-07-13 07:37 ~ salarmohanak,
2018-07-13 07:37 ~ naji66_sepehri,
2018-07-13 07:38 ~ zhr_7082,
2018-07-13 07:38 ~ hanasakm5,
2018-07-13 07:38 ~ feryal_jewelry,
2018-07-13 07:39 ~ sarabahrami0,
2018-07-13 07:39 ~ _milad.f14_,
2018-07-13 07:39 ~ omiidarad,
2018-07-13 07:40 ~ shaysta.daneshvar.m,
2018-07-13 07:40 ~ foroutan.nasser,
2018-07-13 07:41 ~ ssssss4610,
2018-07-13 07:41 ~ aliyeh5431,
2018-07-13 07:42 ~ minooo_bala,
2018-07-13 07:43 ~ mhry9812,
2018-07-13 07:43 ~ asal23f,
2018-07-13 07:43 ~ aynazz_rhd,
2018-07-13 07:44 ~ phaeze_a7,
2018-07-13 07:45 ~ mahdi.8723,
2018-07-13 07:45 ~ fereshtehh1964,
2018-07-13 07:59 ~ rozitaaa1397,
2018-07-13 07:59 ~ rastegari2339,
2018-07-13 08:00 ~ mojgan_beigi_,
2018-07-13 08:00 ~ parsbimeh.ir,
2018-07-13 08:01 ~ mahtab.beautyskin,
2018-07-13 08:01 ~ maryam.1379.79,
2018-07-13 08:01 ~ shabnam.sharifpour,
2018-07-13 08:02 ~ merry_m_design,
2018-07-13 08:02 ~ masoume.ebi,
2018-07-13 08:02 ~ 6631_ma,
2018-07-13 08:03 ~ f_qasemi,
2018-07-13 08:03 ~ mojdeghanbari,
2018-07-13 08:04 ~ omid.me5078,
2018-07-13 08:05 ~ davod4593,
2018-07-13 08:05 ~ havzhin6743,
2018-07-13 08:05 ~ shivaa137474,
2018-07-13 08:15 ~ saeedetehrani,
2018-07-13 08:15 ~ moradi.2695,
2018-07-13 08:15 ~ banooie_tanha,
2018-07-13 08:16 ~ l.naghilou,
2018-07-13 08:16 ~ titimsv,
2018-07-13 08:16 ~ javadmoghadam051,
2018-07-13 08:17 ~ ahmadmahmudizadeh9446,
2018-07-13 08:17 ~ roonak90,
2018-07-13 08:18 ~ saraafshari88,
2018-07-13 08:18 ~ e.behyad,
2018-07-13 08:18 ~ gita_rz3696,
2018-07-13 08:19 ~ neda.ra.me,
2018-07-13 08:19 ~ nasrin_majidi_46,
2018-07-13 08:20 ~ nadaffateme,
2018-07-13 08:26 ~ mozafarparvaz,
2018-07-13 08:26 ~ lwrdlbyd492,
2018-07-13 08:26 ~ samane_km8916,
2018-07-13 08:27 ~ _.maria_vl,
2018-07-13 08:27 ~ miss_shinerr3975,
2018-07-13 08:28 ~ m.khosravi29.11,
2018-07-13 08:30 ~ rezvan_lari,
2018-07-13 08:30 ~ mmehrjo1394,
2018-07-13 08:42 ~ fatttima8754,
2018-07-13 08:42 ~ shabnam.jafari69,
2018-07-13 08:42 ~ saeidehadadi,
2018-07-13 08:43 ~ __mah_tab,
2018-07-13 08:44 ~ soma.ni,
2018-07-13 08:44 ~ nastaran.zabett,
2018-07-13 08:45 ~ shayoma555,
2018-07-13 08:46 ~ kasitsilver,
2018-07-13 08:46 ~ faezeh654857131218,
2018-07-13 08:47 ~ mohamad_masoudnia_74,
2018-07-13 08:47 ~ asra33asra33,
2018-07-13 08:47 ~ abdolahdini74,
2018-07-13 08:48 ~ aysan3944,
2018-07-13 08:48 ~ aaaaan4486,
2018-07-13 08:49 ~ cennet3296,
2018-07-13 08:49 ~ faezezakry,
2018-07-13 08:49 ~ surprise_box_surprise,
2018-07-13 08:59 ~ sn1352_,
2018-07-13 08:59 ~ fi.hiy,
2018-07-13 09:00 ~ zari.sad.93,
2018-07-13 09:01 ~ monica_eliz03,
2018-07-13 09:01 ~ mohadeseh_taherii,
2018-07-13 09:02 ~ negah.bartar,
2018-07-13 09:02 ~ abasisaeed78,
2018-07-13 09:02 ~ kh.measoum,
2018-07-13 09:03 ~ hawkarmahaud,
2018-07-13 09:03 ~ pegahhh7988,
2018-07-13 09:03 ~ mehriii.khavari,
2018-07-13 09:04 ~ reyhaneh.z.69,
2018-07-13 09:04 ~ gandom3829,
2018-07-13 09:05 ~ amirtaha2750,
2018-07-13 09:05 ~ mina_73_4,
2018-07-13 09:05 ~ yousef_salehfar,
2018-07-13 09:06 ~ far__a____,
2018-07-13 09:18 ~ mmd.nbri,
2018-07-13 09:18 ~ mokhtaryhasan,
2018-07-13 09:19 ~ zizi.azhii,
2018-07-13 09:19 ~ sanaz_kh5304,
2018-07-13 09:19 ~ souniyaaaa,
2018-07-13 09:20 ~ noori_adk,
2018-07-13 09:20 ~ arghavan.93.64.61,
2018-07-13 09:20 ~ skincare_afsoon_irani,
2018-07-13 09:21 ~ mmaghsooodi70,
2018-07-13 09:32 ~ niu6262,
2018-07-13 09:32 ~ anabell_11669,
2018-07-13 09:33 ~ zahra_anaei1390,
2018-07-13 09:33 ~ leily_kimiyaipur,
2018-07-13 09:34 ~ mostafa_shojaei1,
2018-07-13 09:34 ~ ninahamidian,
2018-07-13 09:35 ~ maryam_khovarnagh,
2018-07-13 09:46 ~ elham.ahmadi6982,
2018-07-13 09:47 ~ fatemeershad1394,
2018-07-13 09:47 ~ javadakramy42,
2018-07-13 09:48 ~ fa.rshad1117,
2018-07-13 09:48 ~ fazelkamali888,
2018-07-13 09:48 ~ alikhajeh89,
2018-07-13 09:49 ~ enter_06,
2018-07-13 09:49 ~ fi.y.uo.ch_7,
2018-07-13 09:50 ~ mahsa.der7597,
2018-07-13 09:50 ~ salon_zibai_romina,
2018-07-13 09:50 ~ smaneh.yazdi,
2018-07-13 09:52 ~ silver_isfahan,
2018-07-13 10:01 ~ morvarid_daryai,
2018-07-13 10:01 ~ zha_eliiiiin,
2018-07-13 10:02 ~ fashir1365,
2018-07-13 10:02 ~ azadehsaia,
2018-07-13 10:02 ~ sss_mmii,
2018-07-13 10:03 ~ rogayeh_nasirian,
2018-07-13 10:03 ~ fereshteh.sobhani55,
2018-07-13 10:03 ~ saeli3951,
2018-07-13 10:04 ~ ali._abedi_,
2018-07-13 10:04 ~ ehtemam_jewelry,
2018-07-13 10:05 ~ simindokht_noghre,
2018-07-13 10:05 ~ azadeh.charzeh,
2018-07-13 10:05 ~ mar1.mar,
2018-07-13 10:06 ~ maral_n_1994,
2018-07-13 10:07 ~ vipgroupco,
2018-07-13 10:08 ~ fatemeh73heydari,
2018-07-13 10:08 ~ yunesw,
2018-07-13 10:08 ~ tabriz_iran4,
2018-07-13 10:09 ~ emad.km1,
2018-07-13 10:09 ~ manochehrghan,
2018-07-13 10:09 ~ selfie_bashagard,
2018-07-13 10:10 ~ l.sadeghnia,
2018-07-13 10:10 ~ le.ila1805,
2018-07-13 10:11 ~ _simin_asadi_,
2018-07-13 10:11 ~ muhammadhshah1,
2018-07-13 10:11 ~ safaalgulb1982.co,
2018-07-13 10:12 ~ sohila.bakhakh,
2018-07-13 10:12 ~ sepide.soltani6705,
2018-07-13 10:12 ~ iravhsek_1995,
2018-07-13 10:13 ~ meeli4463,
2018-07-13 10:22 ~ zamani_bikeshop,
2018-07-13 10:22 ~ gh_mpour,
2018-07-13 10:23 ~ rahaaa_mezon,
2018-07-13 10:23 ~ aysoda2935,
2018-07-13 10:26 ~ ammargaeb,
2018-07-13 10:26 ~ nadiya_shafie,
2018-07-13 10:26 ~ aysansk,
2018-07-13 10:27 ~ zahra.esff,
2018-07-13 10:27 ~ golezar,
2018-07-13 10:27 ~ farnoosh1965,
2018-07-13 10:28 ~ mohammad_.74,
2018-07-13 10:28 ~ marypcaddress,
2018-07-13 10:30 ~ rahagoli1395,
2018-07-13 10:41 ~ fandogh8119,
2018-07-13 10:41 ~ pergolll,
2018-07-13 10:42 ~ sandarilaana,
2018-07-13 10:42 ~ maryam.mack,
2018-07-13 10:43 ~ alireza.goldsmithry,
2018-07-13 10:43 ~ faranak_mahjouri_fard,
2018-07-13 10:43 ~ ehsan_8952,
2018-07-13 10:44 ~ alireza_204060,
2018-07-13 10:44 ~ a_asadzadeh,
2018-07-13 10:44 ~ talo.baloch.0032,
2018-07-13 10:45 ~ divoonehbodam.2018,
2018-07-13 10:45 ~ ganodermaa_exir,
2018-07-13 10:45 ~ ramin.amin7073,
2018-07-13 10:46 ~ amir.tk48,
2018-07-13 10:46 ~ asal908070,
2018-07-13 10:47 ~ fateme_rezai20,
2018-07-13 10:47 ~ mr.dani24,
2018-07-13 10:57 ~ haniyeh_nazm,
2018-07-13 10:58 ~ rahil7582,
2018-07-13 10:58 ~ samane_pz1373,
2018-07-13 10:59 ~ nogrehshahr,
2018-07-13 10:59 ~ sedigh.mehdi91,
2018-07-13 11:00 ~ halehkhezerlou,
2018-07-13 11:00 ~ faribaalihemmati,
2018-07-13 11:00 ~ z._.2.1,
2018-07-13 11:01 ~ monire.1986,
2018-07-13 11:01 ~ hamitahmedi,
2018-07-13 11:02 ~ majid_rezanasab,
2018-07-13 11:02 ~ shahraki_moghaddam,
2018-07-13 11:03 ~ samin1367,
2018-07-13 11:03 ~ fati_serendipiti,
2018-07-13 11:04 ~ arsalan.milan,
2018-07-13 11:05 ~ saryjoooon.79,
2018-07-13 11:05 ~ moh_ammad_reza_sne,
2018-07-13 11:05 ~ aziiighanbari,
2018-07-13 11:06 ~ sakinehhoseinlou,
2018-07-13 11:06 ~ zahra_gharemohammadloo,
2018-07-13 11:06 ~ mina.akbarpour.7,
2018-07-13 11:07 ~ hani_h_65,
2018-07-13 11:07 ~ sassou9892,
2018-07-13 11:08 ~ mhdwy388,
2018-07-13 11:08 ~ qurrat_ul_ain9067,
2018-07-13 11:08 ~ azadeh.khosrojerdi,
2018-07-13 11:20 ~ neda_01951,
2018-07-13 11:20 ~ majede_h5524,
2018-07-13 11:22 ~ sheyda_khafajizad,
2018-07-13 11:22 ~ armita894,
2018-07-13 11:22 ~ zohresafaviye1372,
2018-07-13 11:23 ~ elnaz_ak68_,
2018-07-13 11:23 ~ elahe_m7468,
2018-07-13 11:23 ~ sahar_ahm71,
2018-07-13 11:24 ~ shahradhoseinzade05,
2018-07-13 11:24 ~ parisaajamalpour,
2018-07-13 11:37 ~ rraha8087,
2018-07-13 11:37 ~ mahsakurd1376,
2018-07-13 11:37 ~ shrqshm,
2018-07-13 11:38 ~ gita_goli23,
2018-07-13 11:38 ~ mhrshd517,
2018-07-13 11:39 ~ khatere_5068,
2018-07-13 11:40 ~ gilda.m26,
2018-07-13 11:40 ~ vahid.ahmadi2059,
2018-07-13 11:41 ~ peyman.vanavai,
2018-07-13 11:41 ~ dr_li_kh2012,
2018-07-13 11:42 ~ reyhaneh8120,
2018-07-13 11:42 ~ alishekarpoor1358,
2018-07-13 11:43 ~ mahtabmasoudi9494,
2018-07-13 11:44 ~ dehestani.zahra.bafgh,
2018-07-13 11:44 ~ a.ghebleyii,
2018-07-13 11:45 ~ z.ghafari2011,
2018-07-13 11:45 ~ sl._.ai,
2018-07-13 11:45 ~ sonia_korepaz,
2018-07-13 11:46 ~ samane71700,
2018-07-13 11:46 ~ royaa01234,
2018-07-13 11:46 ~ fariba6123,
2018-07-13 11:47 ~ sadream792901,
2018-07-13 11:57 ~ hodhod3894,
2018-07-13 11:57 ~ zh.r_2017,
2018-07-13 11:57 ~ adina628,
2018-07-13 11:58 ~ masoomeh__tr__,
2018-07-13 11:58 ~ eli______74,
2018-07-13 11:59 ~ khalkhali.vajiheh,
2018-07-13 11:59 ~ gardanband_shop_dastsaz,
2018-07-13 11:59 ~ nayer.37,
2018-07-13 12:00 ~ vahideh.azhdary9962,
2018-07-13 12:00 ~ tsabbitaqalbii,
2018-07-13 12:01 ~ farzaneh140,
2018-07-13 12:01 ~ aybikem5,
2018-07-13 12:02 ~ bahar13712,
2018-07-13 12:02 ~ koro9699,
2018-07-13 12:12 ~ pari137677,
2018-07-13 12:13 ~ mo.hammad.83,
2018-07-13 12:13 ~ reza._.atashi,
2018-07-13 12:13 ~ hobot_313,
2018-07-13 12:14 ~ pxm5000,
2018-07-13 12:14 ~ m.2rafshan,
2018-07-13 12:15 ~ parastookiarsi,
2018-07-13 12:15 ~ anahitatehrani75,
2018-07-13 12:16 ~ tnhkhd2787,
2018-07-13 12:17 ~ majhol.68,
2018-07-13 12:17 ~ kcha752,
2018-07-13 12:17 ~ zivarat_ziggurat,
2018-07-13 12:18 ~ saa_6361,
2018-07-13 12:18 ~ vahidnajafiakerdi,
2018-07-13 12:29 ~ forough.h.p,
2018-07-13 12:29 ~ 7shop_kharrazi,
2018-07-13 12:30 ~ bigbangcandle,
2018-07-13 12:30 ~ rojin906561,
2018-07-13 12:31 ~ ehsan_hp_maku,
2018-07-13 12:32 ~ satiyar_1996_,
2018-07-13 12:32 ~ zahra_mzyn,
2018-07-13 12:32 ~ faribabakhtiari46,
2018-07-13 12:33 ~ mitra1219888,
2018-07-13 12:33 ~ maryam__a_i,
2018-07-13 12:34 ~ behrokkh,
2018-07-13 12:34 ~ ta_khanzadi,
2018-07-13 12:34 ~ maede.hjtgloo,
2018-07-13 12:35 ~ sara58_v,
2018-07-13 12:35 ~ aseman9218,
2018-07-13 12:35 ~ shabnam.h.ch,
2018-07-13 12:46 ~ _s_fakhry,
2018-07-13 12:46 ~ aassiiyyeehh.hha,
2018-07-13 12:47 ~ haleh.sh65,
2018-07-13 12:47 ~ mansourehhajinasrollah,
2018-07-13 12:47 ~ donyayezibaayeman,
2018-07-13 12:48 ~ amir.ss.mehrabi,
2018-07-13 12:48 ~ zeynab2238,
2018-07-13 12:49 ~ love__box__surprise,
2018-07-13 12:59 ~ babak.tog,
2018-07-13 12:59 ~ fortnite_epic_clips_8768,
2018-07-13 13:00 ~ rezaa4650,
2018-07-13 13:00 ~ hamid_ab0058,
2018-07-13 13:00 ~ samaneh9328,
2018-07-13 13:01 ~ _mryfkhr_,
2018-07-13 13:01 ~ mozhdeh1375kazemi,
2018-07-13 13:02 ~ sajedeh.alizadeh,
2018-07-13 13:03 ~ nafasam721,
2018-07-13 13:03 ~ badalijat.maneli,
2018-07-13 13:03 ~ parastooo8654,
2018-07-13 13:04 ~ f.yeganeh6772,
2018-07-13 13:04 ~ lhjhsynydlfth,
2018-07-13 13:05 ~ nasim.0340,
2018-07-13 13:07 ~ khadejeh.br,
2018-07-13 13:07 ~ manije4808,
2018-07-13 13:08 ~ maralmoradiiii,
2018-07-13 13:08 ~ sareh.mohamadii,
2018-07-13 13:17 ~ hosseinkarimi2026,
2018-07-13 13:18 ~ termeh_fa,
2018-07-13 13:18 ~ aluminumsaghf,
2018-07-13 13:20 ~ mosakhani.farnaz52,
2018-07-13 13:20 ~ ma_hsa_75s,
2018-07-13 13:21 ~ motaharehaghaei,
2018-07-13 13:21 ~ gallery_milano29,
2018-07-13 13:21 ~ samira58km,
2018-07-13 13:22 ~ fa_te_me_h75,
2018-07-13 13:22 ~ arda1395_,
2018-07-13 13:23 ~ sevda_h6869,
2018-07-13 13:23 ~ nasi.r.s.72,
2018-07-13 13:23 ~ onyx.jewelry.3,
2018-07-13 13:24 ~ __deniz__8156,
2018-07-13 13:24 ~ soroush.f_official,
2018-07-13 13:24 ~ shokrollah98,
2018-07-13 13:25 ~ amirali.sarina,
2018-07-13 13:35 ~ sahar.jon1376,
2018-07-13 13:36 ~ shabnamamiri67,
2018-07-13 13:36 ~ anoushaamirrafiei,
2018-07-13 13:37 ~ heliiya_s,
2018-07-13 13:37 ~ tinab4263,
2018-07-13 13:37 ~ mitraa_ef,
2018-07-13 13:38 ~ s.m_66_71,
2018-07-13 13:49 ~ shanli_farsi88,
2018-07-13 13:50 ~ noshin_asg,
2018-07-13 13:50 ~ samane.ad95,
2018-07-13 13:52 ~ bahramfiroozi61,
2018-07-13 13:52 ~ anita.anzli5225,
2018-07-13 13:52 ~ king_m.m.a,
2018-07-13 13:53 ~ yzkmarjan,
2018-07-13 13:53 ~ minaa51,
2018-07-13 13:54 ~ fahimeh041,
2018-07-13 13:54 ~ maedeid,
2018-07-13 13:55 ~ sadeghitahereh,
2018-07-13 13:55 ~ shabnam_po,
2018-07-13 13:55 ~ mithraoleyaeyan,
2018-07-13 13:56 ~ narges_hoseniy,
2018-07-13 14:08 ~ mahsaa_7788,
2018-07-13 14:08 ~ desertkadeh.leila,
2018-07-13 14:09 ~ fati.99.zari,
2018-07-13 14:09 ~ dr.n.d,
2018-07-13 14:09 ~ hosseini.nadiya1376,
2018-07-13 14:10 ~ mohamadrezamosareza,
2018-07-13 14:10 ~ rezamahmudi2071,
2018-07-13 14:10 ~ sebtekar,
2018-07-13 14:11 ~ zabihajizada,
2018-07-13 14:11 ~ shahram.farrok,
2018-07-13 14:11 ~ shiva20017m,
2018-07-13 14:12 ~ yasin.374,
2018-07-13 14:12 ~ shahram.hayati7090,
2018-07-13 14:24 ~ ahmad_bjb_,
2018-07-13 14:26 ~ navid.bombi,
2018-07-13 14:26 ~ shirinsherry,
2018-07-13 14:27 ~ shhrmrdyy7065,
2018-07-13 14:27 ~ rogi_semsari9434,
2018-07-13 14:27 ~ shidehjust,
2018-07-13 14:28 ~ fahimeh_sookhtehzar28,
2018-07-13 14:40 ~ safa.mbk,
2018-07-13 14:40 ~ amirr.ahmadii,
2018-07-13 14:40 ~ kianjavaher5,
2018-07-13 14:41 ~ pry9422,
2018-07-13 14:41 ~ lhlwh2143,
2018-07-13 14:41 ~ ashraf.ghh,
2018-07-13 14:42 ~ mohadesehsaid2014,
2018-07-13 14:42 ~ nazani139700,
2018-07-13 14:43 ~ faezeh_n75,
2018-07-13 14:43 ~ as.al9942,
2018-07-13 14:43 ~ parvaneh.ap231,
2018-07-13 14:44 ~ raheleh3270,
2018-07-13 14:44 ~ nazi.kajabadi,
2018-07-13 14:44 ~ pakhshe_atena,
2018-07-13 14:45 ~ rasoolnatayej,
2018-07-13 14:45 ~ ashkan.b_0,
2018-07-13 14:55 ~ amir_khan_skky,
2018-07-13 14:57 ~ shal_rosari_hossna,
2018-07-13 14:58 ~ fatemeh.ghasemi212018,
2018-07-13 14:58 ~ queen_kindness_and_sense,
2018-07-13 14:58 ~ miss___sheida___,
2018-07-13 14:59 ~ gallery.sadaf2,
2018-07-13 15:00 ~ honeymoon_2727,
2018-07-13 15:00 ~ persian.turquose,
2018-07-13 15:01 ~ ermiya.bayani,
2018-07-13 15:01 ~ ali.ghanaat_silver,
2018-07-13 15:03 ~ lavasaninasrin79,
2018-07-13 15:04 ~ rahele_zamani64,
2018-07-13 15:04 ~ atefeh.m_a,
2018-07-13 15:04 ~ saye6571,
2018-07-13 15:05 ~ lachin_zare,
2018-07-13 15:05 ~ katayonmahoti,
2018-07-13 15:06 ~ marjanbagheri1370,
2018-07-13 15:06 ~ fooruzanheidari,
2018-07-13 15:15 ~ reza_zhoola_,
2018-07-13 15:15 ~ s.navabi5293,
2018-07-13 15:15 ~ amir_h76ghaz,
2018-07-13 15:16 ~ amirhoseinzerang,
2018-07-13 15:16 ~ davoud__kiani,
2018-07-13 15:17 ~ wanton.shm,
2018-07-13 15:17 ~ mahdis_ashorii,
2018-07-13 15:17 ~ maryam_no92,
2018-07-13 15:18 ~ mahbodataei.m,
2018-07-13 15:18 ~ minahendi8674,
2018-07-13 15:19 ~ negin0000,
2018-07-13 15:31 ~ basssssteeeeee_shhhhodddddjjep,
2018-07-13 15:32 ~ sepydehashemy,
2018-07-13 15:32 ~ farnaz_gh0074,
2018-07-13 15:32 ~ k.koosar.a,
2018-07-13 15:33 ~ samanehkarani,
2018-07-13 15:33 ~ papoleh5,
2018-07-13 15:33 ~ solmazsaadat1360,
2018-07-13 15:34 ~ nedashiehzade,
2018-07-13 15:34 ~ elnaz_amiriii,
2018-07-13 15:34 ~ soheilahoseinnejad,
2018-07-13 15:35 ~ amin__khazir,
2018-07-13 15:35 ~ soheila4713,
2018-07-13 15:35 ~ yusefi_shahla,
2018-07-13 15:36 ~ haniyeh.mohamadlu,
2018-07-13 15:36 ~ zolfami,
2018-07-13 15:36 ~ sepide_a_79,
2018-07-13 15:37 ~ paria.bakhtiari14,
2018-07-13 15:37 ~ mania.msh,
2018-07-13 15:38 ~ s.a.m.i.r.a1367,
2018-07-13 15:38 ~ rohollah.taghavi,
2018-07-13 15:38 ~ katayoon_khani,
2018-07-13 15:39 ~ masoum_my95,
2018-07-13 20:46 ~ lida_jarrah2,
2018-07-13 20:46 ~ shivaa137474,
2018-07-13 20:47 ~ l.naghilou,
2018-07-13 20:47 ~ banooie_tanha,
2018-07-13 20:48 ~ 6714_mohamad,
2018-07-13 20:48 ~ forogh_babadi,
2018-07-13 20:48 ~ 6961.z,
2018-07-13 20:49 ~ shiamalraheem,
2018-07-13 20:49 ~ maryam.r4082,
2018-07-13 20:49 ~ noshinbabadiiii,
2018-07-13 20:50 ~ alameh_seyedi,
2018-07-13 20:50 ~ mano_maman_baba,
2018-07-13 20:50 ~ rominanaseh,
2018-07-13 21:01 ~ yasaman7566,
2018-07-13 21:01 ~ najme8971,
2018-07-13 21:02 ~ zahra._.azariii,
2018-07-13 21:02 ~ neda7_6,
2018-07-13 21:03 ~ setare.sharifi.ardani,
2018-07-13 21:04 ~ zehra_roz,
2018-07-13 21:04 ~ masomebayat2632,
2018-07-13 21:17 ~ z_kalantarrr,
2018-07-13 21:18 ~ cchwmn,
2018-07-13 21:18 ~ roz.7913,
2018-07-13 21:18 ~ sa_na9595,
2018-07-13 21:19 ~ safa_totonchian,
2018-07-13 21:19 ~ roshanak.020,
2018-07-13 21:19 ~ roya.b1996,
2018-07-13 21:20 ~ m.t.p061,
2018-07-13 21:29 ~ nabavi.bahar,
2018-07-13 21:29 ~ elham.hardani2676,
2018-07-13 21:30 ~ jastina.mh,
2018-07-13 21:30 ~ mi_ss_ah_,
2018-07-13 21:30 ~ raminjadi,
2018-07-13 21:31 ~ omidotara,
2018-07-13 21:32 ~ ytakandi,
2018-07-13 21:42 ~ hny.hf,
2018-07-13 21:43 ~ mjgnshhrstn,
2018-07-13 21:45 ~ khanom_shojaei,
2018-07-13 21:46 ~ farzin_1399,
2018-07-13 21:46 ~ afsoonesm,
2018-07-13 21:46 ~ hamsd_veraz,
2018-07-13 21:47 ~ dastsaz_far,
2018-07-13 21:47 ~ akram_6560,
2018-07-13 21:47 ~ nahiddoroodi1348,
2018-07-13 21:48 ~ cihan.gulhan,
2018-07-13 21:48 ~ tr_rjb,
2018-07-13 21:48 ~ nazanin.e94,
2018-07-13 21:49 ~ faeze22499,
2018-07-13 21:59 ~ marziiehalavi,
2018-07-13 22:00 ~ mehrann600,
2018-07-13 22:00 ~ imanunited11,
2018-07-13 22:01 ~ mehran_300m,
2018-07-13 22:01 ~ mohsen.kaboli2831,
2018-07-13 22:03 ~ f.jafari1375_mh,
2018-07-13 22:04 ~ niliya6993,
2018-07-13 22:04 ~ si9900,
2018-07-13 22:06 ~ hanieh__t74,
2018-07-13 22:06 ~ raminmusavi2,
2018-07-13 22:06 ~ roya_bayanlou,
2018-07-13 22:07 ~ hamidreza_ahmadloo,
2018-07-13 22:07 ~ rahele_rouhi,
2018-07-13 22:07 ~ zk_farhoud,
2018-07-13 22:08 ~ momentsjewelry925,
2018-07-13 22:08 ~ mahtabrajaee73,
2018-07-13 22:08 ~ laugh1978,
2018-07-13 22:09 ~ leyla20t,
2018-07-13 22:09 ~ a_.1299,
2018-07-13 22:10 ~ tinasalehi7777,
2018-07-13 22:10 ~ matin_keshar,
2018-07-13 22:10 ~ naji66_sepehri,
2018-07-13 22:11 ~ mansurymitra,
2018-07-13 22:18 ~ 66_sobhan,
2018-07-13 22:18 ~ _zeynab_haji_,
2018-07-13 22:19 ~ nayer.37,
2018-07-13 22:19 ~ soheyla_oveysi_,
2018-07-13 22:19 ~ reyhaneh.g.m74,
2018-07-13 22:20 ~ miss.zandi,
2018-07-13 22:20 ~ s00dii5533,
2018-07-13 22:20 ~ ladysolmaz,
2018-07-13 22:21 ~ farnosh.amirtaheri,
2018-07-13 22:21 ~ zeyna9371,
2018-07-13 22:21 ~ rezvan_02o2,
2018-07-13 22:22 ~ __ranaw.y,
2018-07-13 22:34 ~ mahsa.h.mehrabi,
2018-07-13 22:35 ~ sina_ashayeri,
2018-07-13 22:36 ~ amir1140107,
2018-07-13 22:36 ~ chi_mod_store,
2018-07-13 22:36 ~ baharws,
2018-07-13 22:37 ~ mohamad.mahmodi696,
2018-07-13 22:39 ~ sharare.roshan,
2018-07-13 22:40 ~ zohre.dinan64,
2018-07-13 22:40 ~ aziita.salari,
2018-07-13 22:41 ~ mahsa.74.71,
2018-07-13 22:41 ~ leilasadat63,
2018-07-13 22:42 ~ soheila.ordii,
2018-07-13 22:42 ~ sara.rashidi0220,
2018-07-13 22:43 ~ h15507980,
2018-07-13 22:43 ~ bita_black_official,
2018-07-13 22:43 ~ banosh2397,
2018-07-13 22:45 ~ h.sh.love.7380_,
2018-07-13 22:45 ~ mahkan1414,
2018-07-13 22:56 ~ s.tehrani30,
2018-07-13 22:57 ~ nima.to_love,
2018-07-13 22:57 ~ ghaffar_karimi,
2018-07-13 22:57 ~ goli7568,
2018-07-13 22:58 ~ fati_mn_2001,
2018-07-13 22:58 ~ ali_a1088,
2018-07-13 22:58 ~ savimikel,
2018-07-13 22:59 ~ k.koosar.a,
2018-07-13 22:59 ~ alonegirl1333,
2018-07-13 22:59 ~ afsoon_dc0,
2018-07-13 23:00 ~ bahareh_public,
2018-07-13 23:00 ~ dshrwyn,
2018-07-13 23:00 ~ samaneh__m__h__,
2018-07-13 23:01 ~ arashtoyslive,
2018-07-13 23:01 ~ ayob.zarei.252,
2018-07-13 23:01 ~ fatemeh_y91,
2018-07-13 23:02 ~ maryamghazeyani,
2018-07-13 23:02 ~ jasmin.jsn,
2018-07-13 23:02 ~ somayesamadi5252,
2018-07-13 23:03 ~ niazbeautysaloon,
2018-07-13 23:11 ~ eliii2927,
2018-07-13 23:12 ~ golnooshpirzade,
2018-07-13 23:12 ~ mrs_farzaneh_,
2018-07-13 23:12 ~ shaparak498,
2018-07-13 23:13 ~ mr.dani24,
2018-07-13 23:13 ~ rosha9362,
2018-07-13 23:13 ~ mohiii.____.ak,
2018-07-13 23:14 ~ nazaninjoni.1994.1373,
2018-07-13 23:14 ~ eses_sara,
2018-07-13 23:15 ~ __shni._,
2018-07-13 23:15 ~ farnoosh.mhb624,
2018-07-13 23:15 ~ saber.hamedanian,
2018-07-13 23:16 ~ javid.ghafoori8,
2018-07-13 23:16 ~ tabriz_iran4,
2018-07-13 23:16 ~ herolifemh,
2018-07-13 23:17 ~ shwq200022,
2018-07-13 23:17 ~ morad.zarrinpour,
2018-07-13 23:20 ~ manije4808,
2018-07-13 23:27 ~ fatiiii.8658,
2018-07-13 23:28 ~ mahdi_sarcheshmeh,
2018-07-13 23:29 ~ ramyar.salehi63,
2018-07-13 23:29 ~ ariya7039,
2018-07-13 23:30 ~ hepi.sulduz,
2018-07-13 23:30 ~ hamid.javadi79,
2018-07-13 23:30 ~ p.zizi1,
2018-07-13 23:31 ~ e.er717,
2018-07-13 23:31 ~ sargol6781,
2018-07-13 23:42 ~ farnuosh74,
2018-07-13 23:42 ~ arezoo_abdolahi67,
2018-07-13 23:43 ~ assal.v,
2018-07-13 23:43 ~ aryanmukri,
2018-07-13 23:44 ~ na.sherafati,
2018-07-13 23:44 ~ abolielham,
2018-07-13 23:44 ~ naazila.akhondnezhad,
2018-07-13 23:45 ~ hjahdi5533,
2018-07-13 23:45 ~ angel_f.6.8,
2018-07-13 23:53 ~ nima_aein_,
2018-07-13 23:53 ~ qazallbanoo_nailcenter,
2018-07-13 23:53 ~ eeeeeeeeeee431,
2018-07-13 23:54 ~ aminkkk9,
2018-07-13 23:54 ~ nastarann024,
2018-07-13 23:55 ~ mamad.mrd1376,
2018-07-13 23:55 ~ narimanamiri70,
2018-07-13 23:55 ~ shirinnik97,
2018-07-13 23:56 ~ __afarin_ashkanifard__,
2018-07-13 23:56 ~ mahla88647,
2018-07-13 23:57 ~ minaefati75,
2018-07-13 23:57 ~ marjan.dobahri,
2018-07-13 23:57 ~ __a.v.a____,
2018-07-13 23:58 ~ jina_madani,
2018-07-13 23:58 ~ elnazdamavandi,
2018-07-13 23:58 ~ javad25252r,
2018-07-13 23:59 ~ mahdiehnezamabady,
2018-07-13 23:59 ~ a_rokhbar,
2018-07-13 23:59 ~ mahnaz_askarifar,
2018-07-14 00:00 ~ nazi_5048,
2018-07-14 00:11 ~ atena1677,
2018-07-14 00:12 ~ elham.sh1309,
2018-07-14 00:12 ~ tabassom.ir,
2018-07-14 00:12 ~ solatielnaz,
2018-07-14 00:13 ~ shadiye.gh,
2018-07-14 00:13 ~ ayo_em1383,
2018-07-14 00:14 ~ hajar_mahda,
2018-07-14 00:14 ~ mojganasgari1170,
2018-07-14 00:16 ~ golnaz_hadi91,
2018-07-14 00:16 ~ farkhindeh39,
2018-07-14 00:17 ~ melika251194,
2018-07-14 00:17 ~ bahareaysan69,
2018-07-14 00:17 ~ layla.ta,
2018-07-14 00:18 ~ mozhgan.aiii,
2018-07-14 00:18 ~ maryam.mr2016,
2018-07-14 00:29 ~ tala__kb,
2018-07-14 00:30 ~ parvin.sh.80,
2018-07-14 00:30 ~ setare.gh.22,
2018-07-14 00:30 ~ ronika.69,
2018-07-14 00:31 ~ tty750,
2018-07-14 00:31 ~ m_ghodsii,
2018-07-14 00:31 ~ behdashtey_padad,
2018-07-14 00:39 ~ feridekostakoglu,
2018-07-14 00:40 ~ shahrzad_____t,
2018-07-14 00:40 ~ rm942768,
2018-07-14 00:40 ~ asal_8956,
2018-07-14 00:41 ~ zoyaalipor,
2018-07-14 00:41 ~ fereshte.zr76,
2018-07-14 00:41 ~ ariyamehr.shiraz,
2018-07-14 00:42 ~ saeedeh_nasiri1366,
2018-07-14 00:42 ~ sheida_jam,
2018-07-14 00:42 ~ zeynab__ebrahimi63,
2018-07-14 00:43 ~ neda904.saeedi,
2018-07-14 00:43 ~ z._.khodabakhshi._,
2018-07-14 00:58 ~ majedeh67.sa67,
2018-07-14 01:05 ~ honar_amozesh_3,
2018-07-14 01:10 ~ tiam3015,
2018-07-14 01:15 ~ dentist_khosravi,
2018-07-14 01:26 ~ mahkameh_barzegar,
2018-07-14 01:31 ~ mahgol.nn,
2018-07-14 01:35 ~ _mo0ohade3_,
2018-07-14 01:40 ~ mahbod.a_.b,
2018-07-14 01:45 ~ aabasi_2096,
2018-07-14 01:46 ~ mahdi.m.6449,
