sina_jose,
im_marix_ds9860,
eynakbaz_2,
vitray.cafe,
z.hatamipoor,
khhfdaetuobvn,
_.zeinab._h,
marjangallery1,
miss.faty.h,
hajargogli,
noghre_ehtemam,
sonia.prst,
naghaviarmin,
sepiideh.sn,
miss_a_mayahi,
asal_704,
nhzh_805586,
classic_galery,
mobile_ahad,
fereshtehmemari8314,
azin_raesi,
mosayeb_eslahati_lifter,
agahi_kerman,
shiriinvatani,
paria_lorchi,
z_y_l_o___14,
badalijat_betatris,
nesa_shahcheraghi,
artist_newspage,
miiss_____m,
khaneharezoo,
im_dani_ahw,
balal1395bl,
sigma.instafollow2,
mari_ehsas,
ziba.razeghi,
qalamou,
alb_silver,
negar.n1127,
alibehnwi,
miss_bahar5438,
soheyla_oveysi_,
shahriyarghahremani,
rasoul_asgari_63,
ali.khubehaa,
omid_rashidi_pashaki_,
mxmohamadx,
mansour_a2_6134,
h.n.fereshteh,
aaboosaber,
najmeloo,
noghrebakhshi,
gallery_haniii,
fatemesharifi7719,
maddah17,
arezounetwork,
raliasjhar,
milad_rezaeizade,
ariya23457641,
khalifaa_444,
aslan_pv,
lazemipoor,
xuping_shb,
raha.bedroodi,
miss_yaassii,
maryam.__.serydani,
aji_bahar_khanom,
__sonbol__,
naserkhoshzadsilver,
l.naghilou,
ayub_safae,
rashidian32,
roya__ghorani,
tandis_mahmodi,
haleaccessories,
fatish806988822977,
asall_abbasiun,
sajede.66,
mahsaapk,
azi.nori,
ziynabsalehi952018,
majidkakavandi,
atieramezani78,
fahimeh.m9764,
ronak.marzbani,
mr.amirsahandi,
sh_rouholamini,
amir_uromieh,
kalaplasco,
zahra__abz_,
reyhane.safari.art,
aslanizahra127,
mohammadansari8690,
badalijate.maral,
nazi3834,
masae52kobayashi,
mariacharalboustdp,
77mozhganshokri,
bahar_akbarzadeh_javan,
binturkiz,
esi7284,
mahdi.m.6449,
sharareh1820,
intipiring,
unfalo._konin._,
seyed.ali.seyed,
hosseinali_dadashi,
turkey_silver,
magmasilver,
ilexofficial,
fateme.h9258,
ye.bandeh.khoda26,
bashikan_official,
fatemeh.salehi7703,
am_saif4466,
osmans778,
harry_sfi,
neda.d.f,
azam_sadat_nazeri,
sarakhorgami,
hosnavazifedan,
aynaz_mansouri,
sahar_dorsa_86,
teresa.rad7979,
alighaempanah76,
amir54327251,
lila7175002,
mahnaz78.2m,
fatemeh.na12,
nahidarta,
mina.f.kashani,
mtaherian95,
simin.esl,
azamfadaviardakani,
shahrzadziaee,
fereshteh.zh_,
farazgallery95,
shahnaz_aa,
kamran9026,
sayaf40,
goli.tt,
niila.raad,
roya_begii,
sahelsaba,
dnyhkrhtjy,
armjn4392,
laleh_fn,
sogand_sp_1378_,
shirmalsaraye_aref,
h0o.__.nemati.__.h0o,
gallery_mehrbanooo,
buyuk_jahan,
peymankeshavarz37,
niloo.sewing,
zahra.khosravi97,
solmaz_57,
hediyeh.yoosefpur,
zaghighi03,
kh_8657,
hosnaa_vk71,
_.aysa._.raykan._,
shadann.sh,
maryam.m653653,
vatani_g,
_.pary_naz._,
joneidi.s,
behnaz.rdel,
mr.hamedi1973,
mm.bluesky,
tahajan2572,
naz_naziii,
taraneh0722,
zi276,
jgi7y,
sahar.sh9410,
yaser.s1371,
soozaan_a,
zahra4430kh,
sousanghorbani52,
mahta8384,
alisan_6878,
yasna.rezaei2010,
zahra.h.a.s.737,
moosic4924,
samira.__.b,
masumeh_2274,
_larchitetto_,
qalb_pak,
nigi.____,
aynazsobhrakhshan,
naeeme_shm,
shirin_shahed,
alv__marjan,
mmahnazz_r,
sajad_m._,
shahriarfathi.official,
8eghlim,
artin__golchin,
maleka___m.k,
hassangamilhassangamil,
f.b_gharaghani,
j.shafaei,
fatemeh.akbarian95,
shahrzad_gift,
mganji739,
_.hassan._94,
aaazzznnn5,
safa.fm,
mahssa_nj20,
amiri.haniyeh,
sefid_weis,
kamand.koraei,
shahinyazdanbakhsh,
atefeh13788,
alireza719568,
farzaneh201055,
tabadoukht,
mahsa_daei75,
starlove_77,
maahsa_mj,
rojannezami,
gol_noghreehtemam,
eli3377,
ghamar.gh53,
zohreh.mokarnasab.89,
mo0ti_rz,
a_asgharimogha,
zahra.torshizi,
mehrnoshsaadat,
fnr.0,
abrik.ir,
shirin_m.d.d,
barghi1361,
pegah1986,
noonoosh4712,
leil1322,
fatemeh.9744,
soli72759718,
wlljnhthmn,
rymard11,
nosy_girl_10,
t7shesh1,
anis.nta,
shokoo_joharpoor,
arshydasltany74,
samird1365,
ro0oiii,
miss.hamid93,
s0146367,
seyed_mohammad4052,
ayatranjkesh,
miladsarbakhsh57233,
ehsa1935,
sydmrtdlnsrylmwswy,
mahsa_golnaz_1996,
saeedalizadee,
toktam7484,
0ll_llmaryamll_ll0,
aram_ghandi,
minatamimi_,
narjes954913,
sargol1278,
behroz_luxfelora,
ipekegiz,
frshth4134,
tahere.rb36,
amirmahmood.dabagh92,
maryamkazemihaghi,
___.nazanin.kh,
_farhad_aghajari,
llsharifill,
moradi_12346,
ali110709,
iswgndi,
f3583,
miss_malek1377_74,
abdolkarimimona,
haleh_dolat,
maryam_ghahari_kochaksarae,
tt_mmk,
jmshyd5295,
hojjat_mirpour,
masih.arash_ap_music,
zahra_0857,
ali_p.gh24,
nifty_art_gallery,
n______j74,
bahar_jjjjon,
movafaghyat.122018,
sosan.z.banoo1220,
parvaneh_pj,
behzadiparisa,
szazkxkxk,
m.s.3985,
ashrshr77,
baharws,
goleeyakhii,
niloofarparcha,
_ghazall_sj_,
maede_r7945,
_.mahdis._k_h,
shahgholi128,
ali_a1088,
kosar_13912,
rasoulomidi90,
mahanjon13,
mortezanorouzi99,
amirhosien_mombeini,
habibf.77,
zholi.bag,
bita_abareshy,
fatijon6703,
raman_m.u.s.i.c.s,
ehsan00.00.1,
nafise.s.moosavi,
beautysalonmarsiyas2,
shuka.paybarpey,
_.s_a_r_a_w_,
azadeh.charzeh,
afsoun_mzd,
h.n.fereshteh,
sanazamordad,
m.dehghanizade,
amini_mrs,
antigue.amini.fanpage,
khanomek6,
maryam.dorosti1976,
soheyla_oveysi_,
mehdihamedi91,
13m9820,
molud.panahdost,
smyh602,
nilufarfaydem,
rezaaaa_abadanii,
szm.zahra2222,
silbel.a,
jwana____ahmad,
e_ziafat,
e_6200,
nazila.mk,
maryambehzadifar229,
negin_jh,
tvahdat,
mor_teza1992,
mr.ali.113,
amirr.ahmadii,
reza12641,
souchenaccessories,
elahe_khanoomiii,
nuada.king_s,
nafas6814,
shojaa.zare,
majidabedy315128,
pooya.kart,
amoozesh_riyazi_rasht,
a.s.a.l92,
marym_____sj,
mfm5246,
mahboob42eshghi,
_miss_ftm_zand,
sharare.roshan,
mehri.mehr70,
a.shokri70,
khanume_aqaye_hemati,
ngn1996,
maeede__tm,
nasrin_avina,
moslem._.khezerzadeh,
kedjdmedawazo,
_fatiwm__,
mina02477,
leila.xx7,
shivaa137474,
s.bonakdarr,
faribaalihemmati,
maryam13656746,
doctorfanar7070,
ata_bl,
miss.zahra1371,
sadat_91_65,
a.o1130,
babak.nik,
khat_khodkari_safari,
leila_ahmadii,
z.k6091,
vahide.afshari,
miss_atefeh13_,
sakinhsabohigmail.com6911,
royaa01234,
tajisalimi,
mobl_iliyaa,
parsa____kasra,
fall.taroot.shide,
l.h.hashemi,
malipajand,
davenkurde,
nazanin.kh.72,
mhmdkhn53,
fateme_majidnia,
sheybalkhazibhossein,
majiid.jaberi,
tehran.neew,
jili0212,
lxmohsenxl,
fereshteh00651377,
maryam_gh7252,
behrooz6957,
daryoush_acc,
roxanamohamadi2016,
_sara_art_gallery_,
melika669,
bahramii.319,
kianiyas,
samanehrastegar853420,
naziarghavani951,
vahidnajafiakerdi,
mohaddese__amini,
simajahan1960,
mohaamaad_bazaz,
__m.javad,
hadis.sh68,
saeidmirzakhanii,
naziiii_dn,
esfndear.ebadi,
sheyda___2000,
babycute.kala,
tazari_mohammadjavad24,
1mohssen7026,
mohammadshahriyari93,
dianazahirian,
soghra.ir.ilam,
taha_abdolhoseini8285,
lyl1624,
onyx.jewelry.3,
mahsa6562,
mojtaba_king0098,
fatitorabii,
ir.unco,
ab.sarchami,
setare.d_u_s,
lobat_lotfi,
negin_b71,
afsanehzirabani,
fatemeh_cheshm,
hasti665552,
moohamad4340,
mehdi.sh1988,
baran.m32077523,
zebunnessahumayra,
ali.shaghi.852018,
reza_daghlaroglu,
hamedghanemi,
navid_20177875,
mohsen.baghayi1375,
ali.dashti_fans,
sara.rad__77,
sezar3968,
yaghot1742,
babadi98,
saat_iran,
marjannnnnn4939,
flwiran,
freshteh_sa12,
fereshte4501,
1012samira,
niloufaraneee,
monikamonika1359,
behshad.izadkhast,
mehri.ghobadi,
moniratarabasi,
dr.soroush_farrokhmehr,
mrs.oskuei,
freshtaramin,
narges.nikkar,
silver_city_isfahan,
sare_kh6565,
fereshte_namdar,
shayan.rasoul,
miriyam_soroosh_ghp,
sarah_melody2003,
zahrad738075,
mansore.amiri70,
hosseinzadeh_narges,
mahtab.alinaghizade.st,
maryam.karimi.63,
ahwaz_moco,
n.a849366,
hatefimohsen3,
khoda___7254,
alireza.e24.njf,
tahere7066,
m__bozorgi,
farnaz.mohseniii,
rezashabani3171,
zahraz7944,
mona_safaei,
hanieh_montazaralmahdi,
ali_akbar_ranjbar_mohamadi,
ali.1sanji283,
fatemepazooki,
majid.sadaf.73,
sanazselin,
needaagh52,
mehrdad_3777747,
atizahraie,
lipharm1975,
m0hammadghanbari,
ali__sh__031,
mobin._____________73,
ali.haider90,
yazdanisajad9500,
rdmjnwnlrqyh,
keshiti_feraydoun,
maswr77921,
zahra.9279,
_._hich._.kas_._,
sdf3605,
parvaneh___51,
gaeinisoheila,
faramir_viner,
baha_r_r,
mahde_melina201545,
n.ch13604827,
zahra_rzmi,
kambizosanloo3131,
moj_vaghefi,
ilmaz4535,
maryam_rashidpoor,
z.kangani,
azade_hesarakiii,
obo_mamad_009,
zahrasarmad73,
morteza__ck,
yas.2082,
neda.pirestani,
ftmhbsy8,
zohreh2786,
shirinpurebr,
mitra_radmhr,
dokhtarepaeez97,
rozsiyah034,
sepid_badalijat,
ymnybllhy,
shah.mordad25,
alizahra376,
negin_mardiiii,
marzinail,
s.sara36,
neda904.saeedi,
baharii_m_,
ardestani.reza,
atefe._.bargi,
nagar43,
atefe.aein,
ahmadrezafathipuor,
s_maryamsalimi,
bani_mansoury,
soheila.ordii,
artemis.137171,
solatielnaz,
amiralibaratii,
talar_taaj,
artejewelry,
aliakberklhor,
nadia_13810,
r___e.b.a___rakrey,
rexona.clinic,
mohammad13763386,
ebrahem1463,
m_rana_._._,
lyl6489,
sara.sadaghiani9269,
tohiidm,
hossenzadehleila,
saaraa_rz,
behnaz_emamalinasab,
farzaneh10339,
n_hamediiiiii,
ramzani_ashorii,
sharynirou4601,
r_mesle_royakhanoomi,
zohre____1369,
zizi.azhii,
miss.s7473,
elh9646,
elegance_gallerie,
sayeh_manto,
dryyy6711,
ssssssalar4951,
salajeghemohammad,
omid_yazdani20,
haydeir_alsady1122,
esi_zolghadr,
mojtaba1364moradahmadi3649,
79parsa.bahram79,
smm2.8590,
yosef_bokani1992,
missionaria_zildapaula,
shahisanaz,
neeegin.n,
__arvin.h__,
r.m.sh.gh7,
elnaz71717,
_imhtab,
maede_tkz,
shaghayegh4922,
masuod4036,
rezvan.mombeyni,
elham_sahabi,
amir__ghasemi74,
johntaqana2083,
afrooz.hamzei72,
saeed.baraghi,
sarahshahriari,
leilashafiyan,
alimasoooomi,
alireza_dabestani118,
mahdish6005,
khobyarpor,
saeed_fo66,
morteza_moshtagh71,
masudrohani,
mahdi.rabiei65,
saeed_adibzadh,
sbwryfrydh,
mhrshd517,
maryam.r4082,
nilofar_moradi_makvand,
prys1224,
fd7816,
text_ziba123,
nafis_galleryy,
iran1melk,
panahi_mz,
yekainteriors,
_lida_eb,
masha_gallery,
lida_khanoom24,
fatima.love75,
reyhane.1390hosin2017,
5907am,
dastpokhteshomali,
akram_6560,
alireza.salehi1377,
sara.rashidi0220,
farahani_mahdiyh,
mirmaryam.mir,
arezoo__aghasi,
z_mm_85,
bodysuit_shop,
__addelle,
zahrahraad,
zahedeh7744,
kasraa2733,
maryammahdavi9833,
simin_meehrabi,
fateheii,
darya.pld,
myr54683669,
nafas_8800,
melyasi608495,
reza1390j,
hadiiis_0877,
faezehgoudarzi21,
5369_f,
elaheh8233jamshidiyan,
delbar_love2007,
kaka._.sajed,
_maryamshokoohi_,
mohsennikkar,
ytakandi,
sowrena,
nasrin.amiri52,
najmekazemi9274g,
zahra_.golestan,
noshin_khalilzadeh,
_ilghar_,
nasibeh_abbasi63,
aysansharqi,
fatemehdadar,
yoonestarakii,
alias.silver,
kawyar_molani,
mylovelyamazingcats,
katy.ysh13711992,
master_taster,
mr_a_m.33,
mahpari1397,
faryadazizif80,
shirin1893,
faezeh_n75,
e_e_p_b_77,
shhydhk,
aysal_s32,
prys1224,
mamad0232g,
soheilgr,
samishekari,
tara.ahmadi83,
motahare.yp,
ghasr_royall,
_.lele.r,
ramezaniafsoon,
majnont.al.abas.h66,
naimeh_mehrabi,
77mozhganshokri,
hadi.namdari_22,
sina.renjer211,
z.samadi1522,
hale.mohamadi94,
mase12602,
zari.lavasani,
navabbahram,
melodi1449,
malous.1354,
fatemeh.khayati,
gana.durguti,
t.beigzadeh,
mahnaz.tabrizi69,
m.bohloli70,
marjan.naineee,
goo_ya_ka,
bitadastgheyb,
vahideh.asli,
tahaabeyat,
sepidmorady,
maahiiiaa,
behnamfar10120,
barati.px,
ho3ein_silavi23,
navid.borzopour,
usaliparsa,
jabe_javaherat,
hmd.lyyr,
angoshtar33,
alimoradi4644,
ghandlomohsen,
atoosaatashbari,
samirabayat65,
neda_rezaei69,
hodaoliyaee,
sara.kitty,
mahnazgholi1391,
aslnasrini,
saharsahari08,
miss_fallahi.1379,
nazgol_saeedi,
__masumeh_nazari__,
h.n.fereshteh,
dr_mojgan.sadeghii,
zahra.esff,
mr_mxhdi,
fahimeh.vala,
marjan.mmja,
nasrin_s.moghadam,
eliii2927,
leila_beira_va_nd,
firo64,
mehrnaz.ma,
arshiaghaghi,
elham_birashd,
sonbol_1345,
parnia_parima.rahimi,
delicakesss,
maryam_no92,
mqdm9790,
slipcont_,
zohre.dinan64,
emelya4090,
_eli._.gh70,
sara.rashidi0220,
malihe4290,
miss___soozan___,
bande_eynak_va_zivaralat.hirad,
tina.falah0,
kiana__mzm,
_nil00far,
rosagolzadeh6734,
_zahra.sf_2552,
mlika.ahmadiii,
mjdh4429,
m.o.th.e.r,
n_.fth78,
lbjryg,
sajad___786,
esfandiyari4884,
shahab_pay,
hoda.hadavi,
karim_naeimi_74,
rahime_talebian,
ftmeh_h,
sanazi.ahmadi,
alijavadiofficial,
aylinalamdari,
mohammadi_436,
_.mis._h._sh,
k.koosar.a,
mehdi.tmi,
parisa_ehd,
mis_r.b.f,
aghaei_sara_,
roya_hnd,
rex_still,
hossein.behnam4459,
neg9817,
jewellery__zarafshan,
mary1369v.p,
solatielnaz,
pegahhh7988,
madr45ghj,
aziita.salari,
soheila.ordii,
sanf0orh.77_,
yamor_rr,
e.babaei121,
duskiduski399,
neda.ra.me,
hasti88.m,
yalda.f62,
maya_guinda,
leilahoseinzadeh6,
ly.ly5719,
romanawallcoating,
fatijon6703,
noghrevahid2,
aroos_khanumi,
aylin.nailist,
fateme.nilo1313,
shokooh__s,
negin_mardiiii,
goli_nailart_ahwaz,
neda904.saeedi,
nahid__mahdyeh,
roya.a.d.v.a.y,
motaharehokmabadii,
adrian_ahmadi1396,
leilarashidi,
__akram55,
mahdiyar_rohani,
bahramhektor,
jvd_._prz,
elhamkhaksar,
halime.dh4919,
layali.layali54,
khny6827,
zahra.9449,
fakhri8818,
atefeh.heydari9450,
f2a9m3,
mahla88647,
mitra.nko62,
laya2969,
tanha983646,
baharws,
tab___50,
dokhtare___sharghii,
saeed_rahimi4004,
mohamad.mahmodi696,
yasmina.9.m.8,
amiri.haniyeh,
minasadeqzadeh,
soroor.kheyri,
mrs_zohre_1995,
beti_meli,
goli_243,
bita._.vaziri,
m.bohloli70,
zohrehhosini,
vahidnajafiakerdi,
freshte.ch23,
mahdis_zl,
k.f.love9195,
varedat_khodroarvand,
marzieh7200,
zeynab.h.70,
alonegirl1333,
_safawx_,
mahdi00662145,
niloofar1048,
hoseindehghannn,
kabotar_pareshi_shomal,
qysr8405,
simin_t_1991,
ytakandi,
solmaz_saljoughi,
goo_ya_ka,
a.fvakili,
parastoo_gorzin,
hny.hf,
fitfood54,
ali.niakan.kord,
amazon_choob,
khdkhylyb,
newsha_healthybody,
shirin26151014,
zahramorsali024,
_mmd_reza_1380,
saeede_mohammadi_74,
nasrin.a09,
amir_mahbi507,
m.h3784,
f.h5775,
hadi_3320,
selcukmlk,
farshchi64,
shirin.naemi,
zahra.shatvizade,
soha.majid90,
googoolland,
charm_aliee,
mr_bazouei,
hengame_taher5852,
sanaz00998877,
saeedetehrani,
__m.a__ashouri,
bahar.sohrabli,
smdy9998,
majid._osman,
gisookamandsh,
amirr.ahmadii,
nrgs5619,
kimia.gem,
vahdigi,
giti.mohammadii,
zeinabkaboudmehri,
maede_r7945,
naseri_s7,
mah.ka3292,
setare.sharifi.ardani,
hosein_black1995,
navid_20177875,
saboor48,
hmdy4506,
mohamada77t,
hosseinefg,
maede31265,
monirmosavi8,
r.sarkari,
myrbs7685,
behnaz.hasan.zadeh,
yalda21213,
mozirimohadese,
pari1988_1991,
sarbaz_parsee,
forough.h.p,
minoumehr8510,
nazanin.miramini1372,
farzadzex67,
mahdie_mehrabiiii,
zarghane,
zendegiim.a,
mr.dani24,
sharareh1820,
farzaneh_saleh54,
marziyhramezan,
yas.1890,
shiva.__.75k,
arezoo.mousavi0031,
lgrwr17,
moslemsoleymani064,
fatemeh.bakhshi97,
fakhari.wedding_decoration,
fawti._.dokht,
khanom_o_aghaye_diplomat,
aks.ghadimi.janah,
asd_ass_ghj,
harayer.alrayyan,
mohammaddaryapima,
rzai.6313101,
ali.ghazbi,
sajadkosari021,
emazeinab,
garshatheater,
marym0665,
alinaghavi_110,
asma.naderipour,
helen_bhm,
rogi.tahmazi,
yaser.n.70,
ts.rezaeii,
m.mir.mm,
otana_beauty,
gadooshaa,
rojin906561,
sanio_hossein,
srr1399,
marryammirzapour,
shivaa137474,
roya.tina,
mahdiyeh.mostafam,
arez00ghavidel,
mahdis__zahra5,
1843sanazm,
hellllen123,
81.726,
zinat.3280,
gh.azal39,
rwyaqjnlw,
soltan69k,
manochehrghan,
reza_nz69,
amine_berradjel,
soltani3110,
jalil_81,
avina6116,
ahvazdolopi,
paniz_k_n,
alahe6680,
amir.151362,
yasijun762,
maryamjor53,
mahsa.74.71,
ahmad.mahdavi666,
malihe_mh79,
yaservazifeshenas,
mohammadali.shakiba,
seyed_zaker8327,
aminbagban137053,
amir.mazah,
iman_ansar_,
mhdyr26625183,
marianemat1367,
nazanin_z_f_,
arsam6055,
amini.70.me,
naderrahimkhani,
no._.love9,
baran11622,
leilasadat63,
n.chragnejad,
shahnaz_db,
miss.z___m,
aviiin_tabasi,
sa_rahmm,
nznin.ns,
hosnavazifedan,
amirawat4543,
atosa.tarazi,
reheleh.kheyrollahi,
ale.rosta,
negin.nj69,
abi_bosak,
amin_hafeziii,
nazaniny1998_22,
shahrzadsalimi7387,
ana.karimi7499,
moghaddam.bahar,
amir54327251,
delaram6583,
hosein.ego,
jafar_1_,
hwr2388,
amir_shiri63,
mona.pourseif,
studio4li,
storebronze,
seyyedhosein_aghamali,
rahim_ziarat,
hamidreza.nas,
fmalekm,
sara___6679,
nasi_meh,
nafisgroup.co,
sarinatalakesh1103,
niloo_sh_13704758,
mahroz.3333,
maryam_khanooom___,
kong2988b,
somi.f28693104,
eli._.1990,
parinaz_sdy,
roneas_rahand,
nilufarfaydem,
fatemeh_893,
ha_fa_ta_he,
maaryaam1362,
siavashazizi5677,
nobakht.atena,
s.amir.afiat,
esf73,
sami_jasmine1220,
neg5252,
z__s11111,
morteza.khadivi7,
elhamhaji67,
rezashirzadi98,
saeede986,
nahidtefaghi,
bahar.jafarzadeh2017,
mohsen.sh.oo,
snowflake5173,
somayesamadi5252,
maryamfagfur978,
far0430,
shyryndrwyshy65,
ardestani.reza,
marziye.pooryavi,
kifsaraye_saba,
masoudy7,
psrglm7896,
handicateam,
fati_asadi4,
amirabbas5360,
rezashabani3171,
mona_m.m_mona.m.m,
yektafarayand,
maryam_shobeiri,
jamal_khoshi,
m.sadeghii1985,
parmisparmis733,
noghrebakhshi_wedding,
kiyanapoorseif,
mohsen.niyazi,
sharare.roshan,
mitra_motiee,
t.b.s.ir,
n.s4236,
motebaheri80,
azamfadaviardakani,
feriesfandiary,
faride_rostami_,
maryamkh43,
roya.poremad,
fatemeh_jafari.73,
ra_wa_by_,
zohre_reeisi1190,
manomog6,
t.s.p____,
_saghi6o6,
hamed_hmd84,
neda.kalhor,
jamali_yasna,
sanaz_shmc,
sima6692,
najvayemoshaver,
miladfatahnia,
eslami_mani,
kazhvan.naderi,
nazanin.yaghii,
afshar.mahi,
nazgolk1,
_miss.ghz,
sanaei_abbas21,
s.81.86,
hoooooraman,
razie_moradi491371,
bahandbana11,
naseri._.masoume,
homix.ansary77,
zahra_m_a_z_,
negin.__.mhmdi,
hmdsdqpwr,
shamimaahm,
ehsan.asadollahi74,
leyla_nikjoo,
mitra.m.saber,
vida_mohsen,
mehdi.ghorbani65,
hami1593,
maryam.ro9975,
mehran_farhadi4351,
loosar.ebi,
ashamontser832018,
mina43615,
ra.a7127,
salehi859059,
adnan_alkrplia,
jeyran.noor,
jila.20h,
ladaneee,
s.emerald68,
zohre.bohlool61,
k_.ahad._r,
solmazsaadat1360,
mozhgan_esalat,
mehrgan_azarniya,
setareh_asemoni,
mitra_f67,
fereshteh.sobhani55,
arda1395_,
fatemeh.22441739,
masi49851,
forugh_javid,
hadi.no1,
sahel._.jvd,
le.ila564,
habibsky,
hadis.sh68,
amin.reall,
asgarimonir,
pari.karimyan,
mahin.z1344,
bahram.hojabr.1980,
abbas.abadan5613,
soheyl3474,
mohsen_mahmoodi45,
lulu.photo19,
ali_mirfakhari,
malihejahantigh,
sandali_rak_kalachoobi,
eli.jon69,
_.lele.r,
na.faravash48,
enter_06,
amir_dehdati,
reza.hvd.1379,
ba.ran5882,
amin_j.l,
soniya1364ms,
fati__amin,
nazanin.maryam.f.5923,
siabanigallery,
mahnaz.tabrizi69,
leili.a1358,
shima.110.gol,
mahdierezayi,
zahradourandishyazdi,
mehrnaz_abdi75,
mahdiyeabdolahvand,
___e_l_i___pv,
nahid.0620,
star.h.j.r,
rozanehgraphic,
elham.nikbakht1978,
masood.afzali_,
mohandesy_zendegy,
am6008290,
helali_4702,
masih.ak13,
ali_ar_amoli,
birjand_watch_store,
hadis._.t,
_setarezp_,
dehghan_7725,
donya.ahmadinia,
neginnnn5952,
graphic.artist.r,
maryam_shmsi,
foruogh.s,
golhayearghavani,
karimvandmojdeh,
florida_white_88,
seviin._.02,
tamanashikhi,
miss_shinerr3975,
manije4808,
rahzozo,
mohsen_raisi90,
neda7_6,
abedmaedeh,
masom.sehat,
ms_raponzelzed,
elimaman_library,
niloo.mrd,
nadiya_nazari_ns,
mo.hmmad1629,
iamirajb,
sajadsafari4410,
sangiazdelsang,
mohammadfarzami69,
seed_zaman,
fdtrwy,
fateme13740913,
narges_mrb,
reyhanegilani,
nasim.a98,
mahnaz.ajanloo,
alireza.omidi9686,
enchiefahmfam56,
abdullah_pourmohammad,
2002masih,
mahtab.beautyskin,
ehtemam_jewelry,
mp3742,
esmaeilbouzari,
symhry,
abfm7597,
hashemi13790,
s__sh7577,
mohammad_safari_313,
ashkan_1848,
mobin_15397,
arad.201515,
h15507980,
khadejeh.br,
samuoyii,
talapoosh.mezon,
mohammad_bahramian5566,
zari_goodarziii,
ferri1369,
miss.eli2714,
miss.parisa.1396,
k.o_s_a_r,
red.rose69,
darya.k.z,
fatemeh.yazdani45,
masoume6712,
marzieh_hassaniasl,
skincare_afsoon_irani,
bano_a_25,
miss_____asadi,
_safa.zeydani_,
zeynab.matin,
princedolati,
marymbaratlo,
iliya_1990,
setayesh257378718,
parimj6258,
zeinabbakhshi34,
mohammadradin,
motallebi.mehraneh,
maliehmim,
alemzadenegar,
mahsa.bagherpourr,
pakhshmelody,
hidarhamidi88,
sajjad.moradi2331,
rosebakery35,
mahdih88,
jesus.jesus40,
sournader,
k.naaaeimeh6868,
monaabdollahiii,
farzanebagheriyan,
fatemeh__brd,
shima.rezaei.me,
yasra8908,
rashidnezhad11,
ahmadshayan57,
fatemeh.es__.72,
_golwbarg_,
mahideh.jz,
atiyeh7167,
funzworld,
ehsan.khademipour,
alirezmz,
hedieaminy,
tweetfa,
hp.hp455,
fatemeh.__.darbandi,
baran_3489,
77mozhganshokri,
h.najafi589,
sa.jad8485,
mahnaz78.2m,
balavimilad,
_afsaneh.gh4818,
lmariwpv,
shady_a_delivand,
na.staran7518,
marziee1993,
shmahlagha,
faatemeh3714,
_amid2234,
g_asem_a,
nwry1549,
mohammadjavadghasempour,
ehsanmansuri1370,
fariba_dhghan,
mama_raeof,
afsaneh.m1984,
zohreh_fathali,
setiislr,
va.hi.de,
shaghayegh.9020,
tabrizlive66,
sana__prv,
_golsa_chaleng_2010,
tranquillity2487,
shaghaygh612,
nahal8771_,
zeynab_s1370,
neda55khodaverdy,
_day2day_5639,
monikhy_botaray_mua,
newsha_haghani,
shokofeh8693,
hamidrezabahramiroshan1365,
salari8754,
vahid_royal75,
tabriz_iran4,
mohammad.naghiloo73,
jawadsadafyahoo.com3,
l.reza.rh.l,
jafari_ring,
_moghadam70,
fatima_zeiro_point,
laya_jahani,
zahraghaedzadeh6700,
bahar.fatemi666,
pourya.parva,
bano31459,
a_barzegari73,
niloufarkkkk,
mohamadhoseni8934,
elaheabedi63,
nazafrynqlyzadh2004q,
meimanat.polkouee67,
samaneh.m.a,
anas1973hallak,
zahra199985,
mohadeseh2864,
ilkin.bashbilen,
morvarid7420,
shahin.tgz,
nahidhyp,
pakhsh_arayeh7755,
bank_of_parquet_and_wallpaper,
nader.6711,
mostafahamdipor,
mahnazbahmani,
zeynab_nickpey,
yalda.q.n,
m.g1995,
payami1393,
effat_sayar,
f_helaaaaaaa,
barati4477,
sorayia_salehi,
noragallery1,
anis__mohammadi,
elsamehri,
mosavi1233te,
mari_javadi,
banavandi64,
farideghaedi,
rooyekoobi_choobin_kade,
bandi_style,
faraneh.kohestanii70,
zahrasarmad73,
samin.ami,
dwdhyd1593,
parisa_58is_i,
afsoon.zak,
maryam_____ghe,
haniyeh_hajihoseinluo,
zahrahashemi209,
h1370amir,
fatima.love75,
aazambastam,
tt_mmk,
ngn1996,
nasrin_avina,
hany__a,
maryam.gholipour5,
sa_salehi,
soheylataheri464,
taherehbasir,
m.m.53.88,
aliakbarjav,
sara_nassiri,
top_videooo,
mahanjon13,
sama13950741,
salami98555,
hashemi13790,
mahnaz78.2m,
hydry6924,
aziita.salari,
zohre.dinan64,
slipcont_,
____fateemeeh___,
elham.sh1309,
sadaf.su,
eli.naz.ak,
raheleh.mahdavi.60,
fereshteh.che,
r___zakeri,
__ma.e.de.w__,
maryammoradi14,
neda7_6,
giti.mohammadii,
fatemeh_mo111,
setare.sharifi.ardani,
mohammad_bahramian5566,
hhhhhhhhh9650,
pariyas1991,
zeynabmaserati0852,
navid_naeim_abadi,
saeid.b120,
arvin_rad_,
navid_20177875,
arashakbari92,
jahan61sarhadi,
_rezaarabi_,
regan.rocky,
soniy85,
alimousavi0082,
alij_10.23,
parinaz.shahir,
tala.m80,
elnazzz_kiani_,
zahrasadat_8,
linda_6648,
so0o0mayeh,
zahra_.qbis,
somaye____________ranjbar,
hosseindorosti46,
shami_milad,
sakineh.kh41,
leyla_akbarioo,
molud.panahdost,
f.khoshei,
shahnaz_mohammadi_neisi,
fati.khosrojerdi,
h_shirmohammadi93,
habibsky,
nobakht.atena,
liliome_ir,
reza.jamshidi19,
sepehr_paliz,
mali.asadiii,
shabnamprivate,
javadnad9450,
sonia.ziaei,
fereshteh.mohabat,
sayehmoghadam,
faranehgolhini,
arezo_est,
shabnam_naz0330,
77mozhganshokri,
amer._baghiri.1383,
maral_public,
hossien.ph,
amin_afrashi,
alirezamohamadi8515,
d.mahyar.r,
rahill910,
dryyy6711,
shaghayegh_bro7560,
_.royamoradi._,
sa_rahmm,
mas.selena95,
ghazal.banihashemi,
mojtaba.alizade68,
noshinrahimy,
m_nojavan,
__m.a__ashouri,
elnazsajad,
saker_alirza,
roghiyeahmadpoor,
s_m.1993,
maral.azizirad,
_safa.zeydani_,
miss.parisa.1396,
_.saw._1111,
mona___saie,
symhry,
arsalan__1371,
sajad99766,
s__sh7577,
abfm7597,
ashkan_1848,
rojad68,
kaf__s,
miramira_mirayyy,
zeynab_rz2,
maryamamir7537,
nafas_a2am,
atena1677,
fahimeh_ziya,
24.01767,
osane___amiri,
fhashemi375,
beauty.afrina,
englishpersian,
leila_jandaghi,
shiida.saleh,
yaghobismi,
sanazi.ahmadi,
monia_zamani,
eli.drm,
nahid._2,
rfatemeh884,
m.r2925,
aliierror,
soroushfathi8,
mosia021,
tad_group,
yasamin_official1,
golbaano,
miss_gol_barg,
elham.adhami88,
__mah.ganj0k__,
p.y5969,
khaledan68,
negarkarimi,
f.hosseinifar,
nimamoini,
neda.a_shz,
terme_dibaa,
_nazanin1999,
zohreee.goooliii,
fateme_baniferi,
dorsa._.rf,
__amiri1999,
cma__si,
niloufarkkkk,
firoozehnri,
art_and_creativity5844,
dr.smjafari,
flwiran,
sepideh55255348,
miss_____asadi,
yasamine_star,
baloot.boutique,
baharii_m_,
___maadi_7,
leiyla2820,
el.ina6779,
nazi614a,
_bl60_,
sara.rashidi0220,
akram_6560,
mahroz.3333,
esmaeilbouzari,
shiva_asli,
lsalari1351,
bita._.vaziri,
elh2104,
samira__beh,
mashvnd,
mamad.____.i,
spideh.soleymannn,
zeinabkaboudmehri,
hasti.s.a,
meibodi_704,
orura_20,
karpardazan_tehran,
neshati_17,
ava_nava91,
alonegirl1333,
tkserkan61,
_ateen.b_,
sharareh_.t,
noshin.zare,
soheyla_oveysi_,
roya_bayanlou,
fahimeh2166,
fani_plu76_,
dresmaeilneia,
negar.n1127,
h__karimi_,
zari.lavasani,
nargesheydarinezhadnargesheyd,
tynybek0505,
raha2376000,
mehrdad__mhd,
oranous.izadi,
zahra.esmaeilvandi,
nasiim_aa,
khadijeh.moshiri,
f.farzann,
miss._.ooh,
nafise.s.moosavi,
sanio_hossein,
soheilgr,
marziyeh.noori1988,
shiva_saeed_,
ix.sheida,
erfan_jj65,
idawjojo,
sgg851,
mohsen_81292,
setare.gh.22,
nazanin.alimohammadi12017,
maryam_gmri,
yas__i__,
elsamehri,
hamidrezamazhari2,
_.faranak.1,
matin_2266,
afsaneh4907,
minaa_izadiyan,
bita_drg_,
hastyjoon30,
zohre.yazdani.arani,
molaviarash,
fateme.m2428,
mohamad_aminn12345,
fatemeh.madanlpour,
mohammad_agafarzane,
mohammad_khabbaznia,
ali.zaeri82,
semkoparvari,
mhbd7233,
mohammad_hosseinei70,
sarahnnnm,
aminfakhari9566,
behnam.s11,
javad._turk,
sanaye_dasti_goodarzi,
elhamlolaki,
nazaninvapaya,
reza_rezaei_66,
ap6598apy,
mrs_shehni,
paryaaa333,
__f.a.z.i__k.h_,
nafar139,
rosha_nail_beauti,
alisharrrrrrrrrrr,
mahda._.gh,
haleh_dolat,
raziye.karimian,
sara.gho66,
samane.nasery9834,
reyhane____313,
mahsa.74.71,
leilasadat63,
fullpack_co,
aylr1084,
katayon.ziraksaz,
a30mah,
ytakandi,
hny.hf,
i_3arah,
mahdieh_mahdar2020,
maraldrny,
leylawjavadi7,
azadeh.keshavarz73,
nazaninjoni.1994.1373,
miladchaichi,
printer_3d,
faraneh.kohestanii70,
bahar15953,
m.568a,
fatijon6703,
jalil_ebdam,
abrahim_313233,
damiroo.seyedmohammad,
ziahasanzad,
kulivandmehdi,
asad_gf42,
carsonlueders1999,
ali.h413,
m_zayeri9,
sepide_hajiri,
__ahmadreza___frk__,
attieshahi,
awash_st,
dokhtar.royayi.s,
aminisetare,
malihesanjarani,
baharefiruzabadi8055,
shad_shr,
nazanin1975,
sara.moradi000,
rwynmhmdpwr,
nonamohammed9785,
samiabdi6969,
noorjan34588,
mahaawii11,
reemylovely,
nazaninnikoopanah,
elham_timkar9,
nargeskhimhi,
reza_mesrkhani,
parisa.rahimi22,
niludarestanifarahani,
saeed.jr.official,
ghazalkhaliliyan,
rasool.sa611,
gire_.rosari,
ali.sin30003,
apirveisy,
negar_136666,
ahmadreza1072,
narges67nnn,
_raakodesign_,
royaye.khiss1998,
nazanin_bagherpour77,
anis.alkasir4882,
hasan_24h,
shayan_davari_,
samuoyii,
_._molood_._,
nawal.alahwazie8,
aram_shoe,
pegah_rhi,
hoda_sadr84,
__iyac__porsalehi__,
mohammadreza_zakavi,
omid.sohrabzahi,
sayed_m.mostafa_moosavi,
asal.r.a1395,
lys.7695,
atefeh.nazari_nejad,
rahim.seydalangi.346,
sima625_,
abasi7134,
atyy085,
tan_azi,
nader.mahya,
rezashabani3171,
njm8869,
faribaa.mh,
tiara.ariagan,
p.mm2016,
nasra.ali.77398,
abolielham,
ayda_zmt,
lady.barfin,
navid_javid,
abolfazl.mm13766,
mohammadmomensani,
ulvi_derya_official,
_chantellouise,
mobina_fj74,
farid_msvi,
yaser.beigii,
paria1586,
royasolimanpoor,
bartarinha_irann,
t.radahmadi,
yasna.k93,
mah_rokh.abadan,
ali_bakhtiari110,
ahmedahmed.1977,
sajjadm7134,
mohammadsh0019,
ali_a1088,
asghar_alirezaloo,
ziba34196,
melika_m1985,
zahra.baghery75,
yari.bahar56,
arezoo.ekramian_0077,
leilatandorost,
zahra_78khlili,
marmari.21,
quechu1321,
zari_goodarziii,
sharare.roshan,
mahdipoorkhanjar,
mohammadrezaei321,
hero__bella,
moamma_soal,
farzad_solhjo,
miladgomarian,
____.asalii.____,
bano_a_25,
nrgsi._.pv,
neda_jjmm,
marjnalv,
nazi.jr_,
noghrebakhshi2,
zahrarasaee,
nedaa.kz,
masoomekolahdooz,
masoud_parvaresh_goldis,
sara1991ebrah,
younesiamine,
mohammadreza.kazemi1380,
baranaaa_7796,
m_3220_s,
simin_rezamand,
zahra.9449,
amirabas1499,
sh1371tjk,
farzaneh_saleh54,
parham_zahedi_68,
atefe_nasi,
xxdonya_emxx,
miss_mehraz96,
tahere7066,
heman_kitchen,
moolian149o,
s__zahra,
navaei.elnaz,
fawteme_zi,
z.shafag,
banafshe_hy,
ma.mandegar7230,
zsmm1413,
aaaida.sh,
andia_navazesh,
farnaz.saffari,
saeedamjad88,
bahar_.daraei,
_________yas__________,
babakzs10,
m._h._a._m._a._d,
rezakoti1,
m.am61,
mahmoodesfahani63,
wrya_qasab,
maede_r7945,
farzad.rafiei.5505,
4mahin4,
nasir.dehani,
mansoreh74915,
negar.ghanaati_73,
mahvash35618,
hosinns1861,
azita.masomian71,
mah.naghdi68,
psarak.meshky.posh,
forozan__pv,
shirinmode.ir,
raminjadi,
damnoosh.laghari.newsha,
f_b_2_0,
fatemeh_fallah_akbarpoor,
somayeh.ahmadi__,
alishasevan,
ali_sh27733,
na.sir8413,
mehdi.nox72,
gh.zohreh21,
ali_cancel71,
ec11.v,
farimah.farzam,
tannaz.imk1990,
f.pashaeii,
zahra_shojayaan,
ydkhld2365,
faty.fs,
mortezamagami,
parnaz__design,
alirezamahmoodimonfared,
___negar___3,
sahari_2613,
___monaa___z,
hosein_kasmaei,
behrouz630,
sheykh_ali_baba,
pooya_amin_,
jamali.rj97,
misam199,
hani_safarii,
m.a.2z,
mehr_mirdehghan,
zohre.m.z.n,
azitamozafarii,
sara__tarii,
miss__aramesh8,
majedeh67.sa67,
afsoon_dc0,
porya_zar,
somayee1865,
mary_setin,
mamimamimamico,
sabzgostar.store,
rose.m74b,
hasti0939649,
mostafa_mosayebzade2637,
svd.7.62,
hadis.kardani.77,
6707.sh,
nadya_z704,
nasimfarshkaran,
feriba3434,
z_shiva,
n_adelimoghadam_52,
shahla_malekkhataee,
alijoker5118,
ma.riya9676,
______zahedi_mahdiyeh______,
dariushmalakpoor,
salarmohanak,
naji66_sepehri,
zhr_7082,
hanasakm5,
feryal_jewelry,
sarabahrami0,
_milad.f14_,
omiidarad,
shaysta.daneshvar.m,
foroutan.nasser,
ssssss4610,
aliyeh5431,
minooo_bala,
mhry9812,
asal23f,
aynazz_rhd,
phaeze_a7,
mahdi.8723,
fereshtehh1964,
rozitaaa1397,
rastegari2339,
mojgan_beigi_,
parsbimeh.ir,
mahtab.beautyskin,
maryam.1379.79,
shabnam.sharifpour,
merry_m_design,
masoume.ebi,
6631_ma,
f_qasemi,
mojdeghanbari,
omid.me5078,
davod4593,
havzhin6743,
shivaa137474,
saeedetehrani,
moradi.2695,
banooie_tanha,
l.naghilou,
titimsv,
javadmoghadam051,
ahmadmahmudizadeh9446,
roonak90,
saraafshari88,
e.behyad,
gita_rz3696,
neda.ra.me,
nasrin_majidi_46,
nadaffateme,
mozafarparvaz,
lwrdlbyd492,
samane_km8916,
_.maria_vl,
miss_shinerr3975,
m.khosravi29.11,
rezvan_lari,
mmehrjo1394,
fatttima8754,
shabnam.jafari69,
saeidehadadi,
__mah_tab,
soma.ni,
nastaran.zabett,
shayoma555,
kasitsilver,
faezeh654857131218,
mohamad_masoudnia_74,
asra33asra33,
abdolahdini74,
aysan3944,
aaaaan4486,
cennet3296,
faezezakry,
surprise_box_surprise,
sn1352_,
fi.hiy,
zari.sad.93,
monica_eliz03,
mohadeseh_taherii,
negah.bartar,
abasisaeed78,
kh.measoum,
hawkarmahaud,
pegahhh7988,
mehriii.khavari,
reyhaneh.z.69,
gandom3829,
amirtaha2750,
mina_73_4,
yousef_salehfar,
far__a____,
mmd.nbri,
mokhtaryhasan,
zizi.azhii,
sanaz_kh5304,
souniyaaaa,
noori_adk,
arghavan.93.64.61,
skincare_afsoon_irani,
mmaghsooodi70,
niu6262,
anabell_11669,
zahra_anaei1390,
leily_kimiyaipur,
mostafa_shojaei1,
ninahamidian,
maryam_khovarnagh,
elham.ahmadi6982,
fatemeershad1394,
javadakramy42,
fa.rshad1117,
fazelkamali888,
alikhajeh89,
enter_06,
fi.y.uo.ch_7,
mahsa.der7597,
salon_zibai_romina,
smaneh.yazdi,
silver_isfahan,
morvarid_daryai,
zha_eliiiiin,
fashir1365,
azadehsaia,
sss_mmii,
rogayeh_nasirian,
fereshteh.sobhani55,
saeli3951,
ali._abedi_,
ehtemam_jewelry,
simindokht_noghre,
azadeh.charzeh,
mar1.mar,
maral_n_1994,
vipgroupco,
fatemeh73heydari,
yunesw,
tabriz_iran4,
emad.km1,
manochehrghan,
selfie_bashagard,
l.sadeghnia,
le.ila1805,
_simin_asadi_,
muhammadhshah1,
safaalgulb1982.co,
sohila.bakhakh,
sepide.soltani6705,
iravhsek_1995,
meeli4463,
zamani_bikeshop,
gh_mpour,
rahaaa_mezon,
aysoda2935,
ammargaeb,
nadiya_shafie,
aysansk,
zahra.esff,
golezar,
farnoosh1965,
mohammad_.74,
marypcaddress,
rahagoli1395,
fandogh8119,
pergolll,
sandarilaana,
maryam.mack,
alireza.goldsmithry,
faranak_mahjouri_fard,
ehsan_8952,
alireza_204060,
a_asadzadeh,
talo.baloch.0032,
divoonehbodam.2018,
ganodermaa_exir,
ramin.amin7073,
amir.tk48,
asal908070,
fateme_rezai20,
mr.dani24,
haniyeh_nazm,
rahil7582,
samane_pz1373,
nogrehshahr,
sedigh.mehdi91,
halehkhezerlou,
faribaalihemmati,
z._.2.1,
monire.1986,
hamitahmedi,
majid_rezanasab,
shahraki_moghaddam,
samin1367,
fati_serendipiti,
arsalan.milan,
saryjoooon.79,
moh_ammad_reza_sne,
aziiighanbari,
sakinehhoseinlou,
zahra_gharemohammadloo,
mina.akbarpour.7,
hani_h_65,
sassou9892,
mhdwy388,
qurrat_ul_ain9067,
azadeh.khosrojerdi,
neda_01951,
majede_h5524,
sheyda_khafajizad,
armita894,
zohresafaviye1372,
elnaz_ak68_,
elahe_m7468,
sahar_ahm71,
shahradhoseinzade05,
parisaajamalpour,
rraha8087,
mahsakurd1376,
shrqshm,
gita_goli23,
mhrshd517,
khatere_5068,
gilda.m26,
vahid.ahmadi2059,
peyman.vanavai,
dr_li_kh2012,
reyhaneh8120,
alishekarpoor1358,
mahtabmasoudi9494,
dehestani.zahra.bafgh,
a.ghebleyii,
z.ghafari2011,
sl._.ai,
sonia_korepaz,
samane71700,
royaa01234,
fariba6123,
sadream792901,
hodhod3894,
zh.r_2017,
adina628,
masoomeh__tr__,
eli______74,
khalkhali.vajiheh,
gardanband_shop_dastsaz,
nayer.37,
vahideh.azhdary9962,
tsabbitaqalbii,
farzaneh140,
aybikem5,
bahar13712,
koro9699,
pari137677,
mo.hammad.83,
reza._.atashi,
hobot_313,
pxm5000,
m.2rafshan,
parastookiarsi,
anahitatehrani75,
tnhkhd2787,
majhol.68,
kcha752,
zivarat_ziggurat,
saa_6361,
vahidnajafiakerdi,
forough.h.p,
7shop_kharrazi,
bigbangcandle,
rojin906561,
ehsan_hp_maku,
satiyar_1996_,
zahra_mzyn,
faribabakhtiari46,
mitra1219888,
maryam__a_i,
behrokkh,
ta_khanzadi,
maede.hjtgloo,
sara58_v,
aseman9218,
shabnam.h.ch,
_s_fakhry,
aassiiyyeehh.hha,
haleh.sh65,
mansourehhajinasrollah,
donyayezibaayeman,
amir.ss.mehrabi,
zeynab2238,
love__box__surprise,
babak.tog,
fortnite_epic_clips_8768,
rezaa4650,
hamid_ab0058,
samaneh9328,
_mryfkhr_,
mozhdeh1375kazemi,
sajedeh.alizadeh,
nafasam721,
badalijat.maneli,
parastooo8654,
f.yeganeh6772,
lhjhsynydlfth,
nasim.0340,
khadejeh.br,
manije4808,
maralmoradiiii,
sareh.mohamadii,
hosseinkarimi2026,
termeh_fa,
aluminumsaghf,
mosakhani.farnaz52,
ma_hsa_75s,
motaharehaghaei,
gallery_milano29,
samira58km,
fa_te_me_h75,
arda1395_,
sevda_h6869,
nasi.r.s.72,
onyx.jewelry.3,
__deniz__8156,
soroush.f_official,
shokrollah98,
amirali.sarina,
sahar.jon1376,
shabnamamiri67,
anoushaamirrafiei,
heliiya_s,
tinab4263,
mitraa_ef,
s.m_66_71,
shanli_farsi88,
noshin_asg,
samane.ad95,
bahramfiroozi61,
anita.anzli5225,
king_m.m.a,
yzkmarjan,
minaa51,
fahimeh041,
maedeid,
sadeghitahereh,
shabnam_po,
mithraoleyaeyan,
narges_hoseniy,
mahsaa_7788,
desertkadeh.leila,
fati.99.zari,
dr.n.d,
hosseini.nadiya1376,
mohamadrezamosareza,
rezamahmudi2071,
sebtekar,
zabihajizada,
shahram.farrok,
shiva20017m,
yasin.374,
shahram.hayati7090,
ahmad_bjb_,
navid.bombi,
shirinsherry,
shhrmrdyy7065,
rogi_semsari9434,
shidehjust,
fahimeh_sookhtehzar28,
safa.mbk,
amirr.ahmadii,
kianjavaher5,
pry9422,
lhlwh2143,
ashraf.ghh,
mohadesehsaid2014,
nazani139700,
faezeh_n75,
as.al9942,
parvaneh.ap231,
raheleh3270,
nazi.kajabadi,
pakhshe_atena,
rasoolnatayej,
ashkan.b_0,
amir_khan_skky,
shal_rosari_hossna,
fatemeh.ghasemi212018,
queen_kindness_and_sense,
miss___sheida___,
gallery.sadaf2,
honeymoon_2727,
persian.turquose,
ermiya.bayani,
ali.ghanaat_silver,
lavasaninasrin79,
rahele_zamani64,
atefeh.m_a,
saye6571,
lachin_zare,
katayonmahoti,
marjanbagheri1370,
fooruzanheidari,
reza_zhoola_,
s.navabi5293,
amir_h76ghaz,
amirhoseinzerang,
davoud__kiani,
wanton.shm,
mahdis_ashorii,
maryam_no92,
mahbodataei.m,
minahendi8674,
negin0000,
basssssteeeeee_shhhhodddddjjep,
sepydehashemy,
farnaz_gh0074,
k.koosar.a,
samanehkarani,
papoleh5,
solmazsaadat1360,
nedashiehzade,
elnaz_amiriii,
soheilahoseinnejad,
amin__khazir,
soheila4713,
yusefi_shahla,
haniyeh.mohamadlu,
zolfami,
sepide_a_79,
paria.bakhtiari14,
mania.msh,
s.a.m.i.r.a1367,
rohollah.taghavi,
katayoon_khani,
masoum_my95,
lida_jarrah2,
shivaa137474,
l.naghilou,
banooie_tanha,
6714_mohamad,
forogh_babadi,
6961.z,
shiamalraheem,
maryam.r4082,
noshinbabadiiii,
alameh_seyedi,
mano_maman_baba,
rominanaseh,
yasaman7566,
najme8971,
zahra._.azariii,
neda7_6,
setare.sharifi.ardani,
zehra_roz,
masomebayat2632,
z_kalantarrr,
cchwmn,
roz.7913,
sa_na9595,
safa_totonchian,
roshanak.020,
roya.b1996,
m.t.p061,
nabavi.bahar,
elham.hardani2676,
jastina.mh,
mi_ss_ah_,
raminjadi,
omidotara,
ytakandi,
hny.hf,
mjgnshhrstn,
khanom_shojaei,
farzin_1399,
afsoonesm,
hamsd_veraz,
dastsaz_far,
akram_6560,
nahiddoroodi1348,
cihan.gulhan,
tr_rjb,
nazanin.e94,
faeze22499,
marziiehalavi,
mehrann600,
imanunited11,
mehran_300m,
mohsen.kaboli2831,
f.jafari1375_mh,
niliya6993,
si9900,
hanieh__t74,
raminmusavi2,
roya_bayanlou,
hamidreza_ahmadloo,
rahele_rouhi,
zk_farhoud,
momentsjewelry925,
mahtabrajaee73,
laugh1978,
leyla20t,
a_.1299,
tinasalehi7777,
matin_keshar,
naji66_sepehri,
mansurymitra,
66_sobhan,
_zeynab_haji_,
nayer.37,
soheyla_oveysi_,
reyhaneh.g.m74,
miss.zandi,
s00dii5533,
ladysolmaz,
farnosh.amirtaheri,
zeyna9371,
rezvan_02o2,
__ranaw.y,
mahsa.h.mehrabi,
sina_ashayeri,
amir1140107,
chi_mod_store,
baharws,
mohamad.mahmodi696,
sharare.roshan,
zohre.dinan64,
aziita.salari,
mahsa.74.71,
leilasadat63,
soheila.ordii,
sara.rashidi0220,
h15507980,
bita_black_official,
banosh2397,
h.sh.love.7380_,
mahkan1414,
s.tehrani30,
nima.to_love,
ghaffar_karimi,
goli7568,
fati_mn_2001,
ali_a1088,
savimikel,
k.koosar.a,
alonegirl1333,
afsoon_dc0,
bahareh_public,
dshrwyn,
samaneh__m__h__,
arashtoyslive,
ayob.zarei.252,
fatemeh_y91,
maryamghazeyani,
jasmin.jsn,
somayesamadi5252,
niazbeautysaloon,
eliii2927,
golnooshpirzade,
mrs_farzaneh_,
shaparak498,
mr.dani24,
rosha9362,
mohiii.____.ak,
nazaninjoni.1994.1373,
eses_sara,
__shni._,
farnoosh.mhb624,
saber.hamedanian,
javid.ghafoori8,
tabriz_iran4,
herolifemh,
shwq200022,
morad.zarrinpour,
manije4808,
fatiiii.8658,
mahdi_sarcheshmeh,
ramyar.salehi63,
ariya7039,
hepi.sulduz,
hamid.javadi79,
p.zizi1,
e.er717,
sargol6781,
farnuosh74,
arezoo_abdolahi67,
assal.v,
aryanmukri,
na.sherafati,
abolielham,
naazila.akhondnezhad,
hjahdi5533,
angel_f.6.8,
nima_aein_,
qazallbanoo_nailcenter,
eeeeeeeeeee431,
aminkkk9,
nastarann024,
mamad.mrd1376,
narimanamiri70,
shirinnik97,
__afarin_ashkanifard__,
mahla88647,
minaefati75,
marjan.dobahri,
__a.v.a____,
jina_madani,
elnazdamavandi,
javad25252r,
mahdiehnezamabady,
a_rokhbar,
mahnaz_askarifar,
nazi_5048,
atena1677,
elham.sh1309,
tabassom.ir,
solatielnaz,
shadiye.gh,
ayo_em1383,
hajar_mahda,
mojganasgari1170,
golnaz_hadi91,
farkhindeh39,
melika251194,
bahareaysan69,
layla.ta,
mozhgan.aiii,
maryam.mr2016,
tala__kb,
parvin.sh.80,
setare.gh.22,
ronika.69,
tty750,
m_ghodsii,
behdashtey_padad,
feridekostakoglu,
shahrzad_____t,
rm942768,
asal_8956,
zoyaalipor,
fereshte.zr76,
ariyamehr.shiraz,
saeedeh_nasiri1366,
sheida_jam,
zeynab__ebrahimi63,
neda904.saeedi,
z._.khodabakhshi._,
majedeh67.sa67,
honar_amozesh_3,
tiam3015,
dentist_khosravi,
mahkameh_barzegar,
mahgol.nn,
_mo0ohade3_,
mahbod.a_.b,
aabasi_2096,
mahdi.m.6449,
paripnh,
s.a.r.a.rm,
sa.jad2191,
_.a.r.sh.a.m._,
mahtanazarii,
mohammadreza___gh79,
faranak_orand,
antiqueroz,
zahra__rhi_,
nikokalam_monir,
adelzadeh423,
morvarid__a,
miss.baharsh,
dwdhyd1593,
_seyd_khaled_,
hipnooz,
samanehkhoshmashraban,
rezaebrahimi9801,
nnassimneghabat,
farzam.jirsaraei,
mreza330688,
elham_sltn,
nastaran.naservandi,
fact_org,
nardin8177,
___.wzahraw.___,
leila_khakpoor,
koushkzari,
s.sadeghian7065,
_nrzhh_,
zaarrriiii,
mastanehboyrati7410,
2khi_zelzeleh,
gallerykhandan,
fatemee_mohammadii,
sdf3398,
m.t.m.t.7333,
narges12341027,
avaasadirad2,
aroos_021,
_mahdiyaw_a_,
af_najm,
m82taghiloo,
leila.dadashi,
motahareh_d6459,
maryam.sh.55,
mansure5730,
hajizade.ava,
ma.rjan566,
dana_o1383,
pdrm145,
elham9710,
tahmin1355,
mahvash_khedri,
tina.pakban,
mohadese133878,
3532.zahram,
fahime18412,
fatemeh_ranjvar,
nadia_hasani9243,
atefe_e73,
maka6386,
masomeh.k_,
2gholooha_2,
gladysrodriguezpalacios,
gool44gmail.com4657,
d.jihandoski,
eli.65.84,
br.hym2218,
shbnm8650,
maryamshabanian22,
narges.khodadad1,
elham.habashi,
mahanjon13,
rfh109,
abolfazlshamloo,
sunny_geirl_7578,
fahimesafaie68,
ha.ni5645,
tala.banooooo,
mahdiriahi1984,
asiyeh2020,
mahtab.salehi2486,
j.bakhshi2022,
parpar_pariaaa,
mary.rafi57,
kh.j1356,
baharbijou,
farkhondehtaleb1450,
sabah_zareii,
m.nikoozadeh,
mohamad.eydpoor7912,
abolfazl.sahranavard.1395,
rezadelfi66,
amirnori.133,
amijatan,
farzanh6756,
mahjobeh.yadegari,
asonmartos,
ali__malkii,
wyd9934,
qazarew,
ali_reza____131313,
pink_fry,
yousef.k.r.d,
shqyq_51,
_nrgsj80,
sadatiii_9716,
sadaf_5979,
eli_1601366,
gallery_silver_best,
shole_ghafore,
mahsa.givianpour,
seyfolahiamin,
shaghayegh.ms2073,
sargaziali3720176112,
amir_shaker_,
yasnajonam2767,
shahrouz_esmaili,
hojat.shahsavari4903,
5492_zahra,
fatemeh_ramezanie,
nasternn3658ht,
lebas_aroosii,
neda_ariashahr,
masoome_mo52,
sharare.roshan,
kani_h21,
max.pj,
mohammadjavad835,
mortezajamsadpasa,
zoha_shikholslami,
manzoomehsas,
mahanmohsendarvish,
shahinshahkar,
elahe_p_,
meisamsokootian,
__sa_har_jooun__,
suryaart._,
h_s03018,
mahshid_bano146,
mh_rft7320,
ayanderamazani,
nenamokhtari,
nahid.atna,
_shima.mh,
namdari7777,
shokt9448,
jojo.mama01,
fr.7484,
iliya__10,
shiimaa2012,
sepideh.k.j,
rahaamer5,
sina_salimian,
afshin__ghahramani,
taranom46,
inassmoossvi,
mehrnush.safari.pv,
arghavan.93.64.61,
mezongolaroos_moradi,
saeideh.spr,
istgah_takhfif_khoozestan,
nazaninpirmohammadi,
zohreh.zamani4,
shafie_8165,
nastaran.nazari1368,
meysam.bst,
leyli_021,
peikany_zhr,
gemstone.znj,
selva13946427,
nahyda315,
marjan_shahin_120,
mehrnoosh.tavasoli,
kambiz.jahandideh,
maritafazlzadeh,
faribashakhsi42,
mahya.salmanygmai,
ahzanahwaz,
molaviarash,
1370ba,
sfslmslmsf,
nili__shirani,
maryam.ziaeetabar,
fereshtehsetooneh,
masag__aramesh,
koohsari1378,
a_y_1661,
talaye_naji,
farsh_hajian,
m_lavan_m,
_.f4timah._,
negin_tr11,
miss_h_daram,
kiana__mzm,
neda904.saeedi,
sara_soleimani_0162,
soniarahnama,
arezuo.bohlooli,
marmari_fth,
leila_dehghani_,
kamrani_leila62,
zb.am,
solmaz_slp,
nastaran1285,
sara137300aaa,
sara_kheshti3050,
lebas_.aroos,
mozhgan.j.k,
f.daryagard____,
elena_kohistani,
__atosa__,
_elizabet_beauty,
amirhoosin2787,
zaraa_207,
sima_b_e,
ryhwn0,
aynazamirali,
makeupbyzhrzmn,
narges.d2326gh,
raziyenahvi,
mehdiii9576,
darya.k.z,
ahwaz.saba,
setare.gh.22,
f.m.a.s.hl,
shikbazgallery,
elaheh.sarv1392,
aznancy71,
nasrinbahari123,
mrs_adelah,
soheil6707,
alizadehnaser30,
kianakasra1389,
vahid_tohidian2950,
sepideh.hajhoseini,
jamileahli,
mo7abehzainb,
zeynab.najafpor,
lwykhbrhmzh,
behnamyazdanp,
nsr.5093,
azizboorakzaie,
amin_v_66,
soh6853,
ly.ly2453,
zahra_seify_,
nasim__sahar4739,
mmaghsooodi70,
mitra.khanii,
m_ghodsii,
yf2893,
shaaaaparii_dan6767,
mohamad.mahmodi696,
ayo_em1383,
spideh.soleymannn,
baharws,
marymmajedi1,
mah_683,
doostdarsayan,
serli.love.nanali,
majidkharatha_el,
hengame_nikoo,
lg6923,
fatemeh_solhmirzaei,
hamid_reza_zahedi,
saadatirasool,
vahid.d6631,
azal.zziii,
behnaz.hatef,
ghasemianhossein7,
ra.him5465,
behnazarabzade,
akram.zinsaz,
qnbry223,
forozan.ff,
somi_h.z_,
masimahbagheri62,
ensherah.suliman,
ar__y577,
taiif1997,
m__ha3,
00rno00,
mooon__93,
y.ghalandry7,
mohadeseeh73,
baharmaleki14,
rehanehhhhhh,
miss.m0714,
_hdiisw,
qazall.___,
peachandcoffeestudy,
naghmeh_79,
tinydeskdesigns,
lahijsilver,
mohamad.h4444,
arian02702,
hajfateh_69,
mahdiyar.sedna,
nasrin.sh5591,
faarnnia,
yekta.kanoon,
eliya9488,
mahshidamirrazavi,
ladyfloristt,
ehsan_8952,
pina16flores,
hanieh.t.73,
_zewnab_,
__shwdii__,
pharos_studio1,
gole_sar_bnd,
itsogandd,
parisaaa_p_a,
fatemeh73731,
bahar_bahareh_bahari,
o__fateme_._abasiii__o,
azar2490,
manarz_19,
nimohammad,
jojo1995.m,
swier122018,
n00ny1199,
__ruba__123,
shayankldn1382,
arzwfrhdy,
dnn145,
fatemehabdiyan,
royarezakhany7,
sina.daryanavard18,
hussain_shaker1,
major.band,
mehdavich,
kaka_navid,
pooriya_maghami74,
mabigram,
mariadesouza.angela607,
rimshasaleh567,
mahboobeh288,
bahar88656,
abbas.13998,
n_hamidian4131,
shukoormurad,
sedighe__l,
roya_bayanlou,
sobhansolmaz8963,
khadij_alilou8736,
anjel.bahr.kazemi,
saharkaramzade67,
ahmad_rahimian73,
moamma_soal,
masoud.ilaghi.hoseyni,
pran3c_r,
saeed.nabian67,
mamali_mistake1,
mohamad.13467,
frnz.bheshti,
vahidnajafiakerdi,
m.bohloli70,
esmaeilbouzari,
elnazclick,
hedsboo51,
sh__aghajani,
forozan.hajsharifi,
eli.joon9011,
minakhodapanah7518,
mirzai3653,
maji.mashaizade4488,
_v09_x,
preinc400,
x__47_,
nouraalthaniyan,
a7sasy910,
iliyajoon_maman,
neda_hnp,
minat4474,
marziee1993,
princess.zahrazr,
behrokh68,
hrrypotter.8_5_8_5,
abass9436,
alirezasaeed12121_shz,
reza_nzary,
aaaaaa7092,
shahbazy45,
nobody__aaa3443,
sedighmahmoodi,
snowflake5173,
vahidmoradi_,
ba7_sweetheart,
saharfirooz,
navid.eb66,
kimiya_gallery,
yektaakhlaq,
ali.kr.fun_club,
tafarda1122,
talabinafas,
suzane8400,
babaktary,
sholehharndi,
maarryaa.z,
exirpakat_,
maryamkiani141,
mhyr55569,
mehrad.ch1234,
sabaanas7271,
moohsn4970,
nafasi_mylove_m,
roxanamohamadi2016,
pariyamusvi,
sadegh_hozhabr_,
elham.adhami88,
onyx.jewelry.3,
nasi.r.s.72,
saghar73_71,
riyana_reyhaneh,
_hadis1374,
mahsam.s,
karim.sana.9699,
shaghayegh.na76,
prys1224,
berkh._08,
mahin_ghalenoyie,
sim2212,
fatemeh.madanlpour,
elone666666,
rojin906561,
sepiideh.sn,
h.n.fereshteh,
mahsa_soleimaniiii,
sh.shahvirdi,
abbas_khanzadeh,
___kianaaa____,
solmaz_saljoughi,
shahrzadghessegoo,
mina_leather,
marjanrazaghi,
zahra.h5531,
2323_matin,
20isho,
modell_lbas,
_malose.baba,
sina_mr_80,
mahdimt9540,
kado_behrang,
malileh.designercrafts,
a.y.d.a___,
sh.o.k7420,
negin_bayati459,
masoud_gh3129,
mohammad_limit,
mohammad.rezabarber,
komar_rahimi,
raccoonx4,
masoomeh4096,
fateme__a73,
leilare3,
shimasalimi___74,
yousefi_9115,
a_.ayda._a,
fride.sa,
mah_o_khorshid_,
__saraw__pv__,
mahkiya_,
hooriamsv,
bwhr_,
majid_rezanasab,
najme.hnp,
tm3061,
fardin_gh97,
fereshteh.che,
hany__a,
rayanmotors,
elena.amiri1374,
soheilcollection_,
j_.a94,
mahdi002198,
amir_sinw,
sama1369.mirsalim,
adriyan749,
1364rezay,
baraanashkboos,
afsaneh.jk,
moen133330,
navid_20177875,
moslem_gordahani,
semkoparvari,
mohamad954870,
peyman_irani63,
navab694,
mohammadnaimii,
amir.m2240,
en.5895,
siahghalammonjezi,
thebamboostation,
shahrzadhezarenejad,
hoseiny136,
malta1383,
whitebinlove486,
tiaa.chatt,
leili_m98,
evehazare,
m.hoseini6.1.71,
mitra.nourian73,
p.haghparast,
firo64,
afson_na,
m_alaviiiiiiiii,
samane_pz1373,
pari.0090,
samanetoossy,
ma_ri6750,
fateme_jtab,
zeinabrahmani1819,
mahroz.3333,
fattemeh.saei,
zohre.dinan64,
zanborkade_bamar,
h_homayounfar,
nasr.alrafedain,
bita_tzd,
hlmazare3027,
baharak1991sh,
mahrokh_nazari5743,
za.hr9379,
haldevaran_23,
saeide_vajar,
asalmtn,
sara_fuladi94,
neddaaaar,
nasrin_661,
azizi.305,
fajr_____,
ih96___,
nojood.1998,
liil3__,
rwasiri_,
aaia7h,
baa_back,
_ytq__,
mahbobehtolouei,
mahshid_asadi93,
zolfaghari7422,
foroghbeauty,
elnaznazyab,
yasamin6511,
donbale.hamsafar,
maral.0102,
salvador.a2,
hastiiiii1366,
barfin_jewelry,
shimabarahooee,
hasti_mahani5030,
vr7sky,
_imerfn_,
__pige_insta___,
mari.1993.mari,
rafagorozco,
asma_ms_baran,
behtariiiin.miss1,
atelierbifrost,
do_7376,
zahra.soltani.17,
askk535fan,
mohammadnoroozi1377,
mirzaei7385,
mhamad.kh.1345,
negar.8120,
yones.hashemi818,
sepideh____235,
sh.allahi_68,
ghazaleh_sheytoon,
tanaha6699,
alimohammad7504,
yeganehshm,
rahele3251,
j.m68687090,
marjan.6737,
radin8622,
sa_asadi,
atefeh_9_67,
fatemeh.r.n1371,
fateme.ph94,
summer_girl7777,
hossein.shemshadi,
saharsafari5963,
m.ziyari2012,
fereshteh.ahmadii,
faghad_khoda_111,
hamid.pariyar,
firoozeh.n.a.m,
mrs_thabibi,
s.ebrahimi.m,
marjan.taba,
solmazkarim,
leiillyy,
shirinsaveh,
fa123451376,
as_bahar2595,
raaz.sf,
tanha2947,
neda_alinezhad_1371,
moodel_mo,
sahand75si,
ngin_kd,
rohani_perfume,
majaleh__banovann,
amirhossein43490,
nargizamokhitdunova,
sima.brh5359,
s0g0lll,
dr.elnaz70,
homar.mary,
sarasara1767,
fatemeh_akhavan44,
farhangifereshteh,
sorayya2,
azarojagh,
asalzoroufi,
mahla61473,
hny.hf,
hhasanpor22,
ytakandi,
ft_mh8808,
moaarifchouhan,
hamedpor4942,
majed.mohebbi9772,
jhngyry806,
ooo0314ooo,
elnaz_sharghi,
raziye.mashhad,
aroose_top,
mohades6975,
mahsa_borhani76,
alireza1382_1397,
neda0__0,
paaritk,
farzaneh47537,
reyhan.reyhani19a,
so.lmaz1135,
sheida__pmy,
dokhi_khass1997,
mahshid.barmak,
lilimehrafsha,
roza.radman,
vida_es,
azadehtajrishi1457,
jamil1465220,
milad.zerafat,
tirdad_n.t,
mohamad_meidari,
sepideh.tehrani.21793,
mohammadnasr1374mn,
chitrakassotia,
3595_mhmd,
fahimeh_8391,
marzieh.samani7,
negar.asadzadeh74,
suletuna33,
kosarkn102,
lzlbr,
hdyh6633,
adil.ahmedov18,
se.ema631,
sdfhmybwslh,
lwrdh1711,
mhmdlsdy1875,
tala_golrokh,
yashernn1993,
jalal1234567i9j,
hadi_tanha23,
wwwmilad6571,
m.k.z.1384,
zizi.azhii,
fatemeh_bakhtiyari_79,
horya.khojaste,
azarin_poorbakhtiari,
yasi.210,
ngaaawr,
moonika.ap69,
mona13.alizadeh68,
zahra99088,
bhr3886,
baxa300572,
fofo4_ff,
nouurah5282,
fad_bg5,
mnooor6609,
_.mixe750,
saraa2142018,
mdbasheerkhan7739,
tiyeh_r,
nahall.91,
asheq_maba3383,
ebi_gold_gallery,
zarooliyam,
paria8479,
_liii_liii_,
fateme._tarkian,
b.golzanii,
mym.m74649,
_anifer,
farinaz.asadi1390,
rabieigoldgallery,
mahdieh_khoshnoudi,
mohamad_p1234,
nedoli68,
hajar.alipour66,
master.architectore,
aylinalamdari,
na_si_mm,
princess.sanaz.93,
at.bakhshi74,
t_e.303,
honare_pezeshki,
masumeh.j6861,
nilo486,
m_love_p24,
sa.moghaddasi,
yosra._.m,
bita.panelmkh,
parham.rahimi6468,
__b.m__7504,
sajedeh13952018,
_.amir.hosseinzadeh._,
rreezzaa.ft.esf,
mahnaz_eftekhari75,
maryamrafii,
sssaaaaaeeeddddd,
pooo.habibi1313,
narcissedeliberte,
marmari_fth,
aziita.salari,
zohre.dinan64,
soheylaaa_a,
f_.mohammadii,
yasnim_87,
fereshteh_padash,
fattah5634,
gostarbastak,
content_marketing_,
mina.ghasemi.92798,
asall___o,
bahar_26kh,
rabieigalleryfans,
ra.ha2664,
mamanmarzi1364,
solmaz_nourii,
zeinab13617651,
missgolnaz88,
ysn1394,
haleh_dolat,
nasrin_avina,
sanazi.ahmadi,
sonyaameri3476,
_asmashorafa_,
nadi1150,
forouz6628,
rfatemeh884,
fatemeh_hdn_95,
lida_jarrah2,
raziyeh_6333,
eli______74,
aseman9218,
lila.marandi,
sarrrrrra.d,
m_noori_asl,
heart_kinded,
leilimansour682282,
helenapakravan,
gao.gui,
sh_tarokh,
zohre.f17,
seti__afz,
_zahra00zahra_,
zibatarinha.94,
ramaabbasiiii24,
mohamd_heshmati,
ali_shojaei_w,
mhnds2020,
mostafaroshan1073,
angoshtar_kohan,
mohsensafa.12,
rozhan_ranjkesh,
mehhhrnoosh.k,
jeansandtshirtgal,
argineshamiryan,
_melikazibaee_,
saghar.world,
ava_9165,
erfn_1123,
fereshteh_73,
rasmar.fariba92,
mbinnasir,
elhambabrnezhad,
elhamamou,
ayda_hsnnsb,
taha.bardia,
mr_ym7435,
mohamad_aliii33,
maryamamiiri,
zhr.1405,
ali.mashouf,
mohamadhossienakhondnia,
_amiirashkan._,
mojtaba_007m,
mahkameh_la,
saratarahomjoo,
paris_z20,
kamnooshkavousi,
rojin.art,
roza.moghimi,
saeed.jr.official,
ghasedak.f68,
__sanaaaa77,
l_ftmw,
mnsre.ahmdkhni,
pani_amirabasgolab,
doniii._.m,
_negin_n99,
isarasoltani,
hasan_hosenlou,
l.naghilou,
neginmarzi281,
leyla_akbarioo,
shivaa137474,
sakinehhoseinlou,
fale_ghahve7,
miss_mosavi_prv,
r_s1348,
mona.mashhadi,
mansour_zardosht,
atena_n_b,
iman_nasiri_,
behnam_madis,
sayedhasan_hoseini,
ferhad___ahmadi,
zari.lavasani,
___mahi__s__,
nastran.hatami,
hastiaminn,
ahmad.safarzadeh,
behrooz.karimi78,
reza.es.71,
ghodrati_5252,
seyedsajadshojaii,
mohammadnagdi6666,
hamedrad64,
pishro_mohammadi3746,
nazari2462,
alirazmi65,
nahideh.alipour,
amir_enteshariii,
ali_tima8877,
tiina.nykyri,
00maryamh,
hamparvaze_fereshteh,
shilparajput2424,
majhol.68,
galleryzarkadeh,
azam.moghadam1,
zaza_design_zaza,
shaghayeghkeshtkar,
butterfly_parvane,
yldw___pv,
zari_6068,
alirezadavoodi09122018,
farhad8213,
amir_ghermezi,
baranbaranian20163839,
roooyaa_hmt,
khwkhswrh4985,
farawaysky,
fatimah_ashoori,
saghar344,
leili.mh1394,
sarzamine.mode,
yeganeh_qa3mii,
soleya.piryavaty_,
neda.beigy6688,
fatemeh_imi,
fatemeh._r.i,
fereshteh_abdali,
mm32158733,
shahin.salehi7446,
_i_eliw,
aroose.shik,
mahvash_es13,
zh.mj.70,
alirezahoseini101071,
valayat.karikani111,
rezahabiballahpour,
ebadijewelry,
sama_beyad,
__shwdii__,
mohammadetemmadi62,
arya2238,
elsw_mt,
elmira_1876,
h.ch.ahmad,
mahya_abiri,
assal.v,
maryam.r4082,
wood_original,
mrym694754079,
aroos_bashi,
parisaniknafs6,
azaam_j,
monireh72m,
reihan9402,
faleghahveh2,
a__madandar,
neda.h.81,
saide1246,
__raha___kh,
mahijon8998,
_bitaw_.m,
pariiiiw__00,
alagazal,
z_6198,
_nafise_67,
sahar.darvishzadeh,
mobina_baqeri_19,
trmyrkhn,
brhymly8750,
arshrfyy304,
smrsmr2000,
mehrdadhatami27,
carlos_bigglos,
bnoirni,
kamp_ozgol,
ro.ya2775,
bsarvari1351,
armand_salehnejhad,
llparnd,
a_yousefpoor,
somi55790,
soad.sorkhi7680,
m.eme_76,
masom_jon_m0681,
azadeh.amiri69,
ayakhirala,
aisha.12095,
f600_m,
roofye2,
mnoory122018,
alaml.alkbir,
mary.khandan1992,
andisheh.novin,
zohre.a14,
hsmdmaryam,
ghasemezahra,
maryamzardbani,
mrjn_shafagh,
parvin.ch38,
2ba1993,
miss_ky7,
evin4774_,
seven8758,
mylovemahdi1371,
parastoo3081,
sact__76,
h.yaz68,
ghazaleh_fs,
sama1369.mirsalim,
saminshakiba66,
nazaninshahabi3,
52__h__e__d__i__e__h__m__21,
fatemeh_roointan,
fatemeh0603,
sakeenafalaknazi,
mahsa_alone_sad,
ahmadi999999,
nasrin__48,
wheat701124,
shohreh.pourhosein,
isacok_cfz,
fashion_hggallery,
pooneh_tt,
javad.per3polis,
roqayeh_1215,
management_industrial_,
rezakhemar53530,
r.amiri4673,
mahsaa_eshgbaz,
mahnaz.z7256,
zohre_zrh,
_zahra2512_,
a.r.e.z.o.u_ros,
peranses_nilay,
aseman9218,
_______zahra____________,
soheyla_oveysi_,
sami_binesh,
arezoouz,
saharfirooz,
_atousa_ati,
samira.jafarie,
benita_gallery,
zohree44,
sara.rashidi0220,
asanaiii,
akram_6560,
elham.sh1309,
jewellery_zeytoon,
sh.m.s.a55598052,
arezoo0136,
amahmed76mh,
farahshahani972,
baharwww304,
hadis___mehraban1994,
bahhhar_ashhhari,
amiriyan_nasii,
moooon871,
sermehgold,
bita713,
rz6125,
bhnazbinaii,
molaviarash,
farzaneh_saleh54,
hanaee8553,
toolidemelli.ir,
goo_ya_ka,
hny.hf,
safavie_art,
m.bohloli70,
esmaeilbouzari,
zhrrstmy2158,
zlatan9400,
dlfanys9858,
raha91_z_ebrahimi,
leilazoozani_1990,
donya62189,
z_a.zde,
fatemeh_fatemi3560,
gazvinnnn,
tabrizlihossein55,
raziyeh7303,
aracharter,
azade_razavi64,
l.sattar.2964,
ds_fatemeh,
sarahkhoda7777777,
takihane.com.tr,
morassa_espahbodi,
samanee.abdollahi,
samira.fff_1370,
salimeh.zamani66,
nafaaasjon73,
om_vahed,
ba.ran1866,
mojtabap1979,
eli_hosini94,
rezabageri19842018,
malihemahan,
bi_nam771,
k.ysri,
elhamahmadi3866,
mastaneh2353,
loly__bride,
rimaraam,
_alaa_lola_,
bant_alasfor,
shahrzad.keeey,
khakdaman.yasamin,
miss.tehranii1997,
hadisrahimisadegh,
maryamd43,
piiter1983,
palwashapopal2017,
maryam.r.amir,
z.ashtari63,
dr.yalda3648,
2roud_lorestan,
2018afson,
sharare.roshan,
zehra_roz,
manije4808,
talapoosh.mezon,
ziba.zaree46,
mitra1312,
mersedehrastegar,
vatani_g,
bighidoshart,
forough.013,
bilesanfatemeh,
mahdi.8723,
samane_pz1373,
hadis.sh68,
shabnamamiri67,
_atena.milad_,
adish_moscowchii,
marmar.46,
nail___zahra,
hengameh_hassani,
shararehsharifzad,
mitra.fadakarr,
liliagol,
lady_s_elahe,
alone_gold,
ghazal748,
_nmohamadi,
lmyaspd,
soltani_mahd_13,
hasti.clip,
didebanpishro,
kian4120,
h._281,
tabliq_online,
msoor140558,
arman.92847613,
fattah5634,
leila_m8867,
mr.abdolmaleki,
roham.rohamjonam,
media.mo,
sibesor,
mahsaaashojaei,
rilaxbash,
cheebellashop,
e_jalali63,
vahidnajafiakerdi,
boof_istore,
rozita__artist,
gbaharjafarig8,
fatemeh.29799,
maryam.araman,
leila69daniyal4876,
abdollahi.jewellery,
fatemeh1115.hp,
najmeharad,
noushinpayanbenam,
amin.khorasani1,
__golnoosh,
raziii_radiiin,
fatemeh_farnoodi,
fatimaheidari_pv,
haniyh.ka,
behnaz_mohammadian9133,
frydh13599,
soodabeh181,
msi_urmia,
erfanbayat3832,
limo_sangi,
lllsrawlll,
riva_jewelry,
esam_uk,
noghre_sara_ghane,
rezafakhri1366,
alireza.meysami,
banooalborzi,
fatemesadat9270,
sanel_2830,
vahideh_h_59,
hoseiny_nasim,
samoel_soukhtezari,
arezooo2511,
saeedeh_nasiri1366,
hich71_65,
saharpanahande9376,
mahdieh.5898,
azar.fakoor,
shah.mordad25,
alonegirl1333,
delbar193,
narges_haghverdi,
fatijon6703,
rhmn1179,
fazelkamali888,
elhamrahimi336,
fast__market,
ahmad_ahmadi1375,
dr.fa1927,
golnaaazzzzz,
ss2setaaare,
agha.seyed2130,
s.j.y.s,
nikokalam_monir,
lida1690,
marjan.hd.com2018,
elham.elahi_77,
maryam.sh3915,
7548134899m,
monica_eliz03,
mahdi_mahdi_1361,
mohammadreza_zakavi,
el.ahe4085,
sahand.1166,
nasi.r.s.72,
rezamdzh,
maryam.khajeh_nazari,
tajarymariam,
ali_alzubaidy50,
javad_banki,
dr.tajalli,
mahdi.m.6449,
sa.karami1361,
mobin_nadi4845,
__.f.a.e.z.e.h.__,
alirezwmousavi,
ghobadi13_samira64,
fateme._1146,
sabayiii_._,
elahe.nobakht,
setareh_ads,
mitra_r110,
elham_bma.20,
_m_m7869,
maahsa.n60,
gott.liv.5,
ensi_76a,
mahroz.3333,
abbas_alboubiri,
__mehrdad7111,
hamechi_az__hameja,
academy_tandorosti,
khooyeh.ir,
studio_hess,
mmmm.com.mmmm,
fatemeh.zadeesmail.javad,
fatigholami766,
reza.eshaghi775,
elahi9567,
saeed_turk.78,
angoshtarsafa,
blk._.king,
mstf_amirian,
jamshid_pourreza,
hesam.adelz,
reza_da313,
mehdi_2446,
ab_imani,
daryoush_acc,
fatemeh.9744,
yeelom2,
syed_17o9,
lynqyhaamyrjsyn,
aliakbar.tranzit,
fborhani8174,
javad_shahrabi_piroozi,
mhmd.9541,
bagher.farahmand4,
mortezakhaksari2104,
ali.owji,
milad__vkk,
faranak.poursabet,
howzhin_ma,
amirmolaeyan,
alma_stil,
asmaqueen550,
heliya.sh93,
sahar2990,
fatemehgolmohamadi1200,
maryam_mzhr,
atiii_mq,
nazi_azardokht,
zoroof4827,
lover.7074,
z.manshoori.2322,
zahra_f2d,
leylamosavi99,
daliryan_roya,
miss_javan1376,
miladhashemis3,
baharhoma48,
maryam.lashanii,
sepideh_ahr,
k__zaree,
masoome_jalinous,
nail.suny.tehran,
laghari_tazmini_asan,
nikbin_stit,
queen.nasii,
maryam.moradi9190,
zahrajamshidi1991,
abass_salimi80mori2017,
kais.mejri.771,
naser___naser66,
mahdi_u7072,
amir1368tei,
alirezahadad4705,
sahaar.hp,
happygiirl900,
_ravan_shenasi__,
baran.paeezzii,
banafshe.rafeei,
ghasemi_sara92,
6zahra6_amirhossein,
eli_f_m,
sana.aali,
faraneh.kohestanii70,
sadriomid,
mary_setin,
h.raeiyat,
fatemeeh1001,
fateme__shadi,
dorsayousefi9,
hani_h_65,
kuroshtan28,
miss_setareh97,
s.bonakdarr,
hpahlavanzadeh,
mhmdkhyry6617,
radio_ava0443,
z.prz.20,
telesm_olomgharibe,
alirqrrr,
eli.y2,
miss_kazemy,
mar.rezayii,
vahidasadolahi9,
ymhdy805,
azi_dr,
mohadeseh_salhi,
s.khajepour,
maniya.rezaei,
z.aminaee,
sajede.66,
dastsazehaye_labkhand,
rmsh172,
nwshyn71,
rdaa0025,
saha_yogi_gairl,
sama._.dg,
shakila2499,
beniiiita.rahil,
tahere_soltani_,
shiivva9044,
maryamsoltani1984,
sh.hyn3974,
_noora2018,
fatemeh.kelich,
leilaroholahzadeh,
lidabashash,
tt_mmk,
se._1859596,
sory2027,
nafas.raha2018,
khoda8529,
wgm.mn,
orentalgirl,
galery_labase_arshida,
ghazal.m66,
malllllli_joon,
nila21978,
zahra.mesri1396,
abbas.wolf.m,
sa.naz2575,
eliwmirnsh,
be6070,
raha79770,
amirali.mis5388,
amal.131,
m61m62,
xsara55_,
1415jo0ody,
288.long,
atathcom,
lag462,
aliheykali1,
tay4955,
yeganevalve,
girl6320,
torkamani.almirza,
the_.qazal,
nasim_kgr_,
matin.valizadeh,
kabookcharm,
ashourvan,
marziyeh_rasoliiii,
shahrokhi9191,
n.hosseiiniii,
mr.alipikotin,
javadshahbolaghi,
naghaviha.r,
samia.taghipour,
fatemeh_b_71_,
merysdt,
hosyni8427,
myrhmd.hjy.dhdh,
yagob68aaa,
ali_jazi57,
ghasem_hossini,
alireza.6438,
ava__68,
mkhadem864,
hind_aldarkanoni,
___shabnam___80,
parisazeynali52,
manya139400,
mahdiyeh.s.h,
womenphysiqe,
fateme.aabbaassii,
vhd.dvh,
matinkf,
1993_artist,
anisa.asadzadeh,
ironiiboy,
sss.8077,
biliard.ghasr,
maralliim,
mmmhhh895,
jafar.ali.zarei,
mojtaba.7.hemmati,
xuq.90,
garnish_2020,
wedding.day_,
arwa_salem_gabir,
hlm.alghamdi,
shamsa4025,
z.zahirfar,
akram_javid121,
micropigment_assare,
fati_rst_,
samane_ashoori,
samavatsogol,
jaml.zeynali,
nor_ali_soleymani,
seavash4296,
ehsan3674,
ali_hashemi_nayini,
dlerhawleri,
prys5150,
3arahatami,
heropluspetshop,
mohresabz1,
mahyar_rodriguez75,
anozohuri83,
atefshiralizadeh2814,
zh4576,
parisa_bs,
zahra.gholipoor1375,
ghogha.deli,
hamideakhlaqi,
mehrgan.mohebi,
aziebrahimi021,
leyla_kermany,
maryam_tajeri,
fariba_k_sh51,
hoda__ch__,
sajad_khorsha,
ms.m.s.yy,
preetisandeepverma,
fatiin9437,
fariba728,
oriflameiranfars,
mohamadrah917,
d0nya3,
reza655664,
ghorbanzadeh80,
lsahelalibolandl,
nastaran_rg,
fatemeh.shafiee1985,
sahar.alinia634,
saba2231,
zhamak.khosrozadeh,
s.h.khalatbari,
l.mhds,
lebas.shik.khas,
__zahra.akbari__,
mojgahehonar,
mahshid_sha__,
mahmod.pazoki,
sheida1495,
marjanojrati49,
sadegh.22977,
amin_eji,
ttr692,
r.zafar.cm1,
iman_nasiri_,
_mahdi_yazdani.1.3.8.0.tv,
zarinabiyar,
melikasaber,
masih2kh,
fereshtehofi,
shabanzadef5428,
ati.99miss,
_mavis9126,
seven98sa,
m.k.z.1384,
_._molood_._,
neda_jjmm,
z_.demo,
mehdiiji,
l.rashidii,
mirashrafifahim,
dariush_ghasemi_i,
alireza.karbalai1399,
_rana_yousefi_,
f.maryamabedi,
masoomeh__ak,
khalajiiiiii_22270,
pegahkhesal,
m4so0m,
perspolis61275,
mohadeseh9642,
fr.3846,
baran_68139453,
donya.tina1395,
eln306,
roya_bakhtiyarvand,
hulya.farhood,
mahsa_r82254632,
shole13v1,
rozi12345677990,
tanha.s1377,
zahra_ramzan,
elhamnajafi1,
merila5439,
sara._aliverdipoor,
darya.s.d_26,
kamila.atila576,
sarah.gym.love,
mahkan_1997,
del._.aram__,
reza.heydariii,
pymaneh_shakiba,
leila.mahmoodi.53,
katayoon_khani,
roro._19990,
maya.ba6,
s.n.keyhan24366,
negar4033,
fahimeh.nick5040,
razieh_askarpoor,
novin_nama75,
melikashahoseini,
barana_bahareh,
maryam.mack,
kahnamoueimasoud,
nafasjoon3060,
adine_6365,
mahdiheydarniaa,
zahra_naghilo96,
whydh973,
yaaaldha,
s__rhmni,
farzane.azghandi,
nazi.kh7300,
hmzleyla,
gandom96372,
mohammadansari007,
mohammad_dsk,
morteza3757,
abas_khani68,
shahkar_gallery_2,
fardis_tbn,
mahdie8171,
simibmz,
_nazila_rajabi_,
_a.saghar_,
rzmy.n,
mohamad_mehdi,
alirezaalizadhe1383,
simin_t_1991,
milad.nazeriiii,
arefmaalharthi,
sahar_daryaei81,
amirali.erfan.9194,
mhjr458,
bahrani.z,
razyah_bazyaree,
mohammadpourneda,
aiiiddddaaaa,
iman_naruoi,
hotelkosar2018,
extenshenabadan,
sheyda_yn,
pouyabsh,
mohiiiii59,
nasimyousefi94,
nora__nosa,
nooshinn.a.p,
fariba_nrzz,
mariya_aliee,
zahra_jannesarii,
mahsa.j.7272,
alimoradi_1994,
niky745,
_.negin.78._,
fatemeh_bourbouri78,
baharehmohamadkhani83,
safora_keshavarzi,
mp137478,
zahradidehvar16751569,
mehrnaz9052,
69.m.z,
leila_fathi90,
fatemeh.m5215,
b.zinat,
ap.6251,
lydy1357,
parastoo.khalifehsoltani,
reyhaneh66313512,
gulangermany,
somaye.sardari65,
nardoniiii,
miss_darya3448,
e.bosagh,
narges_75_tajik,
elana13891,
gholami_haniyeh,
pegah6793,
zamani_zahra78,
titisheikh,
_mahsa66633,
roghayeh5964,
elaheh_bnd_77,
elnaz.khoshavi,
renault_5_iran,
sepehrazadbakhtt,
miss.parsa4,
n___slr,
majed.jelodarzade,
amirdelhanistam,
rfh109,
fati._.tab,
talal_keroo,
aramedel007,
21ahmed_sayed12,
seyed_homayouni,
bwmrymlmskry,
seyed_yones_mosavi,
alirajabian.m7,
tjavdaneh,
seyedeh.somayeh.jafari94,
oriflame.iranii,
tahsin.eizadi24,
goliiiii92,
sayedhasan_hoseini,
marjanmashhadi4023,
reyhaneh5267,
iman_nasiri_,
mohamad_30280,
mase12602,
lotus2468,
in_almoqbali,
amnateatime,
jenan.919,
halahalshehri5188,
___mnoosh2015,
mobinasalamat2,
wwwzinab942018,
leilabahrami50,
sara__saadatmand,
berrybaghaie,
_elena.ef_,
mitra_abbasi1392,
katayoon_br,
_wrf0_,
masumeh8867,
el_ha_m.az,
l.shojaa65,
sh.ghanavati1234,
mohadeseghoochi2,
miss__sjd,
dwdhyd1593,
iran_lashkari_,
mehrina_design,
haniye_kocholo,
seraj748,
ostovarfateme7,
mlyn9203,
hossien.sha.13,
mohammadhosein073,
shirin_9693,
samkhodae,
_darya_._j_,
behroozina,
aylin_hadi7s,
asmaaa_km,
melow2048,
viilda._,
afrodit_accessories,
ghazal__tha,
lidaaaa__1390,
karwan_r_11,
marym.mansorzade,
nasibeh_11_28,
zizigooloo9820,
cake_khanegi_f,
zari.136867,
nahid28923935,
hila.gold,
mina_2273,
frshth8346,
saba.banuoo,
nasim_siavashi,
maryammardi18,
farhadi6277.laila,
hatamihhh,
reza_amani_sr,
fazelkamali888,
gangestern1,
alirezamahmoodimonfared,
amirhosin_m.sh.kh,
marvani4089,
safaaa82,
fatemeh.madanlpour,
shahrzad_p4113,
molaviarash,
behnaz_mohammadian9133,
arashhafezibirgani53,
malahathe,
baset19979410,
fereshteh.217,
hana_74_z,
mm_abanqueen,
kharati_sorkh_dar,
shahab_shahnaghi,
alisayari2666,
navid_20177875,
kulivandmehdi,
mohammad7mahdi81,
negarof98,
fatemefoladi,
ay_mz19,
almalki_amjad_,
alnajla1981,
soolarashop,
nargess.p4,
mehdizadeh.fard,
giti.mhmmdi,
baharws,
elham_ghanami,
mehrnazjaliliiiii,
mahboobeh_v.n,
ms_niyaz.mr_reza,
zahra.mirr,
hdiis1372,
raz.a2d,
paradise_of_the_live,
hadool16,
mnno_97,
selin_joj,
wafa___1996,
alireza.meysami,
biuk44,
fadhel_mahmoodian7,
hosein.mojaveri76,
saharmohammadi1323,
zirkhakee,
simajahan1960,
forough.h.p,
soraya_kamaei,
nazilo6813,
akrms9,
mr.mrs_ebrahimi,
yasi.210,
sara_soleimani_0162,
milad_mr38,
leila_hashemi95,
soheila.tki,
mahsw233,
shaghayegh.2676,
abbas_shafenia,
malooskhanoom5814,
azar.fakoor,
somayeabaspoor,
fatemeh.madanlpour,
mehrshad.67872018,
shila.faraji,
sara__faisal1,
romxyssa,
ii_he55,
ftoomah_101,
soso1_547,
nla.2o,
hasan_24h,
mohamad.mahmodi696,
rahimi_nazi,
shokooh4370,
sasanbakhshi,
mojdehshadi60,
nazila.mk,
m.esfandiari,
shila_vhd,
adonya1980,
mahya_82965343,
__negin__.t,
mehrnoosh.tavasoli,
nazgool_drv,
sama.mozaffari,
mohammadeskandary503,
anahitagho,
anasherifi883,
chakavak_shop,
hossaininorullah,
mnko0987,
hkaramoz,
z.tavakolii1396,
mina89891,
_manije_mohamadian,
mokhtar.shahabi2016,
njw1818.7,
svosoughian,
azadeh.charzeh,
samiranikoee,
azalia_borazjan,
fatemeh_rezaei8,
masom_pv_,
el.ina6779,
arsaaco,
solatielnaz,
simagole2000,
setayesh_si_,
hatfi56,
bdlyjtngr,
afson_na,
m___mili,
leila_beira_va_nd,
nasi.r.s.72,
bita_fakhr,
amordadiiii,
dryyy6711,
saloonzebay,
fakhri_mohammadii,
keyk_pazi_dhban,
talahaye_man,
abedinizohreh13695,
iliya.ganji4,
omid.farahmand88,
m_h13534623,
mansor.n403,
moein9875,
afsaneh.46bahrami,
z.nazari7266,
rezameraji1001,
secret__stone,
ghasre_talaei95,
parvaze_royaa,
mohsensafa.12,
san.diamond,
00_mss_sadeghi,
ramezaniazadeh73,
mb.3830,
as.al7196,
_miss_nurse_97,
_.sanaz._vhd,
tannaznajarzadeh90,
6861_mohammad,
ahmad43487,
naser.kolv,
___enferadi___,
reyhaneh8120,
fatemeh56388,
fatemeh.ha65,
mortezakhalaghii,
88narjes67,
z.shahhoseyni,
miss_hani_075,
szazkxkxk,
krestal532,
eras.bolouki,
sanaz_b_98,
altaher96,
sahar.salehi74_13,
dream_._life_,
ayeshe_bh,
maryam_jasemi8286,
samiranasrollahi1229gmai,
bahare_banooo1234,
sbahraini313,
mahtabsalon,
maryam_haghjou,
sanaz_iriii,
somayer.62,
samane9189,
maral.paygozaar6057,
nargeess1360,
sanaz_nedaiiiiiii,
diplomat.shoes_for.me,
peyrovan_haq,
28.75498,
tahmineh_a.76,
zahra_199_,
ghzl.kh4488,
bahar_saadati,
_darya_._j_,
hwryhryysy,
miladmmani,
nafiiseh.sn,
sunnnn1234,
faranak.mehrpoor,
nanaz_naill,
nasrinseyfi7583,
fatimabano6091,
asghartalebi3111,
abdevali.t,
kohear6468851,
mesi_6801,
s.k.hashemi74,
r.farshad021,
leil.rahbar,
sadeghrahimi10,
farkhondepayamani,
sama1369.mirsalim,
nooshinalizade68,
ahdiyh7,
atefe_aghaee70,
marjan.3709,
asemon_yonesi_67,
gole_yakh_sh,
sanazrahmanpoor1362,
asalhosseini_tv,
shahrzadforoutan24,
maryam_tajeri,
s__e__t__a__r__e,
mohammad.kh6990,
im_jahanbanoo,
atieh_abedini,
bahrieni_r,
nazanin_kianoos,
sajamnz,
silver_pakhsh,
narcisse.86,
raeisi2245,
amoo____hossein,
roxanamohamadi2016,
aziita.salari,
nasim.0340,
hasan_24h,
modeling41,
lymrdy894,
iboysh,
arwa_salem_gabir,
_angil6_,
sfh2008,
reemawad_,
yar8246,
ladan_farkoobiyan1351,
fateme.irani54,
_ali____md_,
mahdeyahash,
fahimehshirazi,
65.04818,
_fateme.___.vhd_,
afsanehxm,
malihe.khatibi,
malek.afsoon,
zh_maryam_,
afra_1983,
shadi_bahari1367,
nasimhd2,
sara.farzin.76,
za_hra7262,
wafaahusseinabdulamir,
fakhrisad,
zeyna9371,
gorjie11,
negar_a_98,
maryamft_ft,
zahrakhodadadi1871,
noosh_kh,
mona.z8986,
ar_arghavan_sa,
leili.mh1394,
mohsen.1376qouran,
ecotourism_f.t.s.b,
janan._.70,
_.esfahanian,
fatemeh_10.20,
sima_b.2015,
s.15.7.3,
fateme.shabanialale,
aroose_yekta,
bee_make_honey,
mahi.0410,
s_h_r1363,
__m.a__ashouri,
shabnam.h.ch,
parisa_58is_i,
shidehjust,
roya_bayanlou,
rogi_semsari9434,
samira67217212,
behzadsgirl,
ys.2091,
m.razavi3421,
faribajamali.official,
nedahashemieh,
behzad__jt,
smorteza_aghili,
majid_blk13,
masi.frhni.69,
lida_memarpour_borna,
sainaf65,
fingerfoodstar,
rfatemeh884,
fa.teme8640,
aliabdolkhani46,
maso5355,
artoosh_gh,
_im.hossein_,
mohammad__mk12,
moradiiman687,
yazdanmomni2737,
unoriginalarash,
daad_shaar1111,
parisa.sh1373,
matinfrahani5566,
araz_po_tabriz,
k.ghamati,
arezo._.h1362,
morta5730,
mzare1370,
amirehsanrazavi1360,
batouljafari8566,
neda_hooshmand5455,
leila_a.b.d,
farina_fari14749754,
nassrin.74,
saji297,
hasti.parsa.molashahi,
aby375,
di1365,
hamsa2_,
alroz.113,
sara__faisal1,
nourhalhamad,
gogo.m7d,
ssam614141,
dwdhyd1593,
zhr_7082,
maleka_jooon1,
shyd.khwr,
mahjoo49,
bahar_valipourian,
mohamadrezakhaleghi1393,
vida_noorbakhsh,
abolfazltavafi_chaap,
mohamadreza_najafzadeh,
a921968971,
seyed_yones_mosavi,
iman_saeidazary,
manochehrghan,
fcafzal,
ipeknur.luxury.scarf,
_.maryam._srf,
afsane.abadikhah,
mariya_es66,
f.h.abuhosseini,
nagina.21,
nuorh7_,
muneerah_mh,
amoll_67,
ahahah7638,
reemah91_,
jojo__mm_13795,
tahavraha,
rezi1392,
pooneh_hadadi,
mr.bagheri_,
fateme.ph94,
cakelover.ir5480,
abdollah_jadali,
akr5295,
mohamad_farajiyan,
najmesamimi4931,
iimaninjast,
fariba503142,
ghada226,
_ss11aa,
aseel9786,
_.ns96,
rwai77,
rana_ms11,
fatemeh.dorosteh,
gole_rozz8560,
pari13731065,
najmebakhtiarizadeh,
sydzr4679,
laghari_helma,
sahebe_pouladi65,
kosar_6488,
reyhonak2,
zohre.ebiiii,
wthwqyfatemeh2018,
anaaaaa201220,
diar.bakr.752,
_4.ks_,
arghavan_52,
khadijehsalemipour,
amiemahdi6perspolis,
srh.570,
nailpooneh,
hedieh.h.pv,
mahyafard07,
rml_zbr,
shimajoon1369,
paniz__yzh,
mary_setin,
royal_style_group,
fazelkamali888,
alirezamahmoodimonfared,
beb5948,
mis_.k1995,
351_f,
_fateme.___.vhd_,
miss_rmz75,
fatemehhh.1371,
msd_rouhi,
tahere.83,
l.rashidii,
mahsun_mrb596,
farzanehzam,
elhammehrpor,
yones_korozhdehi,
javad700467,
dokhibaloch9273,
alinaji58,
arooshamallahi,
amine___2019,
vahid_vr7,
zahra_hoseni_aghdasi,
bahar_saadati,
mohammad50.r,
shirin.z6684,
mahshid_sha2,
malihe7971,
robita1210,
roghayeh5964,
rahime__ro,
lebas_aros,
zahra.saber6,
the._.bitw,
sahar.arafaty,
m.army.bts.n,
hlmnrj2809,
mahdifoladi4,
elya40306225,
khurammu,
mhmdlsdy1875,
mansor_vejdani,
foaad.s,
_sara_matin_83,
mercclip,
mahnazhalimimofrad,
alireza.hmz1996,
__.n__b.__,
samiraa709758,
sepide7722,
banoorok,
rozhan.ghaderi1318,
eslamialaleh,
sev5038,
mahsaho3eini2220,
zahra_____af,
fariba_g64,
zohal.aryana,
marziyenaderi24,
_golnaz_al,
mahboob_farzaneh,
mahboob_zarif_71,
maryammashayekhi13941127,
bish__12h,
hannoufah.otb,
r_y1999,
ross.g._,
s50pixel,
bso2d,
sanazbakhtiyarivand,
z_hosni_78,
saman.vismoradi,
sani_lili_nail,
shahab81343370,
so.mayeh2916,
ladankh1351,
masoome_gh,
parisa_ahar,
daryaajon,
_.aysa._.raykan._,
elham.d.h,
tashvighim,
raze_movaffaghiat,
shayna2421368,
apirveisy,
hamidreza.nas,
kingcrystal.ir,
mohamad.mahmodi696,
neda7_6,
nasrin201759,
dwsty8078,
lotoos97,
mohmd1986,
roya.h21,
n3noo3ah_,
_.wasima._,
aljory.96,
djgold11,
h.4.6.a,
wa3d_543,
motlagh.tv,
shinion.mahsa,
yalda._.hosseini,
nedaeskandarnejad,
mafakherian_gallery,
behtashmedifar,
ghogha.deli,
jalal.salehi75,
narges.192,
gheychi_tala1385,
yasaman5887,
minapmz,
_._fatitm_._1900,
karma_tkap,
_sahar_pormokhtar,
miss_maryam_sh_,
__miss_sly,
use207964toverify,
mahdieh_rezaeiii78,
mahdieh_sh_,
fereshteh.asghare.8,
nazo.gollo.8899,
fatibikas_1381,
ziba_sh_st,
sogand_fm_,
tabi.j_pv,
anita___hmd,
soudabehbg,
mahjobe.mrgh,
setareh_sarparast,
m.elham21,
behrouz.khani_,
maliheesmaeli35,
rahaa_amiran,
mozhgan___h,
paria_ever__,
soongi8225,
_mounws_,
ihouney,
rojin906561,
sepehrafra,
mrdyhrbtjzy,
narijoon93,
yaldamaloos1,
omaboud1,
novintala,
sajad.ghorbani1988,
teebe_sonatii___zaloo,
mehdishafimirza,
blk._.king,
mehdihoseini9775,
vahid_ghodsipour_09127536009,
fazelkamali888,
saeedhatefi77,
yd____91,
digiturkstyle,
roya_bayanlou,
sardar.kh68,
mahsa_9.21,
eli______74,
majid_alipour_,
mari_3165,
kourosh.moein,
sanww_far,
mehrnazi65,
rezaei9746,
mihan.bgh,
elnazmovahedi,
soheilgr,
shahlamanouchehri,
majiddiari1367,
sheyda_shadatii,
hajar.alipour66,
1.ha.8,
t.rezabeigy,
fateme_bahmanyar,
alameh_seyedi,
nassim.shrf,
somayehrezaie61,
sanam__po,
marziyeh_e,
nylwfrn2543,
fahimeh_f_s,
_mahdis_____,
farzaneh_egh63,
melina___torfi,
yasi.210,
elhammoghadam_,
sanubar_meh,
ymoosavi7,
mahdiehnezamabady,
ladansharafi,
zari.2m,
forogh_mas,
maryamgharakhanlu00,
behnaaz_nz,
hosein___dr,
_shivaa_77,
charmpasargad,
meriem.bonoise.dz,
zohre_musavi,
aykal_ds,
erfan.askarpour,
zeza5361,
n_i_r_m_i_n,
ava86605,
f_j111111,
aida_20775,
pasban.mehremah,
miss_f_o.80,
mehraneh.ahoo,
javad.parsa,
hengamesky,
rashidimahnaz54,
fatemeh_ashabian,
l.rashidii,
lafckadio1,
mortezaz787,
_hosein_kharazi,
mostafaghiasy,
krymbdlrzq,
vygems,
armoniearamie,
m__tkr,
saeid_r66,
saber.mahmodii,
behzad__jt,
zahra.aboutalebi,
_mohamad_seyfi_,
rostami5902,
leila_khorasani91,
aref.baneshi,
donya_m6,
farnam_orami_pv,
iman.moosavi62,
simrancheema_200,
azade0866,
13767,
negar_omidiii,
alim.p1376239,
shgyg__salehi,
maryamjbr8017,
mohammadpour_hamedani,
narges_malian,
mahin_insta,
parisa6890,
hadis.ghandi,
m.bohloli70,
esmaeilbouzari,
zahramodanlu,
forough.h.p,
ytakandi,
katayoun.katoozian,
chalesh_shut,
baharws,
lymrdy894,
_darya_._j_,
zibayi.page,
zha_eliiiiin,
felezyabsafir1,
gilaaaa_95,
golnaz_atashsokhan,
samirae__1370,
fatemehm5923,
hoda._d78,
hafez.n93,
naeimehabbasi,
rana_bakhshandeh,
sobhgah_,
monir5795,
sahar.a740,
solati6152,
neg9817,
azam.a.1366.65.nurs,
khkhzd1215,
dabirianmaryam,
sami_binesh,
mahin.soratgar,
ali.esmaeilnejhad77,
mojtabajafarimj11,
hadise_ghorbanii,
salam_ghaderi_1997,
ho3ein._.noorzaei,
clip.mohamad,
taked_it_easy,
masoud_mehdipour,
helma_handmades,
pezhmanofoghi,
alireza.farsijani,
afsaneh7548,
7ssnnx6,
borhan.bangal,
poshak_ako,
dwdhyd1593,
health_.wellbeing,
rasa.23,
mezon.afrooz,
noori_adk,
_fatemeh_photo,
_a_maryam_,
ghazaaleh3865,
79p.v,
sh_zahra7474,
mobina0277,
sahaar.daftariii,
mohadeseh.arya,
hamidiangold,
morvarid_642,
s.f.1236,
miss.nazy.shah,
s.o.he.ila,
frhny7963,
parya.zj,
rooyaa2247,
imi_lovely25,
kazemi068,
manili6869,
rose_beauty12z,
m.zhra19,
__negisaaasm__,
se.tareh917,
maryam.s1484,
marziyejooni,
jabari_233,
molaviarash,
feimes1998,
nil_nzhd,
moslem411,
sam.davoodi.90.md,
monirrazaghi,
myrmhdy453,
zahra157353,
parnia.arminfar,
88._.missatyabi,
reza_rafieii,
roz__.89,
zahra__5715,
rozita1944,
leylllllliiiii,
marziyeh_ranjbar_,
hosna.ilaghiii,
leilaeiiii,
ailin_kiyanfar,
hashemi.khojasteh,
aster_azadi,
kimia_hoseini_79,
yalda___rm,
ayaom16,
miss.s22710th_,
arzwh5163,
saeedh909186,
alishahriyari62,
khobaye_gachsaran,
ghazanfari._.behnaz,
hesam_0_3,
khalil_hamedi7168,
nazanin.e94,
wafa.h_18,
hessaa_1957,
shhd.al_brahim,
mmalwrfly,
3sh_34_,
hafiz_sh40,
mrs.rahimi78,
sekineh._.naderi,
somaie54,
zarii7374mhd,
parvin_salami_,
fatemeh_8247,
ka.mi3209,
bahar.h5671,
a.4084,
farzanmeson,
asma_w.m79,
chichak_greenhouse,
aidasaffarian,
mitrahosseini68,
shararehsharifzad,
shima__rezaeian,
sahar_rafieei_73,
mahdie_shahbazii,
liliafshar1884,
fatemeh84049209,
mercedeh4946,
mina776,
sirooss_ch19,
ny.gwl,
artsteac,
vida.27896,
hastif8912,
c.yegane,
az_mehr,
maryam.tamadon_nejad,
poonehmehr2014,
arab.mahdie,
madar_e_agah,
nafas.slym144,
zibayekhofteh82,
saharslj,
zoheil.k,
sidhu_maluke_wala,
rshbs4336,
sanaz.rashidy,
malmal539,
s.a_goli2036,
azibanoo233,
soheyla_oveysi_,
faribaalihemmati,
__m.a__ashouri,
shivaa137474,
maryam._.f20,
zahra_gharemohammadloo,
3hr_.f,
maryammontazemi,
hashemiannoghre.134,
naji66_sepehri,
salarmohanak,
alisss.r.7276,
mahdiyeh.azdan,
shjm1395,
ahdiea6872,
mariasaed9008,
fa.saheb.m,
siamak.kermanshah.lawyer,
farangis239,
atena.s.boka,
mahnazmirzaie51,
saber_afshar,
shariati5810,
dance__of__death_,
mahsan_asghari1995,
sina.klb.abalfazl.133,
mostafa.axe,
kapitan_1394_m,
tfunn.ir,
ba_ran6941,
yasamin4116,
marjan121232,
ilam_love98,
mary.78.78,
atrina15,
omed_2mg,
sajad.13590201,
hmdmhmd574zmnx,
shivashiver,
saeid_r66,
soheyla.bandarabbas,
mahshid_mbv,
marziyeh7717,
molud.tj,
f.moosavi.2001,
saneei3663,
leili_rad30764,
nazyafraz,
nastaranzr77,
r.u.k.e,
bahar7916e,
mahsa.71.95,
parisa.ir.1397,
nurainazayyani,
mai.kurume,
fatemeh.sedghi.73,
zahram2806,
hjamile429,
sahraie1364,
_miss_mehrabooon__,
fr.3292,
zbaran22070,
miss_diwoone,
somayeh_5367,
tanazafrooozz,
beauty_art_business,
nader.moslehy95,
daruosh___khazan,
hoo.leather,
yaser___nazari1361,
panez2499,
arezoojon_71,
mr.s1372,
sanayedastiiiiii,
mojtaba.sa96,
majid7446,
lenaz_e,
rexona.cliniic,
igxigxigxittfiycifoydoydidt,
marimjaferi,
nasi.madox,
mohadeseyemajid,
nzn147,
dr.sh.bassam,
ndrrw1,
saeed.yoosefian,
aramejan7397,
arabzaderazie,
_miss._negar_,
nrgs_eztnia2,
mrym_a_i,
fa.4721,
sogand_fm_,
sabanazari68,
_8_mira,
nadibahram,
raha_m13747,
fa_teme2593,
roya.mehditabar,
zahrazand1987,
atrin_haghdoost,
rozhin.rabiei,
mohadeseh_salhi,
maryamiii22222,
aylinalamdari,
na_si_mm,
gole_hamisheh_bahar_6071,
nini_o_mamani,
parisa137717,
shadi_jsd,
pariasghari64,
ahmadidani,
elham.h_h,
sama_momtaheni,
najmeh.maaz,
neda7_6,
mohamad.mahmodi696,
sharare.roshan,
kartik_gems,
mxmohamadx,
silverxdaisy,
sajjad_alizadeh_shrbaf,
kulivandmehdi,
yaghoub.barani,
mdrgm.h,
isa.amanat21,
fhajian,
bijari.1,
ft.ym1991,
chelseadavis01,
mahdiye.afshr,
mojgan_shaker,
shaqayeq_niknam77,
ro.m199181677,
fznbbie,
x.f_f.x,
baran_583808,
premier.gtr,
realucf,
minaw775,
reza93p8,
mo.hammad.8125,
morteza.664351,
mehran.mazhari244,
kharid_forosh_lebas_dast2,
zohrehbasoooli,
maziyar.mazimazi,
taban.n,
faragolz,
maryamdj_7513,
ghazalzandi9648,
mogadamromina,
parisamoo22,
ahmadteymori32018,
ward_al_omer,
javaherat.karbalai,
arious_h49,
mona_dehghan64,
fantezi96,
_nasrin15_,
mahshidkhosravi8909,
reihane_ak70,
soso.ahwaz.0263,
yasamin4279,
poneh.solati,
yasaminjamali77,
_kafepedar,
clicktalae__ir,
_bahar_7732,
eli_nail_art_rasht,
fatemeh12908,
bankketabarad,
r.r_4444,
awashah_3,
malak_h_momani90,
koloud26,
arost_alnel,
ff__aaa___,
soft_deco,
narsis.andi62,
mahdiyeh_jafariiii,
mehdi.4927,
katayoon_khani,
pouyan_russet,
farsi669,
jooood3032017,
flora.2d,
nawal1986nawal,
joly.32,
mmmeezzoo,
moni_soaps,
baharehmohammadi2315,
manije4808,
miss_shinerr3975,
asi0852,
hosein_moghadam62,
behnaztz,
zahraagh50,
maryam.naserkheil,
bita_abdii,
alihasanpor1389,
majidbayat10,
fazelkamali888,
mary_setin,
nil0ofar6721,
tarane._.pink,
soudikarami,
rainygirll.77,
hoseini_anahita_,
mohadesss2,
maryam30702,
adrinasafari94,
shaghi75sh,
khayat_banoo1370,
rahil.s132,
ma_70_3,
negarof98,
mehrangh699,
zahra1371zaza,
kamnevedy.ru,
amir.hossein.bad_boy,
zahra_fn2000,
masomehniloofar,
raana.apr,
yaset8868,
sarahnnnm,
hesampouraref,
f.sh133,
seeyoo.82150,
_._f.d_._,
gh.gh_sy1996,
meri__1123,
sabah_zareii,
hamedinho__7,
karim_fahcouch,
mahdiyar.sedna,
mohamad__hamedifar,
hosien.2121,
beniamyn.single,
tina___dp,
hossein_77z4,
samin._sgh,
withsereniiity,
mina.sadat11,
mahdiis._._,
saeed_malki3333,
amir_barkhor65,
liishiveinai,
fateme.soli74,
rzawb,
nazi__soltani_,
_niilosh_,
manicem,
alibarzgar1384,
fateme.jandaghian,
mehrsa_sh97,
_elhamostafa,
hlm.alghamdi,
a.b2020,
lamaamh,
a.atheer_66,
suna3.aljamal,
li.la8513,
_saji_1380_,
mostafaesfandir,
__golnaz.__,
amir_maboodi,
samanii_negiinii,
sara_la_1365,
1zyn,
n94965081,
zainab_alsalm,
neesmit_banghazy,
98.93.99,
badoor9117,
amir68221,
laser_abedi,
nebrahymyan,
shaghaaa3,
arianbaby2,
saghar.sahba.1,
rozesorati128,
sara.farzin.76,
mina.tavousi,
zahra_hamidi1367,
sedaye_zendegii,
bahar_ali.ss,
a.h_akm,
abtahi_zahra,
kouzadimahdi,
gallery_ammitis,
m.m0hsen_sh,
hamed_shahriari1351,
saye_186,
saraye.manto,
ka_gh_oo,
shetoon783,
zahraa_1368,
golemaryam.62,
mahbaani,
hamid_reza_zahedi715,
meysam.ershadi,
jaleh____m,
yasminm7845,
zahra____mhz,
reza.araz.77,
dellaram.mohamadi70,
mobina.r32987294,
sara_z4490,
lawkduhoki3,
mahtab__babaie,
dark_followerss,
mahroz.3333,
sara.rashidi0220,
akram_6560,
niusha.mdh,
samane_pz1373,
sajad.jalili_,
ahang2018,
fatemeh.__.darbandi,
mehrnazi65,
farnaz.shahreza,
mantreh.sh,
tt_mmk,
met.formin,
ho3ein.pahlavan,
sanja_nov,
m_tellez_xx,
oflove__cr7,
maria_mariolla_,
shik_manto,
elham_malakpoor,
mobinaa_msh,
tina.javaheri,
mina.mahboob,
mojdeh1386,
fereshteh.tohid,
maryam_mohseni_20,
eshgham.h.92,
samsam.sss,
virensoni9782,
mh_mdrd1541,
niloo.nt71,
miss__oreinab,
magical_.1996,
ytakandi,
m.bohloli70,
esmaeilbouzari,
sahar_gol1364,
1367samer,
marjan.msadeghi,
leili.mehrjoo,
maryam_tajeri,
parmiss_1414,
tala5065,
_gerek_,
ava_08533,
baran_afshar8143,
nayereh.mohamadi,
funny_fahmi21,
setare.sharifi.ardani,
karym_zaraei25,
dj.shiner.mjason08,
th.4249,
a26452,
yashar2574,
najme_ranjbar,
sepehr.ghaffari,
ardestani.reza,
faride1456,
mahboob_faghani,
noora.nfs,
poorandokht.ghahremani,
farnoosh1368.fy,
respinaa97,
saba_nilofari,
barana6044,
nmdry9497,
vamtad,
alismaili000,
maryam._.9940,
niloo.mousavi,
esmaili5342,
52__h__e__d__i__e__h__m__21,
lt.1396,
marzi.378.ghs,
mohddesea,
mahak.mahan98,
sara.631157,
zahra43653,
misilsiz_,
0503334444m,
hosseini.narges72,
nashenas3033,
malihh.jafari,
mahya._9,
_iran_travel,
paria_alv,
cinahk,
khaneh_aroosss,
nazitaasalsoli,
lady.z6998,
hedi.afshar.pvv,
seyed_yones_mosavi,
navid_20177875,
raam.rama674,
manochehrghan,
amir1368tei,
mostafa.bakhtiari70,
mndn_2013,
milad_karambin,
eastern_lady,
yaldashormast,
m.k.73.96,
immunology1993.m,
masoomeh132,
sarah_s.z,
helinaz.naz,
aziz.badraq_81,
hosnakhazaie2018,
keratineh_mahnaz,
timat.60,
mah2kht.k,
faribakhodabandeh,
abolfazljooon6750,
f.kiyaniii,
arezo__54,
sahar.zare.22,
ferdoosmakan_aboozar,
sadegh__mahdavi,
zangene_pourya,
moein671,
shermin59,
javad12465.ghorbani,
abbas.keramat1368,
arezou3334,
royayousefir,
mdelshad298,
a_sh_farh,
parnianpazhouhesh,
hairextension_mahnaz,
soniahn.khatoon,
__itsasaaal,
tala.roz,
marjanzangiabadi1234,
yassari_abolfazl,
___ailii___00212,
mohammad_002018,
danialkordmir_official,
dr.nazaninsafaei,
masoume.noori53,
monir_ganjoie,
f.chehreh338,
cut_arisna,
solmaz.bagheri64,
siah0sepid,
fereshte___hossini,
alishka_boroda,
behnaz_n99,
_2124163767_6th_,
akram.5119,
parvinahmadipour,
maryam_behvand64,
nghashiii_sohani,
sanam_gt,
fargah_sare,
berin1876,
missprestige11,
malak_s3ad,
doja_kli_abo,
zahra_q7,
hody_511,
asma__zs,
morteza__tah,
masoud.ilaghi.hoseyni,
dadafeyzi66,
reza_nz69,
hasanmutlu61,
myhambrand,
ani_angoori,
s.a.civil,
salime.131309,
amlakepeyman,
ahmad_a200,
majid_ahmadikish,
sajjad___safaei,
mahya_eyelash,
t.amiriann,
leila69daniyal4876,
amel160amal,
seyyedeh_t_sn,
_atefeh_3,
anita.atilla,
sdm6767,
nm_2957,
ftmh.9596,
sooshiya.sh7447,
anisa_safarzade,
s.s_a6,
shadi_samanian,
marziee1993,
monia_zamani,
govahi.sahar,
sm.s76,
mahrokhyazdanicherati,
fatemeh.nz7183,
__r_h_e_75,
mahnazabkheir,
samyar20185139,
sina.roozgard,
aliakbar.b69,
m.a.4985,
hoda_safari_hairstylist,
lamsehonar,
nazi_tabatabaei,
mozhdehnti,
raana235,
n_banoo5026,
mohanna2775,
nasimhd2,
kosar65555,
zahra_mlk74,
ghasemimaryam2795,
haniehhashemipor,
mnyrhsfrzdh,
zanan_bardari_zayman,
zohrehemami.j4,
armita.c79,
mini_sh74,
amin_sorbi______4,
rahim_khazaee.music,
h_injured_wolf,
reihan_kh_90,
azinmodabber,
s.bm2385,
aylar_mallek,
alone_smile1990,
pro.aurora,
maryamraoof_official,
mhl1535,
leila.azimkhaniy64,
dana_o1383,
mari.1993.mari,
samanehsaeidi642018,
mahyafaraji55,
alwarda_89,
enroserose,
saz68__s14,
haneen14025,
rashanashawati,
besho0o59,
samirak6482,
mahdiyeh.s.h,
mahak_behnam_85,
m.ranjbar.1980,
marjan.babahasani.74,
fttmew,
laialsmman,
cristina.gallery,
selin_sean,
m35278489,
omidmusic021,
naz__nazi1370,
extenshen_satari,
snzth,
sajede579,
sadeghesrafili,
zahra_brdiii,
shydwthwqy,
land_of_fashion2017,
mamadreza8603,
sahar06897235,
narges_shahab,
shayan.v8,
mm13791383,
ahmadreza__parastari,
sahar_lrpr,
s.6395616,
asim0356,
fatii.zare72,
ynzmhmdymtlq,
m.rohoalamini.315,
ma.hnaz8872,
khanome.midwife,
mm_7645,
pegah_peimani,
naeimeh.afshar88,
ghzl.kh4488,
nasi.r.s.72,
__shab.nami__,
nargesghadery,
aliresahashemi,
f.arshadi676874,
malekiii1397,
khosro.rafieyan,
o_3388,
mari58khanoom,
mahdikamaiestany,
nazi614a,
leilasadat63,
el.ina6779,
amir54327251,
atefeh_shafiq,
sajad_zohrehvandi_110,
mrarad_f11,
mmdhasan98,
mohadeseh_taherii,
parpar_pariaaa,
saranorouzi59,
setare_m__18468,
samira_ahmadi_org,
hamidreza_.mns,
sarinalover,
aminaz_73,
atefeh_kh_b_1995,
56_0342,
fa.tima3399,
melisa.1113,
1031mhmd,
ghamnamey_dell,
nilufar_ei,
leyla___radd,
raziehjahan,
fatemeh.9744,
z.hashemi73,
fatemeh.madanlpour,
a.sabahiiii,
roze_siyah8899,
elham.rezaiiiiii,
soheila7159,
do.nya9833,
bahar.ff79,
zohrehboojar,
zfiruzeh,
sahar_vakiili,
saradeehghan,
mona_mo_ra_di,
dry.368,
_sommaye9,
manyjeh690,
brn_9476,
club_aroos,
karickovaj,
naghmeh__jafari,
cyndiembaltazar,
f.n.k2010,
mehrnoosh.arbab,
setare_childcoach,
melikayazdi.pv,
mytr5929,
hodahoda2733,
mr.abdolmaleki,
arezookheymeh,
hamide9650,
sh_tarokh,
frfr3449,
biba86belle,
niloofar_mnpo,
maryam28546076,
lulu_zeed.811,
jwn7463,
a_nastaran6050_a,
somyjoooon65,
reihaneh_ebrahimian,
marjan2873,
r.khorammian,
razieivaze,
avesta__khalatbari1,
mitra984116,
morvarid_tat,
elinazzzi,
salmani36,
mandana2301,
baharak1991sh,
laleh169,
n__staran,
nu.nu______,
azar_b1352,
hedieh2768,
clip_ashpazii,
hanie.mohamadzade1373,
asmakh1392,
mrym.946,
skmahhh,
parvaneh.ndi,
mahsa.mh.2000,
elnaz.8810,
dorsalhty,
fashionbloggerbymahnaz,
negaaarr_,
dooonyaaa27,
mehdi_tamimi5583,
ghost.rider_m,
kingsosa0001,
__miss__z,
zahra___tk,
34.270977,
raham.rh.4886,
niyayash6088,
nanamatyushen,
ftmh.5151,
fatiik6382,
kooi1371,
raha.shahrivar3715,
donya.farsi123,
marmar3995,
razieh.hoseiini,
drn5696,
black.__girl_,
parisa.solltani,
aysansattari,
nazaninansari7,
sweetti1994,
marzeh1810,
alfa_interior_decorationdesign,
zeyna9371,
reyhaneh8120,
javad_ghamarzad,
r.m.sh.gh7,
sartipyounis,
dwdhyd1593,
alireza.jam19,
m__a__t__ab,
jeyranmasomzade,
donyasafiyan,
dokhi.bala9988,
hasty._.devil,
s_roudaki,
mandanaa63,
shaghayegh.shahri,
anahitaabo,
melikarahimi1177,
aynazsohrabi,
kalouttravel,
f_karimi247,
mahnaz.shahhosseini,
_bayan_jahangiri_,
sogand._.gallery,
n.l.m.n.1959,
belak2298,
mahan_jan__eshgham_,
nazari.r.65,
lmwljsm,
hoda_anisinezhad,
seyedhosein1394,
marjaaan_kei2204,
samira_l_t,
mahdieh.7869,
elnaz_farahani4,
sara_kazmi6912,
m.danial.94,
accessorieswe,
shah.mordad25,
sam.davoodi.90.md,
nilofar_moradi_makvand,
ma.rya3495,
parastoo.1990.z,
missss_niloo_m,
ghazale_bilaki,
brn.m_z,
n.r13766162,
ammari_mona,
emyabdelsalam,
mohammadjavaheri77,
zohre.ebiiii,
maman____aye,
zahraebrahimi793,
zp772,
baha.baloch,
raha1378139,
raheleh12166,
niayesh.2524,
fahimehsaadapuor9212,
sh.j.830,
g.sepi,
malihe.dehghani32,
r_hassanzad,
samiira.21,
_melika_mirzaie,
zolfi7175,
sydwhyd6726,
maryam_boraghi,
tolouo2014,
9315______________,
j.f.e.m.6964,
hoda_ttatto,
lebas.shab_banoo,
studio_photo_aroos,
saeede_hediyeloo,
mehrnooshheidari,
zeinab.hedayati97,
zahra.ts,
paris1011,
maryam.mir344,
armankardani,
nasrin_avina,
elhamroohii,
pareeafsa,
ladysomayeh,
z.elahe1234,
orchardgems,
_elahe_najafi_,
miis.sepi,
fatmeh_ttaliti,
nfahimiyan5995,
_.dayana7._,
za.hr9850,
ytakandi,
starsunkh2016,
nafas0547,
esmaeilbouzari,
nafiseh.zakeri,
yosef_sport9111,
mohsen.nazari710,
vahidnajafiakerdi,
vahed_albalushi,
saeideh.nabatkhor.3110,
makeup_goallss,
__blackjack01,
mah3aparsafard,
ritaj137272,
banoya.aban.mahe,
mehran.4659,
eslahezendegi1400,
mehdi.sh1988,
s_a_e_e_d________,
n.chragnejad,
mehromahgalery,
vahidnajafiakerdi,
aroose_asall,
dorsa79ni,
zahra_heydari9114,
mozhdeh.1194,
shiraz_monalisa_laserr,
laghariosalamati,
hny.hf,
assal.v,
forogh_babadi,
saeid_m_5757,
ne.da872,
yagoub_gh,
travelex_iran,
royafardi73dream,
amir_radikal01,
shiva_asli,
negarestan_farshid,
mahhasheminezhad,
fateme_shahmiri,
kermani.901,
