mohammadsam.m.s,
assiyeh2015,
abdulrazag750,
fereshteh_vahabzade,
leadership2450,
atuoshahin_520,
younesgraondi122018,
fsnhfsry,
rakan_ahwaz,
mohsen_67114,
nematmirzai,
marjan.abd3,
abadan.haz,
afsanesahb,
dd___gallery,
teacher_touter,
zahraw.mm2000,
1532053.m,
kh_188_,
a_ghanemi,
ajman4445.mtm,
aligha_3mi,
mis_____roya,
_laian3334,
sima_baraati,
rahmatsaedi,
miss.masoomeh.rh,
gallery_lux1,
zahra_21es,
hssssn.ppr,
dr.fahimm2,
moohaamaad1998,
_mina__b_,
elhamasghari7520,
avano_studio,
horoscope_astrology2.official,
mo_neshat,
a.kurd8,
rshakeri_1992,
rezamohammadi267,
inoti_2018,
amin.hashemi.677095,
mahimaedeh.hojhabri,
fatiimaa_handmade,
f.farahani75,
soran_betoshi,
2amicheincucina,
reyhaneh.hemmati,
mo3tafa.1366,
m_bayatloo77,
na.zanin6013,
biritni75,
saa.dir,
kalacome,
sepitman_shareeati,
aniketkumar9876,
thegoldspace,
mohsen.nr3101,
shahrokh3527,
marzieh__sayadi,
hoseinshami7,
mmd.nil.2794,
_amir_reza_khan_,
mohadese.hamid3688,
gheseyeeshgh,
setarec35698,
irani_man_irani_man,
f.clip98,
shno.akam,
mahboob4473,
somayehsamiasheg700,
fari.to_,
mahdi.goodarz213,
samy.shakiba,
ali441339077216,
shyryn179,
cinemaro.ir,
eghbal.13698941,
mamadsh.22,
mr_khass_amir,
fatemeh.m7733,
gohare_nab_teh,
pony_pet1266,
korean.1717,
hmobina13769833,
imma0877,
s_a_r_a_4116,
sanazy_silver,
ashkan_khoshniyat,
arashkaspoor,
irsneaker,
rreza_dakal68,
nafas_t_820_,
hansyolsen,
ahmadrezaabdolhay,
mahdiye.7629,
dj.dreamss.jtrackaffica,
mostafa__esfandyari,
abbas007120,
arshad_072f13,
kamaliabbas.official,
akbar_mobarez,
amirabadnews,
p_a_r_s_a_gh_92,
fuc4185,
senra.2013,
zmoh6,
ateek.malik.7568,
mohamadreza__to,
navide.jahanbakhsh,
fatii__bx,
sarawii_2002,
zoooooo30,
mahca164,
chimera_life_,
zalex._.kh,
mobi78,
shima_yaghini,
beh.nam7989,
rozhan__ghaem,
zahra_sadattt75,
pedi6901,
hmd.mazhari,
reza_aghaei65,
mo.hammadreza3103,
ghash1349,
pedram_shhh,
miss_q.b,
sabaramezani20177,
a_p.25,
_hamid_baghrian,
amirho3ynsafari,
qdrt193,
roya_.on,
ssss0843200,
ayda._.mohseni,
hosnie.nami,
fati__farokhi,
miss.fatemeeeh.e,
a_shoja181,
rezzvvan,
razavimohammadreza782,
r.mouj,
mostafaa_b.h.y,
amirhossein2532,
_r1986,
yousef.62m,
hoseinogaghi,
farshadazad._,
kingatm80,
nrgs_artist,
nadiarabiee,
vesta.gostar.ad,
mgydvdzmpkg,
minaz_moosavi,
official_royalharsh,
hamdkrymy90,
nader_ghorbani_2801,
parto.art,
khanoomi_76,
ffatemeh.amd,
mhmdmhmdy7901,
narsis_babajani7913,
mahsa_nik_kh_oo,
aref.d98,
le.ila564,
lovely.romans,
melika669,
iman_nasiri_,
sara_soroori,
sajad777_hhh,
z.khalvandi,
kababe.bakhtiyari,
elahemasakeni,
p_rad9898,
lo.ve9807,
sho.bm,
mitra.f.z,
royayi_royaei,
fitilejadoe,
sheidakadkhodae,
dokiiiiiiiiiii,
fereshteh__khn,
sara._.smile1,
neshatimohammad,
_saghar__m_,
alikhodadadart,
mahisa__313,
milad_kybordist,
mohsen8174,
kado_tavalod,
nastarannrezaeian,
leyliak1730,
2444.alireza,
ba_har334,
sara.jewelry,
naraki4634,
mohamadabravan,
sadeghi_saber1374,
iqostehran,
youneshmato12,
erfan_973,
sarina.salehi79,
f.m20209,
hadis_zhiri,
nazi79814,
bahmanma4,
ali371359,
hyperbarekat,
reza_9909_1380,
molaiii167,
alisalary110,
7801_maryam,
3520rd,
dreamly.bride,
mohammadjahangkri,
zameer9302,
soltan_azimi021,
mahvash.faramarzi,
omidjji,
soleymanrastepor,
alireza0544442018,
imansepahi33,
hasanbakhtiyari4912,
rangoparty,
sotogeradores,
mry_bear,
sajjadhasanpoor1,
rasolmh,
rezamm0,
shahramm_tehrani,
mojineh_kh,
dastsaze_shabnam,
dreamcathershel,
s.a.bilehsavar,
tasfiye.ab.cheshme3,
tachra.co,
baran823617,
nanokaar,
rami_fi69,
ho_sein7085,
___.nazanin.___0809,
fatemeh.2328,
mehrnaz_peransa,
zoheir_gholamnia,
fateme.setila,
negar__hal,
mamad_xann,
frgraphic,
heydari4306,
onlinebazar444,
hosein__anjel,
vahid.farjam,
pooriya00,
amir_zare8939,
fe.reshteh627,
mortezakhalaghii,
shahnaz_aa,
intipisilver,
shadi.m.06.25,
_1370sabcher,
mas_m_p,
amirrez731,
amir_kamariiii3939,
smartinsta_ir,
4370alireza,
marjanamirnia,
sabbah_bahramian,
hesam_zenith,
mah_ahmadi2m,
amir.zargari67.sarabi,
asma_3327,
m__.r__.g,
ketabehafte1,
cafe_ketab_baz,
yalda_radmehrr,
daniyell.azizi,
vafa______h,
sevin_khorampanah,
hassanpour.h.b,
m23103,
ragheb_babai,
hamed_azizloo,
sara.motamedi__7,
ali.j6992,
yashins123,
aydaaaaaa_a,
si.15.rin,
oxalis__,
razie.sh12,
milad_delok_0111,
princess._.sosa,
_zheynnab,
hana31166,
maedeh__bri,
hamedeslamiyeh,
alimasidam78,
kelasetalaiinsta,
hdisak,
ehsanariyaei67,
mojiyas3ma,
azizishahoo54,
ka.zem422,
bah2147,
sadaf_.srg,
esfahan_web,
kaviyarronya,
fateme.m3569,
wahab_saleme,
minai9449,
majidk1dn,
eli13767396,
_.neg.m._,
mi.na8231,
mobina_.b_19,
shaghayegh._.mb,
sanazzz_p,
nasrrahimi68,
jwdy8700,
shahrzad520,
amir_h_m_1,
behnam_rostamiii,
nariman_nzh,
shina_______zareai,
mohammad567654,
javadam315,
aniita_mzm,
kadogallery,
mahla_mahdis00,
_moon_girl_20,
asalalmani,
sanaaz.bm,
_eliw0_0,
forouzan.mrt,
leylanoroozi122,
shaghayeghii,
maede_a.z_,
amir.hosein.moradii333,
db_mahdi_db,
ali.__.live,
shayanamiriyan,
anita.anzli5225,
mohammad.47.g,
navid.borzopour,
nooshinhaez1662,
sargaziali3720176112,
morysolton20,
miss_shiiiin,
senra.2013,
1367_nasrin,
farshidsoltanin,
hafez.hamid3897,
_.hadis._c,
moslem.jendeh,
sayedha5538,
mr.chef.2,
ayeosha_2003,
hjy873,
alireza.rafiei56r,
_moon_girl_20,
khanoomi_76,
rezamohammadi267,
alimusavi1998,
reza_zhoola_,
dorsa.shojaiii,
elnaz64_latifi,
akramkhanouf,
suzan_pd,
mahmoodandam,
saeedeh_r.a,
olka_adv,
faride1522,
alireza_alar,
hamedshafahipv,
golden_ka1,
sss.1495,
shahram123454902,
araz_haghi,
sepideh.hoseini70,
abbas.iranii1984,
miiiiiss_eskandari,
avirad.babyset,
mohamad.rsi,
mohad_heydari76,
aliw_ho3eini,
lotus_beauty_clinic,
myn_53,
mmadreza.kh_ss79,
hashem_gh00,
a.esmaeili421,
saharperspolisi6666,
sama_eshq,
rohlla75,
mr.jokar76,
maede_r7945,
nasternn3658ht,
maryam__m__p,
mhry9812,
mozhghanalipor,
madad_mehdi,
sazisazi81,
anahitarostamy1234,
dokhi._.toole,
white_take,
mah_san96,
rh_3735,
roya.elahie,
elirezaei1360,
saeidfarashipoor8779,
frwshghmryn,
mahde0922,
abolfzlghorbanian,
agarehimoff_88,
aminmi2017,
mohammadahmadi_officilal,
ardalan0670,
mitrafazl,
ali.hajiheydary.yazd,
hesam.alamian,
felfel_store,
mahsa_zal,
barangold_20,
a.t.i.i.i.i,
sharareahmadian,
mehrsam7413,
mohammadhosein1359,
mozhi92,
babaei.toraj,
setare_73m,
sh_hamishegii,
_saeid_tbz,
ftmhzhr789,
azinvahidi1370,
sabasadeghi.13,
mobin_movahhed,
hoseina52,
herzeimamjavad,
adibanpars.uni,
eisa_mottaghian,
honeylovely20,
masoume.jafariii1355,
na_ni_safa,
matinkhan2091,
forooghi7673,
solmazz.188,
m.essi8322,
abed.ali.abadi,
ho_ssein6927,
javanshirreza,
shushutarab,
benyamin_hemmat_khoram,
shhke5256,
barzanmoradi688,
lalehjoni12,
parastesh4217,
sonafarokhzade,
r_ramoona,
sl.latifi,
rahmatamaniii,
ahmad__deaf__pv__lran,
thinktwicely,
arkastore1,
elahe._.resistance,
malek_rafeie,
mezon_merdas,
soureh.salahshour,
no0shak,
sa_ra8767,
mary._.th,
emibashiri,
a.tehrani06,
amirsodomy4,
udinmzh291,
samandezyanian,
erfanmasoumiiii,
matinfard13,
_arezooabdoli_,
iliyaa_turkish,
haruki_kawaguchi_jp,
2080mohi,
mahdieh_8206,
rezadolatshahi1381,
mojtaba.faghih28,
isa.sdghi,
farshad.55.66,
azizboorakzaie,
mohammad.47.g,
vahid_tohidian2950,
teresa.rad7979,
ryhaneh521,
n00ny1199,
melikasartoveh,
toranjstudiocom,
shabnam9236,
vahidsoltani_photograph,
herzeimamjavad5,
h_zarbi,
hd.5844,
erfan_delavarian,
miss_mn97,
reza_bamari_1366,
esmailiamiin,
sachli.sasanian,
syd.jrfy,
___madame.f___,
amazon_choob,
barber_shop_armin,
parsasadeghiii81,
myny6368,
sahel.m.a78877,
mamad.moayedi,
willkay_oddking,
asadi19,
khoshnevis.55,
mehdii_a.p,
designbychamp,
ghaemzabihi,
sajad__mn,
s.t.u.d.i.o.4,
salar__01,
mohammad._.m137,
amir77_75,
taranom_oooo,
yassaman_sf,
aminhadizadeh8995,
da.r.k_night_mare,
shkhwfh3161,
ribvar1366,
hbybrhwmykhsr,
elahevaaramesh,
secret_3a,
bazarchedast2,
rhy7058,
9476.ma,
rahnma.baghlava,
mohadesehajirayatt,
pashalaser,
ordibehesht_khas_nowshar,
eliekhanomi,
ashkar.konande.atash,
memari80,
hosein.arab31,
_____t.h.e.m.o.o.n_____,
arjangeftekhar52,
irankatalog,
sassou9892,
_.minoow,
p2m_maleki,
raha_1313khanom,
amir_shaker_,
ali_bakhtiari110,
omid.abarkar,
nrzi_zahra,
nazzi2702,
zaika_happi,
ghorbanian8,
aliostovar.1379,
shaghayegh.shahidi70,
kermanshah.panasonic,
seyd061,
shahrzad_ilia,
hashossein,
15.2049,
mahyar9rouzi,
ma66mm68,
golshadi60,
mahdi.beykpoor1009,
babaktanha6770,
ava_nava91,
niu6262,
sayehkarami,
mamad.____.i,
maryam.ziaeetabar,
shahgholi128,
eliya183,
hedeye744,
rfnmny13,
sahranavard6123,
00realiza,
monir.58,
a.n.s.e.l.77,
faramarz3123,
6563saeid,
mohammad.m604,
shafiei.bahar,
mohammadreza.hasani74,
spydh3957,
10_crazy_10mmmm,
konkour98___,
shirin_fakhraeee,
arvawnd,
roya._nzm,
sorosh.azizi71,
tina__roshandel20,
pooya_th96,
fwt.y,
haed_yousefi,
wafaazyzy,
mamal4097,
sepid355,
cake_khanegi_maryam_banoo,
galeri_moble_tashrifat,
fatemeh2017004886,
hawin._09,
hosseinhoseinpour,
fatemh9146,
_sina_m_5255,
zahra_0028,
ezweb_ir,
kowsar.asg,
reyhanheidari74,
k.f.ati,
razieh.khirolahi.1371,
matiin.mohamadii,
elahe_arabiyn,
sadra94179,
s.ehsan_6868,
sona.sonami3017,
sara_soltani9803,
sun_art1,
mahsa.artworks,
anahid_rezaei_74,
arzo_76,
fa_temeh8959,
fatima_1397_,
quilling8090,
__sara_pd__,
musavii1998,
kosr_fz,
graphiciran,
sarahnikbakhtjam,
hosain_rostamii,
__new.man__,
farzad_farhadi70,
mis.mina.saa5822,
mrz.aeeni1233603,
seyfolahiamin,
joannaestefani.dominguez,
wood_original,
soheilaa_666666,
azimifateme5117,
elahe_78.eh,
mah_sa__ap,
atefeh_norozi_,
a.s.a.s.a.sssss9096,
ali_stiii,
hakimebanoo1,
hosseinhosseinzadeh4,
sarpida.shopp,
mina_amiga,
ali.hazini.1368,
maryam_fatahian1377,
biq.2,
torang_galleryy,
sah_sm_r,
negin_food,
nilla_group_galleryy,
faraz_gallery_marivan,
sfy5678,
katerinajatak,
maral90325000,
rahaw_shz,
bahrami2949,
studio_kolbehaks,
joy2131,
zahra_eslami77,
sepidsamira,
mohammad.m1361,
mona.96.71,
mahsa.ouji,
abouteme_,
_zoheir__z,
hooseinkoolivnd1371s,
miladas.z,
marzieh_shokrollahy,
amin.kabi.1989,
vector.pen,
cesar.sarooj,
gandomi.n,
fatima.oliya,
symkh2622,
roseap.box,
tarajoon3674,
sarina.salehi79,
asma_3327,
yashins123,
reyhan_bahrami,
yazdani6678,
hezarehshargh_bag,
narmafzarmobilembm,
muslehahmadi_n,
syh6797,
mokhtar_garavand,
artanfreeman_august,
zhouan_gallery59,
mr.mehran_kiomarsi,
shahdeshirin1,
aryamillionaire,
mary_miiiss,
sbhmhmdlqysy,
sheyda_jjjooonnn,
49.13.03,
yekta825,
00.000000898,
rohullahsulaimani,
d.g.n_tky,
azadeh_chagha,
sepide_a89,
mohsen_2018_ahmadi,
danyal8724,
firoozemoshirian71,
ahmad136764,
mohammadbeykverdyloo,
followrbank,
najva3526,
sahar_m_s_a,
esmaili__fatemeh,
follo.ir1,
saharkhalaj70515,
afson.goli,
evafitness_official,
masom_beauty,
miladrahimi332,
fatemeh.kh1223,
areef68,
aqayi.tla,
mahan_sport_93,
niloofar5835,
_.tle.kiani._,
saeedrad12430,
vahid_balouch_054,
lyr4393,
sepid.h3909,
setayesh257378718,
w.23370,
epilasyonsirjan,
babakjavan,
____p.a.r.i.s.a____,
fari.m1368gmail.co,
391asbto,
arshicofurniture,
oakleyglassesiran,
miss.________.tina,
eklavia1098,
mlws5958,
qasem.shabtari,
zomorod_decoration,
yalan.donia0928,
moarefe.cinema,
abs_vda,
saharhafezi1101,
f.a.r.n.a.z.i.z.a.d.i.i,
partaa_pt,
nushi.n.j.f.y,
gewellery_k,
roia9953,
zeinab_z1383,
_mahdi_1400_,
naviidvakili,
rezahussaini97,
falgahve4,
dr_khooshraj,
sam__1376,
6157_ahmad,
3209syahposh,
missbahar19944,
persian.pooshesh,
mh.mdly1903,
aylin_40036,
mkhnykhhdy,
modeling._iran_,
aliebadi23,
vahid93364,
hossin_kazemi_tork,
yamenali4,
zeiix_00_,
asmakhademi83,
arzansaray_kiana,
_5sm__,
takro._.h1378,
sadaf.678,
_.m_i_j_a._,
macanweb,
mehrab8266,
miss_shabnam2489,
___fatemehf___,
bzwyhsn,
1.6508,
kirbozorg30santi2018,
omid88581,
fall_ba_movakel_dadkhah,
fatemeh.haz81,
alireza_ami8181,
rsh.2589,
fardin_world,
shayeste_lashartist,
eluxe_handwork,
saraahasgari,
chaka_vak,
saqar.farshchi,
udygc1364,
jafari1512,
nahid._.348,
paree__abrishami,
somayeh.koushki313,
davod.adibi,
mitoo8401,
zia_flight,
kousar_e,
succulentcenter,
nasr_graphic,
rzv.n,
mandana.rastgar,
takprint1tabriz1,
1396farzasana,
sep9440,
rahawhite,
najmeh7_5,
nrzi_zahra,
t_banooo,
fatemeh.rezai480,
ali_arnavaz,
nabeghe3826,
tymwrmsr,
oil_pak_1_kerman,
jahan_group,
behtaaarinhaaa,
azizianahita,
farahnaz.moh77,
pouman.facts,
parinaz._.slh,
shkry77,
foroshe_patoo,
pooriya_hosseini,
sara_1997_shz,
mdy643,
banok_mirana_cfz,
reihan3272,
ali_bakhtiari110,
yf2893,
salvador.a2,
ariya23457641,
jewelleryfakher,
solmazezzaty,
anadeaf,
mahamweb6,
aligaraaaa,
mhmdzhr5029,
extension_mozhe_ahvaz,
alixx46666,
sahel_12373501,
majid_aghighkadeh,
elon2391,
nematnibey,
khotanlens,
yhyylhjhsn,
novindid_98,
arefgholami1300,
5996_hsyn,
shayan1917,
laser.2018.kermanshah,
reza_piran_130,
vaid.ba,
mostafa.ebrahimi797979,
l0g____0ut,
sobhan_pirouzy,
newgin_khademi,
soroshr4377,
hamid.pakdaman0311,
thnyy99,
amirabbas_8115,
hosin7232320,
nasim1372.jvd,
xhestler,
dr_neda20,
zahiribehzad,
_moon_girl_20,
senra.2013,
mi.na8532,
hosein_dolatshahi,
mehrazar.co,
ygiw_s,
rosszate256,
espaneh2,
mohammad_marandi66,
fari___sohi,
farzane.sharifian,
maryam.nematii,
noonoosh_gh,
salehe78.72,
sarasara1767,
amir_mahbi507,
ali_eskandary25,
mahsimaj.73,
anabell_11669,
mohammadfazeli136,
royahhhhhh,
fati.amanollahiiii7776,
hashem_gh00,
eshghiyam,
mvk3020,
hedeh_darvishi,
luxury.tattoo.sorush,
_.sba._block_world_,
bwdhyd7179,
bita_qobadi,
paitakhtsofa,
sibesabze_salamti,
mahsaansaripour,
jevad.jon136,
mahdi.6912,
shimaenglishteaches,
farzane.jamalii,
amir.broomand184,
tookatoys,
no0shak,
naserkhodamiii,
sivanmag,
farahnaz.moh77,
gewellery_k,
alireza_ami8181,
hamid.pakdaman0311,
dr_neda20,
samsal.studio,
chap_cilk_melal,
morteza_hastam_,
anika.sa7,
rezabermooda,
kurd.king.1377,
alireza.r7169,
maedeh7848,
banu_cafe,
nkp.7695,
sdfhmybwslh,
majed.jelodarzade,
sarrrrrra.d,
elahe.667179,
haniyeh_nazm,
toofan_123,
mhshiid.___,
chalesh_shut,
nasirkhandan_music,
behiii81,
saheljavadiii,
saffronhouseco,
lalehjoni12,
dyb3527,
fereshtesohr,
banafshmaison,
insta_bot_ir,
rhl_sych,
siyahghalam77.vp,
mr_ehsan_br,
masae52kobayashi,
solmaz_saljoughi,
sepide.soltani6705,
amandam8087,
ghasedak.f68,
rezarafieihanjani,
faezehaiaty,
najmehnavaki,
hamed58065125,
aaazzznnn5,
yosra._.m,
mozhgan.z.e,
an.na7118,
reza12641,
dr_li_kh2012,
maryam_pakvejdan,
mr.sa.art,
sahmadi00,
9214fatemeh,
nrzi_zahra,
mandi.mazze,
omidzand1991,
mohamadreza.yarahmadi,
sana__abolfazl,
azamsahebzadeh,
arash_graphicc,
my_lovely_angles,
_mhsa_b,
elmira.tofan,
sarainail,
rsh695,
rezamohammadi111367gmail.com7,
syhkhnymr,
hooman407693,
ftm.dailylife,
arezou.la,
parinaz._.slh,
523ef5d6,
mahsan_bigdeli,
maziyar_yosefi,
sahar_akbarian7040,
setayesh257378718,
fati_mn_2001,
iman_nasiri_,
hosein78bagheri,
s__zahra1992,
p.d.graphic,
ghanady_mobarake,
sa.degh5237sadeg,
mahsaaaaa0819,
chmnyahmd,
mshynhydryprs,
payamrezaei2060,
bahar_motaghi,
ngr9063,
moslem_k90,
miradmusic,
khanume_shirin,
sara.mokh_rad,
farzneh_ah19,
ma_hdi8313,
ngr_khddd,
bwtrq751,
javadshamooli,
rahalooam,
elisabeth.1366,
nikooo_surprise,
hod_hodak,
kahtan.kat,
nifty_art_gallery,
awymhrbny,
masab.meshkini,
hoseiny136,
mina_nasiri1,
20isho,
smy___amr,
ali.zar3ex4,
48roz18,
mansourdvi,
studio_filma,
f.gorji6,
fateeme_2038,
sm.nd78,
shrfybhn,
mofidi3656,
hamefan_harif_sem,
amir.92458,
z_i_z_i_83,
mohammad_kalate73,
ya.zeynab85,
ziba.ltf,
bfdhvmm,
nabi.noori1349,
prys236,
venooos.71,
smnh9796,
tizzianaformisano,
honar_vitrayy,
hossin.zohrabpor,
hamidrezatavoli.mostanadsaz,
afshinpaydar67,
siavash_faryab,
saideh.1234,
mohamad_zeydabadi7178,
haji_abdoll_,
masoud_baghbani.786,
malkiebahman4,
rasul._.m,
sh_d_t_6473_,
azimi_art,
poriya1804,
saeid_vishkinezhad.tkd,
tamana291612,
omid.9639,
par.29270,
ha.dis_1213,
aghayarih,
mahdi757510221871,
yasi_joon1374,
azim.baghery68,
ali_m151,
akbarrahimzade,
mohmmdreza1378,
zey6582,
10_crazy_10mmmm,
my.rrd858,
sandali_rak_kalachoobi,
ali_goli5874,
bhnam.morsaly1366,
parasto_khsh,
leili641,
aminmi2017,
niloofar.n28262,
hlm.556,
sheyda._.xi,
navid_jahann,
masih.fit,
f.a.t.eme88,
kosarr7624,
localroot,
noshin.zare,
nasrin_hashem_alagheband,
pardeh_dekora,
sargaziali3720176112,
sanam7448,
syrsalha,
keyvansangabi,
kadooyab,
hniye_zolfi79,
miis_yasamin_rah,
akhgari_1994,
ebidarda,
faa_ma__1999,
susanjoono,
vila_shomall7,
saz24ir,
lida736300,
arefe_hgh,
parvane7078,
roya.6858,
hamedtanzadeh4646,
mehri.1351,
shirin_alhussieni,
emma_m.r_,
pshirzadi5440,
shaghayegh.ms2073,
aboyoosf85,
mrestate.ir,
af2188009gmail.com1087,
marii_shah,
garshasbforozan,
ayda_alef,
raminadibzadeh,
amirali.diver1990,
_.neg.m._,
shabdar1010,
n.dns,
nadi3516,
mohammadjamshidi___,
maryam.hri2771,
m.esskandari,
mina_amiga,
toseepay,
hossen_amanni.1,
reza19753293,
sinasingmu,
aliahmadi715715,
nafas_.19,
behnaz_karimi1372,
kiyana.alizadeh,
sadratattoo,
saghitoon,
sahar.ejl,
farbodsaber76,
pouyashayeste,
owjhonar,
abbasalipoor25,
turbinasocial,
mahdi_safilow_guitar,
_b_noroozpoor,
alireza.hamidavi,
faramarz3123,
ms.tfy2575,
cristiano.iranian.fan,
r.a.f.i.g.h71,
quelitaramirez,
rezakordiyan2000,
breezepink,
alirezamardaneh4458,
3532.zahram,
a.s1286,
shahrzad.keeey,
moslem_gordahani,
fateme_shrif_79,
evin4774_,
miss.parsa4,
_nedwahmadi_,
banooatena,
nastaran.t3873,
alp_tour,
madezma,
salar.ebrahimi.353,
_iamshayan_,
a.mohammadi.taj,
lyrd_9,
arkastore1,
2farid_mahmodi7,
salehe78.72,
sareh_kzmi,
reyhane_ashorii780,
somi.gh,
m.jafari6251,
ajyuban_hair,
alfered_es,
memari80,
anjoman_brand,
mohammadreza_arjomandi,
graphic_anar69,
carwashdariush,
niousha.hosseini,
an.ita6410,
bahar7073000,
sadaf_.mk._,
shryfy8582018,
somayeh_karami73,
sara_9603,
mehdi_alidoust12,
rezaghorbani1396,
mo.hamad6487,
hashem_gh00,
msh_bean,
mah_sa__ap,
fariba_soorani,
nahal._mn,
fatiii79_80,
marziyeh_pa3,
_vip315_,
marzieh.ghadiri7,
bw6592ly,
matin__abdii5,
hashem._.talebi,
footballistha90,
14mosavi,
_moon_girl_20,
khodadadi696,
atieh5600,
souchenaccessories,
syrsrnwsht1738,
poryanegar,
royashabani4253,
ali.mohammadi06212286,
ghasem.2018,
elaheh7960,
fereshtehjo0on,
symkhmjdyn,
mesgari45,
new_sha.gh,
par.8485,
rohollah_javanmard,
mmmm20172018,
mahdi.ghafouri869542,
jila.afsss,
negnoolla,
sajad__mn,
vp_melisa,
setareh_n._.z,
fariba135798,
wallet.qtr,
paint__sa,
abbas20amir,
arminjeb,
saratehrani198,
___.mwhd_,
bdy.sydmstfy,
toranj.gallery2018,
mohamad.gohari1372,
mymkaf,
majid9329mm,
m.bahrambagi,
moradakhlaghi,
ashkantanha72,
iyda.al,
kamran_1277,
laghari_online,
sabaramezani20177,
shamim_gh76,
amin._nikzad,
kian__1370,
darmangah.sahami,
sn_design1,
hamid.hsn,
faruq_amini,
niloufar67553,
_rahil_sorush2260,
fatemeh_abdoli78,
ali.mrd021,
kawmyawr,
helia_oladi,
arsalan_niyasatii,
mojtaba_es7588,
a.shabani11,
__.amir.hossin.__,
ata.cfz,
mobina.hjz,
i_.yalda,
septa.beauty,
_dokhi_rezaii,
telmaa9277,
nafas_joon902,
marzieh_fzl,
mogaddam_9531,
m__marjan72m,
sarohaydari3611,
tmnb6,
hamabachak1449,
marziiieh_dargir,
83.24767,
n_i.h.a.l,
afsaneh.ghashghaei,
cheebellashop,
hasanzadegan4748,
popular_.20,
akbar_heidary_73,
mvk3020,
erwin.shaylin,
sydmhsnlhsny,
amin_.a2,
mehr0987654321,
soheil_31_,
nstrnbbz,
morteza.yusefi8,
balavimilad,
ali00012334663,
poker_casino7,
red__gallery,
jahanbakhsh41,
mozhgannayer,
shkry77,
rahbari.tabrizwood,
fatem134678,
__.zohrehsoltani.__,
parisa_540,
jamshid_zaman__135_______,
samandezyanian,
farokhi.hossein,
arwsha94,
eliiiiiifathii,
mshpt2013,
ft55183,
lucaffe_bu,
chyafayze2018,
tehranmobilecover,
abas_khani68,
hoosin59,
aroosak.das,
dkhtrmhlma,
nahid.h9948,
amir_pv_22,
lesliedavid88,
zahra.delgir1979,
mahdidada75,
_._sarina_._1384,
vahid__6777,
sevda_2813848,
hosein_6004229,
_adi_badnava_,
samira7469karim,
_.peranses.__n,
mahnaz_moradi44,
__reyhaan___,
sa.1390.as,
nazy79tajik,
hossein.ghariby,
zahrasaidi1997,
asaeil_musician,
_.milad_keymaram._,
aref.kiyan.888,
_fatemeh_mortazavi_,
bahar.rbr,
negar.aaabbb,
liya591,
fereshte_6842,
pouya.joo.1369,
manii689878,
ganesh_gallery,
alishasevan,
behnam_madis,
mobin_nadi4845,
kimz_kiki,
sabzi__market,
dwt_co,
mehraban6655,
fatemeh.gdr73,
36.27952,
_fatemeeh_kh,
majidgolshanirad,
xf_cr7_,
melissak68.mk.km,
r_khojasteh,
mr_mohammad_045,
mahsa__21m12,
yldaw_z,
djanim_pg,
mostafa_abasi372,
joannaestefani.dominguez,
mhar.banoo,
ali_bakhtiari110,
farhangshahr,
9.amir.hossein,
mohamad.jebelli66,
zahra.s2222,
elham_reza1390,
_.m._armaghan,
kima_ebrahimi,
eli13767396,
arsham_rahmani2,
mahsa_a_17,
_milad_javadii_,
mahsa.azimi72,
saied.qlndr,
benyamin0022,
marjan_shahin_120,
hoseyn.sorna,
amir_hossein.r_18,
sharifi759,
hossein.barmar,
rasoul6768,
dimagoldgallery,
zanbil.iq,
resoo8,
saeedjalalvand1990,
reza__98__20,
maryammmm899,
dark.mo_on,
_yamyn,
_alirezatalischi.fanpage_,
snzmswdy3870,
lavan5567,
akbar_sharifi5354,
sharifijf,
faezeh.dvj,
darya.gallery1,
idea_new71,
r.ab2ollahyy,
chimera_life_,
spring_girl38_,
zarei3538,
behestajam690,
ebiii8132,
azizianahita,
_fit_star_,
amirreza99r,
abbas.darvish,
newshaherbaltea,
miss_n_goli98,
kosarjahani_75,
ghazaleh_sheytoon,
gheisari.amirhossein,
asadi19,
gazelle.jolie.official,
majid_mmk_011,
mehrzad.r10,
thebest_brands1,
marefi370,
ali.alipoor3497,
fa_temeh9037,
soheil.ebrahimian1,
negar_charamin,
nstrn1822,
_.leilii___,
zahrahashemi209,
mostafa_mosayebzade2637,
kiaan5997,
raziye_sajjadi,
samiyar9195,
cattleya8564,
houman_eskandari,
emad_9763,
4.mandyb,
shaghayegh.shahidi70,
heidar_313,
denostudio,
erfansl,
mobna.od,
_silentmovies_,
masuodmasuodasadi,
lucky_sport_team1,
khesrowjan,
elnazjavanmardi2020,
mohamadpour7443,
mohmmd4683,
arezoo.ahmadiyan,
saeedfh9991,
ysgtdg,
taranom_2290,
__keyhani._.mehdi__,
mahdi_yazdi_art_work,
tofigh.next.k.sgmil,
mohamad.ebrahim.koochaki,
taraziemad,
m.hayati3725,
gha2226,
f1ri4_k1998,
ali_r_h1,
sabasoltani1382,
31.26544,
hosin7232320,
bahar.nry,
ssooggooll1,
mohammadnoor_radivi,
fateme_mohammadkhani,
amirr.afrooz,
jlamourlavie,
sheyda_bkhtiari,
shayan_jahanbakhsh6860,
forever_._f,
ateeyeshafiei,
baran.122000,
mylovemahdi1371,
helia_517,
yasmina.9.m.8,
ali_sedigh1104,
meloodinaz,
kiangaravand2361,
zohreh_narimani_2001,
_eli_mh_,
zariii.a.h.a,
mhdybhrmy200,
mobin_0408,
hamed0939215192,
1374milad3243,
khaled_zarenjad,
didarmusic,
mansoor.mh64,
mahdieh_8206,
shano_designco,
saniya2777,
navalpirzad,
mty7024,
saehtanha.mm,
atyhoma,
sepideh.fattahi.design,
printchiir,
miguel.graphic_rozo,
hossen_rashidie,
hasanhosseini441,
_majid.farahani,
jaeee129,
arayeshii.bahar,
fkazemiii088,
amirgabarifar83,
mehnooshdavoody,
sd.3027,
dhymshkhl,
mehdi_3576,
hosein.mosapoor0615,
mahmod_gh8,
se._1859596,
rozhan_joni,
hamideakhlaqi,
hamedshabibi70,
hadis_za547,
maede_r7945,
husen7715,
nazi_rad3779,
raeekadolls,
ghafourimarzieh,
moslem411,
1350prm,
tecnicatupler,
kimia.1.3.8.0,
mobin_0408,
ormolu_mounted,
mahsan.mlk,
forouzan_eyelash_work,
abbas19887335,
melody__land,
mostafa.f4211,
a1s2d3f4g5123456,
khadamat.fani.behrouzian,
zohreh_narimani_2001,
amir_pv_22,
farzane.jamalii,
mahdi.6912,
no0shak,
azizianahita,
gewellery_k,
hamid.pakdaman0311,
gelyansaara_javad,
navid_rezvani2319,
marii_shah,
leila.shadboostan,
pariazamaniii,
amirhossein_mirabi78,
na.rges3475,
doctor_mobile_mashhad,
aydin.amani,
alame63,
__m_a_nt__,
poriya1804,
marzieh.ghadiri7,
flowermina,
zahra_sedaghat_110,
aamirreza831,
nafise.jalili,
dr.m.r.r,
dr.h.baghi,
termeh_stylinson,
dalya.9889,
ms.gergeous,
loopshat_photography,
hayde.02281,
ramin_toh,
ro.ya2775,
alireza.e24.njf,
donya.tina1395,
hajizadehhojat,
maahsa.n60,
mohsen_14k,
fahad_sh_2018_,
rustik141491,
_.khanume.kaf._,
hastimohmdi,
fashion_artiste,
artamag_page,
fariba_g64,
amir._.artist,
mina_amiga,
sefidroud_,
mina_khazanedar,
maeede__tm,
mozhganbnm,
___hwnih___,
minoo_.79,
samandezyanian,
shafaq_card,
behnam7182soltan,
mohammad.reza.cheraghi,
erf._.gh,
asemanshhr,
lara.broglia,
rahiltehranian,
fazeleh.n9,
miss.hd.061,
a.tima89,
ashii_72,
eyelash_nastaran,
negar_montazeri__,
furushe_khate_sabet,
_seyd_khaled_,
afs170,
baharhoma48,
_miss.ghz,
sa.leh3060,
mehdi_rahimi_7,
pariia.paryya,
_yekta_sd,
saman3006mm,
ahmad539reza,
solmaz_saljoughi,
ali_bakhtiari110,
shahrzad.keeey,
noshin.zare,
miss.ili73,
nushin_009715,
jrydymhdy,
jalahi.rasol,
f._.b6836,
mehrzaki,
kassy_palang,
1388rali,
alichucki,
laleh_h_75,
atash2846,
farshidkurd8,
seyed_reza_hosseini14,
saeed.bz1347,
m_a_1103,
missmari745,
rafyi9139954046,
masoud08712,
hadis_203,
farzin30903394,
ehsan__paseban,
a.sobhani54,
mahsarahimi376,
blue_mbn,
olya512512,
hidden_accnt,
selgie_fatim,
noghrehmahi,
helia_oladi,
shkry77,
_mhsa_b,
saideh.1234,
soros_bazyar,
kiana__a.m,
sheida.akram,
abdla40,
numb_s21,
345.125,
xc.shabaneh,
naneshqmotoor1000,
venus.sh2679,
9999.gimeilnargescom,
nrgs_xe,
reza19753293,
_raminkh_,
fatemehkt_,
mah_sa__ap,
mahsan_bigdeli,
shirin_alhussieni,
aminmi2017,
kaka_sajad__,
pooya_th96,
new_sha.gh,
hashem_gh00,
abolfzlasgri446,
ali.mosavi.1365.008,
m_a_e_021,
_fatemeh_mortazavi_,
hojjat____sh,
komeil_takparr,
fekr.aram,
samintaqavi,
dkhtiran,
helmaabolfazl697,
el.tekie,
nilyas_beauty_group,
wilsonjuniorwad,
frymkhbynt,
_.parisakarimii,
majidjafari6372,
mehdi.prz.1995,
mohamad_2737,
zarrar_70,
qysr3236,
shaghayegh.f.97,
yaldaaa7200,
king_mmd_79,
sabaramezani20177,
7_taher_7,
yasi_joon1374,
_shahrzad55_,
hossein_mohseni_g8,
hengamehchk,
alireza_vahedian_official,
m.sun.20_,
shko_taekwando,
el.niknafs,
as_5728,
elirezaei1360,
bluzzer____g,
farima._.n,
mr.ahmadiii_,
sarakhanom0210,
mobleman.metal_sanat,
elham_ahmadiiiii757,
kashmirhali.ir,
salarmaneshi,
mahmoodreza_h.s,
hesam_khalafi,
omar_afg27,
ysr.6466,
ndpdr,
shafiee.reza30,
maryam_h.v_,
pariia.paryya,
alirezajedri4842,
fatemeh.mahdavi75,
phototajrishi,
mvk3020,
hashem_gh00,
aminmi2017,
jenabe_aghaye_afsardeir,
maryam.6572,
lhmm8331,
roya.aaa2621,
mobina_id576,
samanee.abdollahi,
mahsa_bjs,
ali.salary.26,
an.ita6410,
10_crazy_10mmmm,
shkry77,
realmahsa60,
saha.bn.m,
_arezoo_h__,
iranianfreeartists,
soudabe_ramezani,
nrzi_zahra,
mo.hamd4854,
el_ena883zzn,
leilaaaa.b1265,
yeganeh__rmz,
poya_kurd1996,
m.oo.n.a.m65,
channelfxiran,
chimera_life_,
kheyrosadatarefe,
samane.y4805,
fa.pazhoh,
bluzzer____g,
mahdi.6912,
farzane.jamalii,
mansorhanifi,
___marjan.babaeipour___,
reza19753293,
no0shak,
gewellery_k,
dr_neda20,
sepivp,
mozaffar.m,
nastaran.t3873,
fatemeh.71950,
mohammad.taheri1378,
rhmny5369,
samira_mirahmad,
hallahyarri,
omid.sani.59,
alternative2018change,
ghafooreyan,
yasharkhazaeli,
fatiiii6795,
moein12012,
aminvakili1368,
sofreaghd7,
sara_1356j,
haj_hossin_meshgini,
armyn1776,
raazeafarinesh,
mahdiahmadidamavand5,
aliw_w,
sepidar_blt,
bano.mim75,
m_borvayeh,
arashfarsi7575,
merajgholami1374,
noisy_boy_boom,
miladrahimi074,
mehrnaz__nr47,
amir_ali3333776,
shaditavousi,
i_i222q,
shahrokh.bagheriaghdam.orginal,
mohammadfaraji3849,
lwylkhnqyny,
___marjan.babaeipour___,
mina_amiga,
maryam_pakvejdan,
keshmirireyhaneh,
khalajartstudio,
edris.ahmadi1374,
ageil.h,
9327mahmoud,
mohammad_piryaie,
aminmi2017,
hashem_gh00,
qazaal.amr,
maede_r7945,
4mahin4,
niu6262,
aaaaan4486,
melika669,
ne__gar,
persiawanderlust,
mm_sarrraa_ss,
azadeh.nedae,
yas_kavoosi,
nahid.shmsi,
hadissss23birdy,
zamani_weddesign,
ryhn__121,
erfanrezafar,
itak.co,
mah_sa__ap,
fatemehkt_,
_.swhrwm._,
chimera_life_,
dkhtiran,
noonoosh_gh,
salehe78.72,
amirighasedak,
pardisa.zk,
sh_d_t_6473_,
nasriin.hh,
nastaran.t3873,
shbgrdtnh5259,
fatemeh.k1396,
love.0974,
sosan8481,
zahra.67682,
uaklahzh_tvir,
sheyda_bkhtiari,
marziyeh_pa3,
shkry77,
_karkhanechi,
_.bitaaaaa._.st._,
_.ph73._,
mahdokht_m69,
nushi.n.j.f.y,
mahnaz_moradi44,
sasanniakani.sn,
marii_shah,
masood.nolove,
shaghayegh.f.97,
shima_shayesteh021,
mr.datis,
parvane7078,
alimn80,
km_morteza78,
ayob_baluch,
ft.pratikpatel,
ardalan0670,
f_ahmadian_,
followers.mahshahri,
raaana70n,
noshin.zare,
fateme__a73,
miss.kurd.ilam,
ensie.1995,
toranj_asilzade,
samaw._071,
_roja_gallery_,
fazeleh.n9,
mozhganbnm,
elhambabaieawesome,
mohadese.hamid3688,
arzo_w,
mohamad.mir2663,
sina_sm1991,
marjansedaghati_official,
mdominic,
queen_rokh_sa,
abdin62,
mahya.khosabi,
saeedsiavoshi6297,
sima2323hh,
rouzmariie,
naeime_80,
wood.king692095,
mehrab.m.79b,
n.ch13604827,
shwana.taqana.75,
sarinatalakesh1103,
diako_store,
rahe_abrisham0099,
gap.affical,
morteza_chrmi,
amirhosseini1975,
new_sha.gh,
ali_4614love,
sharare_______,
zahra_anaei1390,
shararehman,
alireza.salehi1377,
seyamakchef9926,
saleh_minab_22,
findwhoapp,
13hojaat74,
rozita1349,
shneia.90,
elehi_bakhsh,
sistangraphic.ir,
hosainmosavi773,
pariazamaniii,
zzr60,
mmdy68,
raz7176,
fereshte_6842,
mahdi.ghafouri869542,
mila__group,
_mhsa_b,
mahsa_k1994,
rezazamani08,
ali_reza_esmaili_71,
amirhosein_68.03.14,
solmaz_saljoughi,
shaghayegh.ms2073,
carliz.ir,
rasoulomidi90,
nadi1150,
sabaramezani20177,
marzieh.ghadiri7,
ortdvodb,
samandezyanian,
shaghayegh.shahidi70,
mohammad.nasrollahi_,
drywshysh3795,
mrs_maryam1270,
mohammad.47.g,
visagemisako,
gangester5880,
mona.teimouri,
sahel2afm20010,
hafiziipe8600,
abaasghasemiarak,
nahid.h9948,
mozhi13800,
t_asadi,
9214fatemeh,
bhroozbizza,
nillliom.zed,
majidsadeghi13701396,
starnoosh.newshan,
dekorasion_negahe_no,
sheida6702,
yosef_ech,
dokhiok_baloch_luxury,
ti_na8017,
_aysan_kermani,
special_692,
mswd4452,
zoh9943,
mehran.573726,
zzar4937,
saeedshabgardetanha1380,
sheida_msd,
mahsa000994,
ahmad.tabriz.live,
havatosshop,
amin._ney,
fati.vy80,
amirblack0000,
tour275,
hamed_mirhashemi,
hoshay_ayad,
mo.jtaba1464,
pardis_andayesh,
twhyd602,
mmd_mo17,
dodgeviper8808,
mohamad.br0,
pooya_ghorbani73,
mnz67mn,
1089atousa7,
soheil_.md,
1924.mehdi,
hadi.karimi.1485,
tnz__z,
pooyafalah2,
senatour9505,
kim.w._,
hmdkhrmy39,
darya126145,
alyasramy997,
miti.life,
sara_khyabani108,
miisfatemehk,
azizan408,
mehrnaz__nr47,
___marjan.babaeipour___,
vahid__6777,
abassmosavi30.gmai,
s_a.jad,
r.razaghy25,
mvk3020,
hashem_gh00,
fatemehkt_,
shkry77,
julianarodrigues1654,
roya_alikhani54,
kiyasari1371,
tiina.nykyri,
gorjie11,
_eli._.gh70,
amirgolestani58,
shivaji616,
amin.9643,
hadaf_english_school_2006,
happyy._.girll,
bahar_aaz,
merajgholami1374,
vasilevs13z,
mehi4423,
aminmi2017,
sargaziali3720176112,
mohammad.zaeri8104,
parvin.sh.80,
qazaal.amr,
yas.sh.89,
m2love.8191,
mohammadmahdirooh_pv,
samandezyanian,
mina_amiga,
mahdi.ghafouri869542,
niloufar_mika,
mhmdslyhwy1884,
reza132819,
srra_md,
hassanboykha,
fatemew._kh,
zadr6551,
gonahbaran,
hatamicatering,
akr9585,
badkonak.irooni,
daryam_17,
daliryan_roya,
sima_b.2015,
53_4719,
leyli__photo,
elham.r1379,
kura.malek.3114,
__fateme__7723,
shahnaz.mohammadi6166,
mmmmmmmmnnnn8888,
fwdjn8,
mh_sn9029,
dr_neda20,
mmmmmmmm3410,
arash.siroosi,
qbl935,
mahsa85332018,
__raze_rang__,
bewarbamarnygmail.c,
milad_422,
bstgmshdzhy,
zabiullah_sultani,
anisa.5518,
shirin70a,
arosakesefareshi,
omid11javid,
mnz67mn,
merajgholami1374,
mehrnaz__nr47,
___marjan.babaeipour___,
pariia.paryya,
amir_pv_22,
reza19753293,
farzane.jamalii,
no0shak,
missbahar19944,
gewellery_k,
fatemeh.haz81,
hamid.pakdaman0311,
donyayekoodakane.kodak,
aminmi2017,
mahsan_bigdeli,
nilgon7715,
themoderntlr,
ftmhmhmdy55,
ho3in8936,
my_wish1529,
__graphist_r.z,
safouras68,
aygibiii,
_alitaghizadeh,
sharareahmadian,
shkry77,
sina_sm1991,
bigprinter_uv,
rednosedhermit,
sajad.kadkhodaei.1996,
732.akhlaghi,
fatibs7188,
modashopir,
ya_sa.__.man,
marziye.ahmadzadeh,
mobinafoladi,
nazi___bs,
bellissimouk2,
mhdyfrhdynsb,
shaghayegh.f.97,
marii_shah,
fundapetek,
marzieh.ghadiri7,
hinacharm,
parvane7078,
reyhaneh_parsamehr,
reyhane._.rostami,
helia_oladi,
behzadsgirl,
marjanmashhadi4023,
maede_r7945,
ymhdy805,
shiva.zolghadr,
miladtkrr,
artist_naghash,
lilia.soap,
h03ein_3445,
khatere_t_68,
eli._serendipity,
__qazall_._,
allsport4,
nilofar.m.1371,
life_hopefully,
fa.zariiin1993,
sara_la_1365,
haniye7_6,
moosa_pesare_khoob,
axrow_pic,
zohre.naseri7797,
h.sharif.63,
hzmf74224f2018,
baninnazari3211,
h.kalantar1368,
tt_nagi_012,
asgharunique,
hashem_gh00,
srlkhmjgn,
ahmad__77923,
baraaan__s,
sonya_5580,
garshasbforozan,
barin_aaa,
mehrina_design,
sefo.9.5,
barber_2057,
shams.nekoo,
sainaf65,
milad57319733,
arshimohmm,
korosh.arzani.mis,
motivational_page_for_life,
_mryamfra,
sohil_afzalzaei,
miiss_____m,
gallery_diomond,
siminsoli.80,
mohammad.47.g,
dr_li_kh2012,
mina_amiga,
hoda.f2,
afshinn_abadan,
_._m_z_._2,
farshid_teimoury,
tara_esmaeli,
mds_gallery._otdi,
s.rabiee1990,
danesh_zahra2020,
fateme_b_u,
solayman1363,
sahel2afm20010,
tamer_ahmadi7,
omid__negin,
hediw._.9,
myryshfyqllh,
rajabakb,
moharameffaty,
itzz.lyla_,
meli2001.80,
ww.w.minagolzar686800,
omid_akrami7,
sadaf.y5,
mohammad.reza.marfavi,
jn.q8393,
hboy1221,
ibuus_funny,
jalil_baloooch,
arshin_art69,
mehrnaz__nr47,
___yahyam,
assetareh,
navid__potentate,
m_beneslou,
miss.farjood,
esfandi1376,
sydy7687,
salamati_ba_yegane,
newshamagic,
hani.i_z,
kyatehran73,
so.lo64,
atfh3474,
mohamadamein3611,
28.30542,
parisasalmanzade4,
masodsolhi,
mahdisarmadi1357,
burax_food_machinery,
eli._serendipity,
shirin70a,
mnz67mn,
merajgholami1374,
sarakhanom0210,
itfhjrscbktsxvh,
s.m_graphist,
baadaameh_team,
shima_tadvin,
atefe_drn,
nooshinhaez1662,
amordadiiii,
rana_shahabi58,
gandom3829,
m2love.8191,
omid_rashidi_pashaki_,
agha_mohammad74,
gallery_lili_pout,
hossein_savadipour,
shabnamrastad,
elnaz_13688,
zomorroddesign,
mommy_ladan,
hamidrezatavoli.mostanadsaz,
faramarz3123,
garshasbforozan,
are4601,
_eli._pr,
helia_oladi,
_.sepidex._,
r.ab2ollahyy,
goody_cooky,
ya30.ym22,
arezo.behshtiiii,
misaq.77,
elixir_kbs,
karimiyanshahriyar,
hashem_gh00,
mvk3020,
girl_le_sol,
zahra_71_nurse,
m.alizadeh982018,
shirin__bakhtiarii,
ehsangholinejad,
kolahdoozan76,
land7054,
ndamslayy,
_fatigh,
setareh_gheimaty67,
at.ht,
alaeibaharak,
arosaknamadishop,
erfanehmirzayi790,
bahar_baboli3810,
shaghayegh.f.97,
shkry77,
sheyda_bkhtiari,
niloufar67553,
mina_amiga,
marzieh.ghadiri7,
jila.afsss,
mahdi.ghafouri869542,
ramin_esd,
mohammad_diba,
sa_motallebi,
na.fas3751,
saharfon0oni,
qu_up.3,
__shi_ni_ya__,
nicolezulloart,
mosaybjalili2515,
ftm_r.77,
asadpoor_1998,
_.roya._rz,
ava_bs,
majidamiri355,
maryam.ir5315,
shirin_fakhraeee,
_nazanin.hy_,
aa8558574,
aminmi2017,
kazem_zadnajaf,
anahid884,
maede_a.z.d,
_mon2015mah,
rrousta6624,
nazi___bs,
nahidasgaridesigner.5847,
ravan__sedighi,
z.iriak,
zahra_foroughi_beautysalon,
mojtabaazimi_7828,
mohammad76211,
emadi5969,
eghtedaripour,
abed2167,
elahe.tabasom,
shiva__hamidiyan,
meysamghanbariii,
samandezyanian,
shaghayegh.shahidi70,
faezeh77_1549,
mswmhnrymny,
skafeeldd,
sahar002018,
saber.s.17,
ali.ghanaat_silver,
mahdifoladi4,
aby375,
ali_bakhtiari110,
mohammad.47.g,
naeime_80,
moshaver_stla,
wood.king692095,
gallery__24,
zabihajizada,
dnea_mziri5913,
mojtabap1979,
parvaze_royaa,
fereshte_6842,
milad__khodabakhsh,
nastaran.t3873,
fandogh_chocolate,
hanif_rahimi_pour,
mostafa_babaei.gfx,
behnaz_dian_,
tavassoli_gr,
shahrouz_esmaili,
aghajani76,
dj.palmy,
janet_decorpassion,
mohamad.ebrahim.koochaki,
hastidn999,
miss_far_k,
elnaz.kam.96,
___________eda,
s.forough.f,
safoora9997,
fatemeh56388,
fereshtehofi,
somaye652,
elnaz.f.n,
eisa_salehi_68,
reza_912r,
nahid.samiii,
ielmaa,
farajiananis,
10_crazy_10mmmm,
mehrnaz_b9,
sahel.miri_,
sanaz__kh.98,
shima_yaghini,
masomea5741,
sara_yazdani_76,
moghifi2,
ferlytoisuta1,
manaaaaa_chef,
fm98ny,
____mahllla____,
korea_23345,
mahna6500,
sezarghorbani.official,
wlydly6441,
baharwww304,
shaqaieq_e_penhan_,
miss_bahar5438,
elik7522,
asal_bahrami009,
blk._.king,
azam.gh838588,
pazooki_ali,
saeidsd5,
shahdt1397,
tayebeh.shahrokhi,
zohre.naseri7797,
shaditavousi,
zohreh_narimani_2001,
dr.afshinmontazer,
mo_0937,
ww.w.fatyir457,
ensieh656879,
m.p_1372,
haastii________,
s.ala.msv,
mehrsam7413,
negar__hal,
parivash_mkh,
mahdieliyasi23,
mosaib70,
maferlopfig_,
ali_yam_sdri,
ftm.ms_,
arifbati,
sasan_mohebbi_6197,
parisa_hasani77,
fereshte_.bn,
amir_patrik,
anjoon1371,
naim__1377,
maryam.__.jn,
mojtaba_porebram,
s_chgh75,
behnam_niki10,
ehsanrejebi,
fandogh__s,
daniall5320,
iamaydaaa,
lord8atzio,
_sara_box_,
miss_______fereshteh,
fatemeh__en12,
malihe.kd,
aryu_malekfar,
khaterehhaye.mandegar,
kavantamari,
zhr_bjb,
m.shakori.1,
amirjafari200,
brfani,
rezaz.abbasi,
david_dackali.raad,
parisan.qadiiiri,
saeed.bozorgmehr,
_mhishm_,
gole__yakh74,
ali250_1152,
mehrdad_tanhataren,
hsby7,
ma.soud3637,
negar_almasii,
mahnaz.gh.k3292,
ahvazinstta,
samafalsafi,
mahsa5035,
malih.a_1394,
hediiiing,
art_h2000,
dorsa79ni,
shabdar1010,
mori.alef,
aram.soltani.9999,
mahla_078.18,
qazhal_7166,
haidehmoazezi,
melika669,
fatemeh_golmohammadi96,
kajal_gallery1396_shabnam.h,
bayatkaren,
pouyabashiridesign,
hamidreza.pn1333,
tulandesigns,
atefe_e_kish,
tacnagami,
ali_shamshiry905,
zari_esf73,
maryamagah_72,
davodsafari79,
parnian5837,
ribbonagift,
partaa_pt,
amir.h.yavarian,
termeh_stylinson,
maryam.fallah6,
reality.1962,
zahra_o_58,
ne_asadi1361,
___brfz___,
elii.a_pv_,
beb5948,
szazkxkxk,
tairus_gems,
lailamabchour,
__mobiz__,
sara.____.mhb,
____spring_girl,
bnwgly9794,
yousefiisadaf,
sepehr_o_o_,
mahshid2191,
kawaiikowai_,
s.heydargooy,
fatemehkt_,
meh__rhn7,
diar.bakr.752,
rd._23,
zohre.naseri7797,
bahmankazemi1369,
imahlay,
farzadzx1240,
d.naseeb,
alikhasteeee20,
eye_graphy,
tikgram_,
otelsekersu,
sisijon.2012,
agha_mohammad74,
miss.farjood,
shirin70a,
mnz67mn,
merajgholami1374,
alirezarbm,
shakiba_behzad,
mohseni_official,
zahraahmadi7899,
8shayan0,
es.ech.sadat,
dream_._life_,
3sootkado,
qazhal_7166,
fateme._.akhtari,
hadi_7622,
khosravi0919,
ahmadvand66,
mohamad.ebrahim.koochaki,
anoshiravan_tahmasbe,
lalehjoni12,
farhadsoogi,
arezoziba13619479,
kiodada30,
royal_cabinet_mdf,
mohammad.47.g,
m2love.8191,
samane1s1s.2324,
amiralibaratii,
mhybgytth,
shahinbh97,
david.mahfar,
dwst7440,
afsooontattooart,
sisijon.2012,
agha_mohammad74,
lusin_lulubaby,
nastaran.t3873,
raha.hamami,
graphic_set_designer,
so_na_alizade1368,
mozhganbnm,
sam.srv,
narges__mvs,
matiin.mohamadii,
m_sadat_arzie,
shaahin.sk,
dr.rezabeik,
sadi_pic,
kish.com_,
hanan.1371,
amirhosein_almasi.a256,
oiwq3479,
mezone.fashion.madmazel,
shokirzodakhasag,
lo.rd280,
alaeibaharak,
mo.__.bi.__.na,
termeh_stylinson,
art.f.m.khoshnava,
fatemehvaramini,
houman.h1365,
medigraili,
j.mohebbi60,
hasan.fardipour,
sajjad_ghavampoor,
parisasalmanzade4,
fatemeh__en12,
yas_flower_mrm,
kossar_tr,
sara__mtbbb,
samintaqavi,
mitrayousefi9,
kavari00,
sosanaz6408,
zari_esf73,
shaghayegh.f.97,
hsyny6482,
handmakedolls,
hun6561,
kamrann.abedinii.19924,
aminmi2017,
ma66mm68,
mozhdehsadat_h,
sooraty55,
mxublog,
neda_vahabzadeh,
_delaram_gholami_,
asadamani,
s.arezo.77,
poryajavadi13691,
moolamohammadesima,
hadise_ghorbanii,
nooshinhaez1662,
newsha.health.center,
italianovero.co,
koohsorkh,
sharifinima93,
cherasoo_electricity,
miss_mohi_a,
mahdie.behzadian,
saeed.kormanj,
pejmansepehry,
hashem_gh00,
sohrab_shahin_cr7,
rozhina_jabari1377,
hooriye.s,
navidpurreza,
mina_amiga,
mahsan_bigdeli,
saqar.farshchi,
pariiiiisa_ramezani1378,
mahdi.ghafouri869542,
samandezyanian,
shaghayegh.shahidi70,
fereshtehofi,
behnaz_dian_,
tfunn.ir,
charmpasargad,
msashakiba,
zahra.75.75_,
roya___kazemi,
iran_banooo5750,
mohadese_salamati,
zibaeerosha,
dnnasl,
sanziygbi,
reyhane8835,
zahra2bi,
solmaz.zomorodi.f,
faridehjalali_,
niloofar.rastegarfard,
helia_oladi,
mohsen.__.ely,
afshinhmz,
ssh93903900,
jila.afsss,
abbas20amir,
mah_sa__ap,
refo_olin,
seia2726,
habib.zare.64,
hadissss23birdy,
elik7522,
shkry77,
vygems,
toranj_asilzade,
themasiqc,
mohammad.dalton7,
parmida_021_82,
el.tekie,
reyhaneh.swimming.key,
barbermahdamad,
zolfimoslem,
mh._.codding,
miss.farjood,
beigifatemeh,
hamid_art2017,
miss_bahar5438,
o434x_usx,
sogollashgari,
mina_rdm,
aysoo1355,
rez1mr,
anahita4146,
mahsa.mohamadi.music,
niloofar__mp,
javadasayeshfar,
panida._.sl,
r.ab2ollahyy,
nargessoleimani_69com,
shirin_fakhraeee,
as.mohamadian,
nimabozorgani,
umbra.jz,
siyahsefid.adv,
ma_sobhani66,
fazihemmaty,
sdqrngyn,
zahra.18227,
maajid_she,
mohammad.z.z8,
auto_servic_milad,
__zahra__.kh,
s.khoshkhabari,
raana1019,
mary_rh_32,
yones.tek_taz,
shirin70a,
m.r_5050,
mnz67mn,
merajgholami1374,
shaditavousi,
black.point1demon,
mohammad.__20,
_.neg.m._,
sima_shokrollahi73,
mmd._alizade,
akhavan.mojtaba,
kafehcheshmeh,
ardalan0670,
new_sha.gh,
amin_paxii_,
roghayeh5964,
faride_mqi,
i_ali_yari,
farzaneh.daneshmand.j,
majid_malawan_,
aliii3291,
davood_.bajelan,
shin.ghp,
mahnaz_rz1993,
_ftm_hz,
samo898989,
ddonia137777,
safari1662,
arsalansalon,
mohammad.far9388,
azam.gh838588,
manahgar,
roominaqorbaninezhad,
mojik_kenari,
hossein_varmaziyar,
vaheedbaloch5,
6mosavi9,
sa.san8533,
modinaa1,
_.sepidex._,
sara58_v,
dr.yalda3648,
shirin1893,
afsaneh7548,
mzhry5925,
mohadde3e_af_,
elham.falll,
mahsa1191370,
ali30053ali,
goodarzisarina95,
majid69y,
parvane7078,
fari.jooooooon,
dele.sa,
sezar7665,
shadi_jsd,
rosejuliag,
mhdi_ahmdi7,
m_haji61,
___.rashidi_,
banooo_miiim,
ghazal_movahedii,
sajad__mn,
goldenstar699,
rezasalehi.takset,
mohamad.soheili,
golsahraei313,
matin___mahdavi,
mah_laan,
hadismohamadi71,
dnea_mziri5913,
siamak.kermanshah.lawyer,
shokofeh__k69,
hasti21747,
saeid__khalilii,
yonesmirzai7676,
aliqasza,
seidkargr,
maral45586,
nfdd.ap,
m_hp000,
shayan__jafroudian,
amin_epicur_0,
esmail5183,
hadijoon4343,
jnarges71,
s.mehdi70.m3297,
mobina_id576,
saeed_abdolmalkei,
__.9.miss.bh.7.__,
sna.tarrahi,
mehdi_asadi1364,
sara74hz,
haganeha,
mr.khazaeeeeee,
naghshe.medad,
arachoobmana,
anima31313,
salomeh242,
hajipor6,
mostafa.saeednia1367,
ghermez_scarlet,
reihan77220,
alireza_ghazvininejad,
m_sadegh_ghaffari,
farid_khosh,
mohamadhadidanesh,
parisa_harasati,
_.m._armaghan,
ayhan_1367,
saeed_malki3333,
majid_firouzfard,
yes_i_am_ur_king_only,
_miss_mzh_,
yasna_haghighi96,
mhdiw_mohammdyari,
shirinsadr67,
nmty.sy,
ava14913,
roz.6544,
jeka2039,
sa_ra057,
azim.rashti,
perances_zm,
nazi___bs,
zzaa75,
rh_2781,
shahrbanoo2618,
ramezani623919,
nilofar959502018,
s.mohammad.h24,
f_a_t_i__m__,
ali_m_p_d_kh,
fereshte_6842,
banafshe.tari,
shahriyar.3718,
zarmar_mohamadi,
fateme._.graphy,
niloufar_artwork,
mahsa_tzm,
ghazalesh26,
faezeh_sh68,
faragolz,
soongi8225,
aramalimoradi,
maryama_eb,
tama8349,
shaghi75sh,
emamirazavi,
thedaniyalkarmi,
nadia.esp,
moghan4324,
araz.faraji.96,
taherekolbadinezhad,
mohades_378,
haniyeh___kh,
r.r.b.136,
maryam_d_k,
mehdi.jafari1164,
behnaaz655,
mohsenesmaelimod,
eli_mlr2000,
mk.bahram,
meysam_gooklan021,
hamidetohidi1340,
khosravi.m.designer,
reihanehallaj,
h0maaa1990,
hamidhosseini454,
avinar57,
ali.jafari114,
std.hp,
dj.shiner.mjason08,
dr_li_kh2012,
alireza_jahanbakhshii,
andia_888,
ana.karimi7499,
seyed_homayouni,
alli_artworker,
shiagfx,
_zhraamin_,
ehsan.saghari,
lachiani.ebrahim,
amirreza_ganjian_cg,
elias_alizadeh,
m.gholami_1,
afsane.bakhtiari7,
i.madimad.i,
mohammad.reza3595,
sepehr_kamaliii,
mahboob_zarif_71,
donya_m6,
mahdiis._._,
esmaeel.chehrazi,
shirinazarkesh,
shicodecofficial,
gandomak_75,
mhtb7480,
naeime_80,
wood.king692095,
aros._gwla,
shabnamkan,
hzali1362.abadan,
___marjan.babaeipour___,
nashenas3033,
parisa.bahmanyar,
m_keshavarz_1996,
kia_ll_,
miti.2351,
r.m.y.mozaffar,
niloofar.gou,
fateme_4904,
myrpjwhydh13,
saraaslanbeigy,
me_mkiani,
marde_tanha62059,
sa.rina9063,
maroo_panjshere,
heshmat_hatami7513,
ashpazibabehnaz,
alizke1,
nikita.belskiy1992,
mojgan_dvi,
foad7912,
katriellrc,
maryam.rv,
mehrdad_mashreghi,
rasoul.en,
bitole6163,
mohamadr3zaa,
peymanghajar,
mandegar_furniture_gallery,
miss_fatemee__1998,
ahassan_bouali,
ellyana.001368,
faride_639,
_maryam._._sh_,
fa.pazhoh,
arezootehrani1995,
negar.wt,
lamaamh,
tina.javaheri,
nmdry9497,
pershiana_life,
zarensms__,
fafanazemi,
hasti_rawan,
farnaz.s.67,
i.sajad.rn66,
fazele_khz,
zahra_ghaedi76,
frnzfrshd,
khanooom.khanoom,
nzry5104,
oxana93rus.art.gallery,
shahin.0903,
radvinziyayi,
saharkhanoom21212018,
shadiiiiiyazdani,
salardamnosh,
ellame313,
bofe_kor_man,
reza12806,
saeed.7335,
gandom.rt,
almass_shargh,
mhrby589,
dspro_,
persia_geraphic,
mojgan_zare25,
heli_nf,
alireza_.momen,
parsa.farsha,
husseing33,
nasrindj,
anahita_mrs,
shahkar_honar,
as7_alishah,
ar646min.cr7,
rakhshani.0021,
yusef_58961,
sepehramiri1370,
avestaaaaaaaaaaaa,
fazeleh.n9,
fatemehkt_,
esmail.najafi.bkteari,
ar.allahdadi,
asal.gonjak,
_mohadese_hi,
_miiss_farzad,
noushakhosravi,
safa_safari_313,
amirmahbod_ameri,
ali_as789,
samira.arshadi,
rain_son1,
nasim.0340,
nzy_amr,
roohallah_ebrahimi,
poyyaaaaaa,
asghartaheri67,
masiii_1824,
mohsen_kazemaini623,
mah_rokh_70,
amirhassanimanesh,
m_gh24,
daniyalhorri,
amirali_moayer,
negar__shr,
a.attar74,
amou_safar,
meli.networking,
morvarid_faghihnasirii,
sepide__hp77,
golnaz_zojaji,
arefe_.a,
nushi.n.j.f.y,
raana_birgani,
arshin_atrin,
mohsen_tatoo.eda,
ta7erii,
im_aminx,
f.farokhi76,
rosa_of_yarns,
sanamansoori1399,
negarof98,
akram.lotfi_1370,
venus6542017,
shahrzad_ansar,
mahtissa1394,
creativee2018,
mina_asgari73,
alireza.dan78,
zeus.v1410,
niuosha.gheidar,
shabdar1010,
hadis_alinasab,
s.forough.f,
sabaramezani20177,
9315______________,
reza_123098,
dordoone._.del_,
muggi_404,
nilofarazizi73a,
lida.poustdouz,
sasan.jabbari,
kianoosh967285,
designer68.68,
bagherkhani1369,
_milad___javadi_,
rashnoumohammad,
monirmosavi8,
liishiveinai,
nazo.gollo.8899,
golemaryam.62,
jooon6496,
mrymflh9,
sanan_mahmodifard,
mostafa.bakhtiari70,
fridasorensen14837,
charm__almas,
haniye62741,
hayat_cfz,
mahyar_kb,
agha.k1,
khadydemon7,
yaser.parvin5177,
mohammadmoein6815,
coco.pomer,
baranshadali7,
reza.hashri10,
nasim.fayazazad,
rezaei_artwork_,
cinimmar,
babajanianssanahin,
mehdimalekezadi,
arash2018a,
par.8485,
as.mohammad11,
bimeyezendegi95,
mahsa.__.hmt,
_m_a_h_t_a_b_13,
partaa_pt,
afshinnj8,
mohaddeseh.km,
balloch_bano_,
sky.95.r,
gha3m_dastvareh,
moyad.jamili,
t.ahmadi3258,
sahar_839,
sarangteam,
payam_art_nl,
nasim.rohani,
guildadacademy,
amedoo1,
_b_noroozpoor,
benymin89,
mohamadreza_chamani,
ehsan_cheraghi59,
matisa.1397,
kasim.ark,
_behiist,
farzaneh25470,
nargesamini_,
salmanpic,
meysam_dashtizad,
eshghe____khodmooni,
saeid_yosefi__,
zahra_akbari543,
nm13661389,
saeedeh7.6,
an.ita6410,
venus.silvergallery,
fateme_hoseinian1111,
korremorgh,
sajjad.taji_7,
aghigh_sabalan,
