2018-07-15 18:16 ~ prbrows_nasrinkamandloo,
2018-07-15 18:16 ~ amir_montazer_2,
2018-07-15 18:17 ~ afrina6565,
2018-07-15 18:17 ~ nini_shop1,
2018-07-15 18:17 ~ h_ensieh,
2018-07-15 18:18 ~ maneli__meson,
2018-07-15 18:18 ~ lena.tattoo,
2018-07-15 18:18 ~ rasool.r.b,
2018-07-15 18:19 ~ miss_afroz1,
2018-07-15 18:19 ~ samanpoonaki,
2018-07-15 18:27 ~ tatuajeriacosmica,
2018-07-15 18:28 ~ milad.bozorgani,
2018-07-15 18:28 ~ amir_aghakhani021,
2018-07-15 18:29 ~ mohamad_khadami6605,
2018-07-15 18:29 ~ midas_secret,
2018-07-15 18:31 ~ tattoo_art_man,
2018-07-15 18:31 ~ erfan_design021,
2018-07-15 18:32 ~ mahdi.r3355,
2018-07-15 18:41 ~ hrymdywn,
2018-07-15 18:41 ~ behrozakbary,
2018-07-15 18:42 ~ mahdi_karimi7,
2018-07-15 18:42 ~ sakettaghi,
2018-07-15 18:42 ~ mehdi.manesh,
2018-07-15 18:45 ~ omid.art.tattoo,
2018-07-15 18:45 ~ bahador.namdar,
2018-07-15 18:45 ~ ramin_bashiri766,
2018-07-15 18:46 ~ g07e1,
2018-07-15 18:46 ~ farzaneh.golmohamadi2898,
2018-07-15 18:46 ~ be_to_che64,
2018-07-15 18:48 ~ toniii.tattoo77,
2018-07-15 18:48 ~ karimpourhaji,
2018-07-15 18:48 ~ reza_aref_2,
2018-07-15 18:52 ~ bdll864,
2018-07-15 18:53 ~ 1508.alireza,
2018-07-15 18:53 ~ shahrokh7197,
2018-07-15 18:53 ~ qtemkin6,
2018-07-15 18:54 ~ n.i.mar.mar,
2018-07-15 18:54 ~ ya30_30j7,
2018-07-15 18:54 ~ omid_fanayi1367,
2018-07-15 18:55 ~ adviser_khoshraj,
2018-07-15 18:55 ~ bnw45010__vhidvlqoooor,
2018-07-15 18:56 ~ masoud.0.21,
2018-07-15 18:56 ~ saeednikabadi,
2018-07-15 19:07 ~ _behnam1451,
2018-07-15 19:07 ~ alishirvan6709,
2018-07-15 19:08 ~ banok_dokhi,
2018-07-15 19:09 ~ shahin_fm_8168,
2018-07-15 19:09 ~ ashkan.tatto,
2018-07-15 19:09 ~ maryam_.6854,
2018-07-15 19:10 ~ mafakhery_milad,
2018-07-15 19:10 ~ cab_maurii,
2018-07-15 19:11 ~ meyssamkhanderoo,
2018-07-15 19:24 ~ ebitattoo2000,
2018-07-15 19:25 ~ hamed.elyasi1372,
2018-07-15 19:25 ~ __kiaw__babaii,
2018-07-15 19:25 ~ shiva_mohammadi75,
2018-07-15 19:26 ~ hasan.mohseni452,
2018-07-15 19:26 ~ saeedhaji_w,
2018-07-15 19:26 ~ _sadrayazdani_,
2018-07-15 19:27 ~ reza_shariat021,
2018-07-15 19:27 ~ hasrat_1375,
2018-07-15 19:30 ~ tattoo.behnam,
2018-07-15 19:30 ~ yunos44bnd,
2018-07-15 19:30 ~ namdari3890,
2018-07-15 19:31 ~ fm164123,
2018-07-15 19:31 ~ neda6star,
2018-07-15 19:31 ~ yashar.torkiyan,
2018-07-15 19:33 ~ sofiyatahani,
2018-07-15 19:33 ~ banaiym,
2018-07-15 19:33 ~ saeed_jaffari_,
2018-07-15 19:34 ~ rad_mehr_ganji,
2018-07-15 19:35 ~ ashkantatto,
2018-07-15 19:35 ~ lamitec.ir,
2018-07-15 19:35 ~ setarephibrows.4507,
2018-07-15 19:36 ~ sama_ariyamehr,
2018-07-15 19:48 ~ bahar.beauty.academy,
2018-07-15 19:48 ~ khunome_aydaw9939,
2018-07-15 19:49 ~ zmz8517,
2018-07-15 19:49 ~ tkhwsspr,
2018-07-15 19:50 ~ sultan_alsafran2018,
2018-07-15 19:50 ~ sia_blackmak,
2018-07-15 19:50 ~ seyed_morteza_nosrat,
2018-07-15 19:51 ~ seyed_mohammad.s,
2018-07-15 19:51 ~ aliperspolise1964,
2018-07-15 19:51 ~ saeidzw,
2018-07-15 19:53 ~ lukeyboii78,
2018-07-15 19:53 ~ restaurantes_la_almazara,
2018-07-15 19:53 ~ gema_myp,
2018-07-15 19:54 ~ silvana_almaakd39,
2018-07-15 19:54 ~ nuriagm89,
2018-07-15 20:05 ~ mariia_talavera,
2018-07-15 20:05 ~ mehdiredaii,
2018-07-15 20:06 ~ satrap_adv,
2018-07-15 20:06 ~ arefalipor42018,
2018-07-15 20:09 ~ hoseinkheiri1369,
2018-07-15 20:09 ~ tattoo.mardin,
2018-07-15 20:09 ~ mehdi_tattoo_esf,
2018-07-15 20:10 ~ fsagheb1990,
2018-07-15 20:10 ~ tandis.haghighats,
2018-07-15 20:11 ~ reza.74z,
2018-07-15 20:12 ~ hamidh_8269,
2018-07-15 20:13 ~ susy_lalala_,
2018-07-15 20:13 ~ errer88,
2018-07-15 20:14 ~ benedettagrasso,
2018-07-15 20:14 ~ kekkoespi,
2018-07-15 20:14 ~ alexdigiulio,
2018-07-15 20:15 ~ argotattoo,
2018-07-15 20:15 ~ taraaaa2024,
2018-07-15 20:16 ~ mahdi.karimiyan_0111_,
2018-07-15 20:16 ~ milad1144a,
2018-07-15 20:16 ~ mitraaa_es,
2018-07-15 20:17 ~ ati.m230,
2018-07-15 20:18 ~ amirhosseinrahimi_78,
2018-07-15 21:14 ~ katjatorkko,
2018-07-15 21:14 ~ rezahastam_,
2018-07-15 21:14 ~ 90mori90,
2018-07-15 21:15 ~ mohammad.javadamm,
2018-07-15 21:15 ~ ali_.dousti,
2018-07-15 21:15 ~ arashesii,
2018-07-15 21:16 ~ ashix1634,
2018-07-15 21:17 ~ amirmohamad_janati,
2018-07-15 21:18 ~ mojtabw870,
2018-07-15 21:18 ~ hamidreza_bafgh5080,
2018-07-15 21:18 ~ ardatatto,
2018-07-15 21:29 ~ tattoonegarin2,
2018-07-15 21:30 ~ amirbagheri2001,
2018-07-15 21:30 ~ sahari670,
2018-07-15 21:30 ~ mehrnaz.gh6977,
2018-07-15 21:31 ~ niloofar.sh.b,
2018-07-15 21:31 ~ mahla_abd313.art,
2018-07-15 21:32 ~ marco_10_25_,
2018-07-15 21:32 ~ mattia_furlan,
2018-07-15 21:32 ~ and_digio,
2018-07-15 21:33 ~ elelollipop_,
2018-07-15 21:33 ~ dariomatrone_,
2018-07-15 21:48 ~ immaesposito71,
2018-07-15 21:48 ~ mohamad_mirzaii021,
2018-07-15 21:49 ~ moein76az9,
2018-07-15 21:49 ~ mohamadramezani9,
2018-07-15 21:50 ~ micropigment_yalda_gohari,
2018-07-15 21:51 ~ parmisbeauty,
2018-07-15 21:51 ~ micropigmentation_shiraz,
2018-07-15 21:52 ~ parmis_beauty.salon,
2018-07-15 21:52 ~ mano_manoooooo,
2018-07-15 21:52 ~ salon_gandoom,
2018-07-15 21:53 ~ ali_solgi315,
2018-07-15 21:53 ~ miss_sara_1489,
2018-07-15 21:53 ~ namet021,
2018-07-15 21:55 ~ thmsby83,
2018-07-15 21:55 ~ mhmwdyasfndarnyjwad,
2018-07-15 21:55 ~ mehdinabati71,
2018-07-15 21:56 ~ muh.gunawan5758,
2018-07-15 22:03 ~ yas178738,
2018-07-15 22:04 ~ farzad_3078,
2018-07-15 22:04 ~ tattoo_babak,
2018-07-15 22:05 ~ sm13600630sm,
2018-07-15 22:06 ~ hosein.gorgani,
2018-07-15 22:06 ~ mohsen.f2263,
2018-07-15 22:06 ~ irezat,
2018-07-15 22:07 ~ atri.ln,
2018-07-15 22:07 ~ annamaria.diporzio,
2018-07-15 22:07 ~ kojacche,
2018-07-15 22:08 ~ becienzz,
2018-07-15 22:08 ~ marzio_orzano,
2018-07-15 22:09 ~ salvatoresaru,
2018-07-15 22:09 ~ saeide.shiri1,
2018-07-15 22:09 ~ mahdyew,
2018-07-15 22:11 ~ saha_fazeli,
2018-07-15 22:11 ~ afsanehsafarimoaser,
2018-07-15 22:11 ~ zeynivand_kamran,
2018-07-15 22:21 ~ tattoos_mhrdd,
2018-07-15 22:21 ~ majid_brzgr,
2018-07-15 22:22 ~ shayan_bahmei,
2018-07-15 22:22 ~ alirezamohseni22,
2018-07-15 22:22 ~ hosein_kezi,
2018-07-15 22:23 ~ somayeh.so86,
2018-07-15 22:23 ~ hoss3in.omrani,
2018-07-15 22:23 ~ taraneh.trn,
2018-07-15 22:24 ~ ali.alisanji_76,
2018-07-15 22:26 ~ daryosh9917,
2018-07-15 22:26 ~ shirazi_ali57,
2018-07-15 22:27 ~ hadi_afshari_18,
2018-07-15 22:27 ~ tatto_golbahar,
2018-07-15 22:28 ~ nyw1568,
2018-07-15 22:28 ~ shali396,
2018-07-15 22:28 ~ veeeerrrooon,
2018-07-15 22:29 ~ farshidboxer3332,
2018-07-15 22:29 ~ mohamadbayat229,
2018-07-15 22:30 ~ alireza_basaabr,
2018-07-15 22:31 ~ rezasharifi7361,
2018-07-15 22:31 ~ mr_m.o.s.t.a.f.a,
2018-07-15 22:32 ~ mey_masti,
2018-07-15 22:45 ~ kazitattoo2020,
2018-07-15 22:45 ~ ma.jid9123,
2018-07-15 22:45 ~ merriesmelodytattooshop,
2018-07-15 22:46 ~ factory_tattoo,
2018-07-15 22:46 ~ dovidenacc,
2018-07-15 22:47 ~ bea_rodriguez_alvarez,
2018-07-15 22:47 ~ jotamvp7,
2018-07-15 22:47 ~ argo_tattoo,
2018-07-15 22:50 ~ barrelbrands,
2018-07-15 22:50 ~ _garridoo_,
2018-07-15 22:50 ~ mokra.lapa,
2018-07-15 22:51 ~ dxnv_2,
2018-07-15 22:51 ~ 737driv3r,
2018-07-15 22:51 ~ lore_moreno2790,
2018-07-15 22:52 ~ alisistani_55,
2018-07-15 22:53 ~ marad339,
2018-07-15 22:53 ~ mamd_gandabiii,
2018-07-15 22:54 ~ mitra.9043,
2018-07-15 22:54 ~ nima.mehdipor,
2018-07-15 22:54 ~ mojt4667,
2018-07-15 22:55 ~ nima_f_054,
2018-07-15 22:55 ~ sl.8395,
2018-07-15 23:08 ~ amir.mohammad289,
2018-07-15 23:08 ~ miladpannahi,
2018-07-15 23:09 ~ marjanmstt,
2018-07-15 23:09 ~ kendymusic,
2018-07-15 23:09 ~ bhr.sdty,
2018-07-15 23:10 ~ sabaaaa71,
2018-07-15 23:10 ~ zahramehrani70794784,
2018-07-15 23:11 ~ fardin.karimi_90,
2018-07-15 23:11 ~ tattoo_shanty,
2018-07-15 23:11 ~ dorfak46_group,
2018-07-15 23:14 ~ sepform,
2018-07-15 23:16 ~ tattoo_rejuvi,
2018-07-15 23:16 ~ mahboobemohamadi_micro,
2018-07-15 23:16 ~ mahmuodkarrabi,
2018-07-15 23:16 ~ hale_fattahi_photography,
2018-07-15 23:17 ~ juliia_talavera10,
2018-07-15 23:17 ~ lolasorrowstattoo,
2018-07-15 23:18 ~ carloslm_rm1,
2018-07-15 23:18 ~ urbina_7,
2018-07-15 23:18 ~ luis_84_sc,
2018-07-15 23:19 ~ barbis86,
2018-07-15 23:20 ~ tina_f_7982,
2018-07-15 23:20 ~ ali.tnti,
2018-07-15 23:21 ~ elnaz.j.h90,
2018-07-15 23:21 ~ alihezaryan1362,
2018-07-15 23:21 ~ shahparr_tattoo,
2018-07-15 23:22 ~ tattooboss876,
2018-07-15 23:23 ~ maryamakbari81,
2018-07-15 23:34 ~ wood.metal.design_by.mahyar.az,
2018-07-15 23:34 ~ sherry_brz,
2018-07-15 23:34 ~ vida__hashemiii,
2018-07-15 23:35 ~ zahra__rajaeian,
2018-07-15 23:35 ~ reta_ahdey,
2018-07-15 23:37 ~ maryalobyta,
2018-07-15 23:38 ~ brooklyn66666,
2018-07-15 23:38 ~ cesargalindo1931,
2018-07-15 23:38 ~ srta.wolf,
2018-07-15 23:39 ~ sevenstarstatto,
2018-07-15 23:39 ~ filmeth,
2018-07-15 23:40 ~ mahmood_89754,
2018-07-15 23:41 ~ saleh.torabi9658,
2018-07-15 23:41 ~ moeinzand0990,
2018-07-15 23:47 ~ farhad.motalebi,
2018-07-15 23:48 ~ _mohammad0043,
2018-07-15 23:48 ~ mohamad_alizadeh00,
2018-07-15 23:48 ~ ali_ahmadiyan75,
2018-07-15 23:49 ~ bar.an8313,
2018-07-15 23:49 ~ ali.hoseiny.seven,
2018-07-15 23:49 ~ nazaniiin_haaashemiii,
2018-07-15 23:50 ~ balloonland_mashhad_,
2018-07-15 23:51 ~ _miss_neginjoon1232_,
2018-07-15 23:51 ~ ali_haghani72,
2018-07-15 23:59 ~ moolitattoo,
2018-07-15 23:59 ~ donya.sheeykhi,
2018-07-16 00:00 ~ s.m.2147,
2018-07-16 00:00 ~ m.khosravi.7578,
2018-07-16 00:00 ~ _t_a_r_aaaa,
2018-07-16 00:01 ~ genaantounios,
2018-07-16 00:01 ~ neda__779,
2018-07-16 00:13 ~ rezabigleri72,
2018-07-16 00:13 ~ ebiiiiiiiiii.i,
2018-07-16 00:14 ~ hafez.k2.68,
2018-07-16 00:14 ~ aleex.moorena,
2018-07-16 00:14 ~ ruubiioo07,
2018-07-16 00:15 ~ juanjojueves,
2018-07-16 00:15 ~ moli_maty,
2018-07-16 00:16 ~ rockandcolor_tattoo,
2018-07-16 00:16 ~ jorgelaceratattoo,
2018-07-16 00:16 ~ indo1394,
2018-07-16 00:17 ~ clinic_poost_va_moo,
2018-07-16 00:17 ~ witting_ir,
2018-07-16 00:28 ~ davod136,
2018-07-16 00:28 ~ bardia.9292,
2018-07-16 00:28 ~ aliabadan3557552,
2018-07-16 00:29 ~ ghafar3423,
2018-07-16 00:29 ~ mohsen_forghany,
2018-07-16 00:29 ~ amirhossein.abiri,
2018-07-16 00:31 ~ gabrieldoge,
2018-07-16 00:31 ~ nicolamiscia,
2018-07-16 00:31 ~ antoniofada,
2018-07-16 00:32 ~ hadi.k4013,
2018-07-16 00:32 ~ __amirtz__,
2018-07-16 00:33 ~ farzad_z_a,
2018-07-16 00:33 ~ georgianadulgherescu,
2018-07-16 00:33 ~ mr.abl_1,
2018-07-16 00:42 ~ javad_homayoon1380,
2018-07-16 00:44 ~ millad_obodan0061,
2018-07-16 00:45 ~ m._.taher._ch,
2018-07-16 00:45 ~ ablfz_1895,
2018-07-16 00:48 ~ mozhgan.m74,
2018-07-16 00:49 ~ mohamadgr75,
2018-07-16 00:49 ~ mohammad.azm7,
2018-07-16 00:49 ~ mehdi_mozooni,
2018-07-16 00:50 ~ shahin_abdolvand_azna,
2018-07-16 00:50 ~ ssn5433,
2018-07-16 00:53 ~ carrotowersd,
2018-07-16 01:03 ~ danielevarriale,
2018-07-16 01:04 ~ gianlucafiore77,
2018-07-16 01:04 ~ michelejoshfiore,
2018-07-16 01:05 ~ michelerinaldi88,
2018-07-16 01:05 ~ supersalzan,
2018-07-16 01:06 ~ juliakanuta,
2018-07-16 01:06 ~ thecloverhousemadrid,
2018-07-16 01:06 ~ inkapustin,
2018-07-16 01:17 ~ migueltallista,
2018-07-16 01:17 ~ ancient_fantasy,
2018-07-16 01:17 ~ athertonmia,
2018-07-16 01:18 ~ ww.w.bhicyyffyuf,
2018-07-16 01:18 ~ jmydzymy,
2018-07-16 01:19 ~ _the_winchester_15,
2018-07-16 01:19 ~ savage__1993,
2018-07-16 01:19 ~ ebijokeram,
2018-07-16 01:20 ~ reza.bahar755,
2018-07-16 01:20 ~ a_sadeghzade1364,
2018-07-16 01:34 ~ arshiya1665,
2018-07-16 01:35 ~ x92x.d,
2018-07-16 01:35 ~ jariya_seechompoo,
2018-07-16 01:36 ~ niloofar.sh722,
2018-07-16 01:36 ~ rahiiim.jz1,
2018-07-16 01:37 ~ atefe_nail.artist,
2018-07-16 01:37 ~ yasin.salhzada5,
2018-07-16 01:38 ~ fariba_tattoo_444,
2018-07-16 01:38 ~ mohammad_beglari_68_,
2018-07-16 01:38 ~ me.ysam2533,
2018-07-16 01:39 ~ mo.4652,
2018-07-16 01:39 ~ moosewithalionheart,
2018-07-16 01:40 ~ miss_spring93,
2018-07-16 01:40 ~ mhakarimi,
2018-07-16 01:41 ~ f.r3470,
2018-07-16 01:41 ~ _ashkan_hatami_music,
2018-07-16 01:42 ~ alireza._.tahran.78,
2018-07-16 01:42 ~ ali.abasi70,
2018-07-16 01:43 ~ s.mokhtari2344,
2018-07-16 01:43 ~ same_._69,
2018-07-16 01:44 ~ fazell_7588,
2018-07-16 01:52 ~ amir.mliii,
2018-07-16 01:52 ~ imanabdi308,
2018-07-16 01:54 ~ ___ghazaleh.mousavi.pv__,
2018-07-16 01:54 ~ masoud_njjjj,
2018-07-16 01:54 ~ donyaa.azadiii,
2018-07-16 01:55 ~ ab_olfazl9680,
2018-07-16 01:55 ~ sina_khalvat,
2018-07-16 01:56 ~ mahishemi,
2018-07-16 01:57 ~ nievesea10,
2018-07-16 01:57 ~ ruben_cachondez,
2018-07-16 01:58 ~ seni.tattoo,
2018-07-16 01:59 ~ saaaradj,
2018-07-16 01:59 ~ jorgedm84,
2018-07-16 01:59 ~ morgue_monstr,
2018-07-16 02:00 ~ ghasrekajal_beauty_salon,
2018-07-16 02:01 ~ reyhanesoleimani,
2018-07-16 02:01 ~ afarinesheno_mehrshahr,
2018-07-16 02:03 ~ sileryh,
2018-07-16 02:04 ~ alexiszuni,
2018-07-16 02:15 ~ lucavettoretti_,
2018-07-16 02:16 ~ dondosanchez,
2018-07-16 02:16 ~ halo.creativeshop,
2018-07-16 02:16 ~ happym_,
2018-07-16 02:17 ~ farzad_tattoo,
2018-07-16 02:17 ~ hesambarbermusic,
2018-07-16 02:18 ~ mohamdghobeyshavi,
2018-07-16 02:18 ~ nilooooo3842,
2018-07-16 02:18 ~ hamidrezaa_soheyli,
2018-07-16 02:19 ~ lk._.moriii,
2018-07-16 02:20 ~ mr_babak_mojarad,
2018-07-16 02:21 ~ mehdi_rezaei6055,
2018-07-16 02:21 ~ reza.kolivanddd,
2018-07-16 02:23 ~ raffye95,
2018-07-16 02:24 ~ heyzeeo,
2018-07-16 02:24 ~ tortoradanilo,
2018-07-16 02:26 ~ m.hosseinzadeh_1370,
2018-07-16 02:36 ~ mehdi.jafari.seven,
2018-07-16 02:36 ~ hadi_rohi66,
2018-07-16 02:43 ~ s_a.j.a.d79,
2018-07-16 02:43 ~ ali_vahdati72,
2018-07-16 02:43 ~ kavorobi7,
2018-07-16 02:44 ~ 69kazem,
2018-07-16 02:44 ~ iraj.hoosyni79,
2018-07-16 02:45 ~ tattoonarenji2,
2018-07-16 02:47 ~ kaveh.haghdoost,
2018-07-16 02:47 ~ dariatroshkina,
2018-07-16 02:47 ~ baharink_tattoo,
2018-07-16 02:48 ~ nurrapaoli,
2018-07-16 02:48 ~ cordadebora,
2018-07-16 02:49 ~ sammypetracco,
2018-07-16 02:49 ~ rob_trakk,
2018-07-16 02:59 ~ promagicer1371,
2018-07-16 02:59 ~ iraj_hendi,
2018-07-16 02:59 ~ keyhan__1359,
2018-07-16 03:04 ~ sima_mohammadi88,
2018-07-16 03:04 ~ mohsentattoo66,
2018-07-16 03:04 ~ m.sadr11,
2018-07-16 03:05 ~ pourya.godarzi00,
2018-07-16 03:05 ~ navid_abbasi1365,
2018-07-16 03:05 ~ ghazaleh.nazershahi,
2018-07-16 03:06 ~ royaes24,
2018-07-16 03:06 ~ mm_3884,
2018-07-16 03:06 ~ shadiizand,
2018-07-16 03:16 ~ moslem.z.4244,
2018-07-16 03:17 ~ karami_abc,
2018-07-16 03:17 ~ mr__mamik,
2018-07-16 03:17 ~ daniyalpirhadi1011,
2018-07-16 03:18 ~ mohammad_anari75,
2018-07-16 03:18 ~ nima_azizi1985,
2018-07-16 03:19 ~ ioszy,
2018-07-16 03:22 ~ nima_wwn,
2018-07-16 03:22 ~ shahin_tm2121,
2018-07-16 03:22 ~ mrt1025,
2018-07-16 03:23 ~ om_id4831,
2018-07-16 03:23 ~ ghorbaniyadegar,
2018-07-16 03:25 ~ kamran_barazande,
2018-07-16 03:31 ~ mahdiiibonyani,
2018-07-16 03:32 ~ silvana.beauty.supplier,
2018-07-16 03:32 ~ tb_al.enzi9,
2018-07-16 03:32 ~ ddonia137777,
2018-07-16 03:33 ~ eb.1370,
2018-07-16 03:33 ~ ava._.mehrabi,
2018-07-16 03:34 ~ marya66_amiri,
2018-07-16 03:34 ~ rezalatifi_kia,
2018-07-16 03:44 ~ alz_mohammadreza6617,
2018-07-16 03:44 ~ masiiiii_73,
2018-07-16 03:44 ~ mohamadjafari_50,
2018-07-16 03:45 ~ matin_hanifei.eternal,
2018-07-16 03:45 ~ rooholla.hassanii,
2018-07-16 03:45 ~ morteza.jamali_8,
2018-07-16 03:46 ~ mitchelmonster,
2018-07-16 03:46 ~ rociioo_vm,
2018-07-16 03:47 ~ alexherranz94,
2018-07-16 03:47 ~ life4family,
2018-07-16 03:48 ~ khorshidi2199,
2018-07-16 03:48 ~ esi_khaziravi,
2018-07-16 03:59 ~ n.gh_1368_,
2018-07-16 04:00 ~ mosivand_31,
2018-07-16 04:01 ~ yaya_novello,
2018-07-16 04:02 ~ nesar_khan0om,
2018-07-16 04:02 ~ bahar._mohsenii,
2018-07-16 04:02 ~ a__bayat__,
2018-07-16 04:03 ~ peymaneh_rahmani,
2018-07-16 04:03 ~ neda_nikfar,
2018-07-16 04:05 ~ alireza.duber,
2018-07-16 04:06 ~ omidbardi1988,
2018-07-16 04:06 ~ paragraph_group,
2018-07-16 04:06 ~ fateme_7676__,
2018-07-16 04:07 ~ reza_naderkhani98,
2018-07-16 04:07 ~ mohamad.mosaferi,
2018-07-16 04:08 ~ iarash_96,
2018-07-16 04:08 ~ tatoo_armin,
2018-07-16 04:09 ~ hjy8356,
2018-07-16 04:09 ~ parishaaaa_tattoo,
2018-07-16 04:19 ~ sohail.tattoo,
2018-07-16 04:19 ~ annkathringeorge,
2018-07-16 04:20 ~ d.y.r.ebrahimi,
2018-07-16 04:20 ~ _hamidreza.alipour,
2018-07-16 04:25 ~ mehrdad.nj6177,
2018-07-16 04:25 ~ zana4393,
2018-07-16 04:25 ~ hadii_khorasani23,
2018-07-16 04:27 ~ argo.tattoo,
2018-07-16 04:28 ~ ag203233,
2018-07-16 04:40 ~ rezaperspolis.cr7,
2018-07-16 04:41 ~ omid_niazz,
2018-07-16 04:41 ~ mohadesa95,
2018-07-16 04:41 ~ romin_khsh,
2018-07-16 04:42 ~ sedighi76811,
2018-07-16 04:42 ~ alireza_ef13,
2018-07-16 04:42 ~ _.elnaz.m_,
2018-07-16 04:43 ~ masiiiiii1396,
2018-07-16 04:44 ~ shahyad2929,
2018-07-16 04:44 ~ hoseinkarami1402,
2018-07-16 04:48 ~ myl6376,
2018-07-16 05:01 ~ mitraziyaee6,
2018-07-16 05:01 ~ shahin_kt,
2018-07-16 05:01 ~ tomoustache_,
2018-07-16 05:02 ~ domuspinsa_alberone,
2018-07-16 05:02 ~ max.vitiello,
2018-07-16 05:02 ~ gabrieleskia,
2018-07-16 05:03 ~ _jeko0o0o_,
2018-07-16 05:03 ~ i.garavand,
2018-07-16 05:04 ~ mohamadamirahmadiii,
2018-07-16 05:04 ~ shahab_soizy.007,
2018-07-16 05:04 ~ aminsheiki,
2018-07-16 05:04 ~ fatima__saallmanii,
2018-07-16 05:06 ~ amir._.325,
2018-07-16 05:06 ~ a_account_b,
2018-07-16 05:16 ~ vahudnorozpor13755,
2018-07-16 05:17 ~ mohammad_saymoooon,
2018-07-16 05:19 ~ masoud_tayebi3281,
2018-07-16 05:20 ~ samii_parsa,
2018-07-16 05:21 ~ nailart_mitra,
2018-07-16 05:22 ~ razzibaii123,
2018-07-16 05:22 ~ nooshin_jeibar_mua,
2018-07-16 05:23 ~ mozhgan.7279,
2018-07-16 05:24 ~ behnam.sport1,
2018-07-16 05:26 ~ angypeluche,
2018-07-16 05:26 ~ abian_lamotta,
2018-07-16 05:37 ~ falecomgeovanesilva,
2018-07-16 05:37 ~ merinohilario,
2018-07-16 05:37 ~ joseph_b_93,
2018-07-16 05:38 ~ antoniovitiello93,
2018-07-16 05:38 ~ lucrezia.tkuma,
2018-07-16 05:39 ~ _ashkan.qanbari_,
2018-07-16 05:40 ~ mohamadasgari137008900,
2018-07-16 05:40 ~ vahidpourebrahim,
2018-07-16 05:43 ~ karen.chap,
2018-07-16 05:43 ~ josevega_tattoo,
2018-07-16 05:43 ~ 7evenmag,
2018-07-16 05:44 ~ cgmiguel84,
2018-07-16 05:44 ~ panahiisaba,
2018-07-16 05:45 ~ photographybahar,
2018-07-16 05:45 ~ iman___.pv,
2018-07-16 05:45 ~ majidbeygi78,
2018-07-16 05:46 ~ soorin_ml,
2018-07-16 05:46 ~ sarakakoi,
2018-07-16 05:56 ~ francescovisciano,
2018-07-16 05:57 ~ biggiemoments,
2018-07-16 05:57 ~ milla.febbraio,
2018-07-16 05:59 ~ hhamidariya,
2018-07-16 05:59 ~ aref12121,
2018-07-16 06:00 ~ parviz1597,
2018-07-16 06:03 ~ khanoom_moshtaghi,
2018-07-16 06:03 ~ naghmehnahali,
2018-07-16 06:04 ~ shoobeirmahdikhanii,
2018-07-16 06:04 ~ a.n.ii.s77,
2018-07-16 06:05 ~ moonhair_color,
2018-07-16 06:05 ~ s__a__m__a__n__e__h__,
2018-07-16 06:05 ~ ahmad_sayarfrd,
2018-07-16 06:06 ~ milado.haqiqt3215,
2018-07-16 06:06 ~ ghader998,
2018-07-16 06:06 ~ mr_dehghani2681,
2018-07-16 06:07 ~ omid_kamaliiiii,
2018-07-16 06:07 ~ yaki__boy,
2018-07-16 06:07 ~ omidomidi89,
2018-07-16 06:17 ~ mr_tattoo.tehran,
2018-07-16 06:17 ~ akbarebrahimpur,
2018-07-16 06:19 ~ gabrielmotlagh,
2018-07-16 06:19 ~ seyedmohammadreaz,
2018-07-16 06:20 ~ mh.mdmhdy6602,
2018-07-16 06:21 ~ pouya.ghasmi76,
2018-07-16 06:22 ~ rahaiiii6645,
2018-07-16 06:22 ~ danial_barzegar84,
2018-07-16 06:25 ~ elhamsohrabinice,
2018-07-16 06:25 ~ hiba98hama,
2018-07-16 06:25 ~ __maryamalizadeh__,
2018-07-16 06:26 ~ __shr_____thr,
2018-07-16 06:26 ~ mahsann_shabani,
2018-07-16 06:27 ~ marrrr69,
2018-07-16 06:27 ~ klikatattoo,
2018-07-16 06:28 ~ cherrypecas,
2018-07-16 06:28 ~ koningtattoo,
2018-07-16 06:37 ~ milad.sh9658,
2018-07-16 06:37 ~ yazdan.ktm,
2018-07-16 06:37 ~ mhmd____615,
2018-07-16 06:40 ~ shiraz.ink,
2018-07-16 06:41 ~ ali_h889,
2018-07-16 06:44 ~ meysamnekoeyan_0611,
2018-07-16 06:44 ~ mehrdad.najafzadeh02,
2018-07-16 06:44 ~ hesam_bahrmi,
2018-07-16 06:45 ~ wsn248,
2018-07-16 06:45 ~ arash.s1372s,
2018-07-16 06:46 ~ zhila4609,
2018-07-16 06:46 ~ jaime_kno,
2018-07-16 06:46 ~ soroush534,
2018-07-16 06:58 ~ wens333,
2018-07-16 07:07 ~ soveyzi.amirhessam,
2018-07-16 07:08 ~ amir_bz0,
2018-07-16 07:08 ~ salmanhamidavi,
2018-07-16 07:09 ~ ali.mohammadihaaaa,
2018-07-16 07:09 ~ __mehdii__hz,
2018-07-16 07:09 ~ mohamadmoghadam_,
2018-07-16 07:11 ~ alisoleymani78music1,
2018-07-16 07:12 ~ abolfazl.sh.m,
2018-07-16 07:12 ~ sajad_rfp,
2018-07-16 07:13 ~ fateme_hji,
2018-07-16 07:13 ~ mohamadali.charakh,
2018-07-16 07:13 ~ solmaz_2169,
2018-07-16 07:14 ~ _moslem_tattoo,
2018-07-16 07:14 ~ hadi__abdol,
2018-07-16 07:14 ~ hadissii9,
2018-07-16 07:15 ~ panteeeer,
2018-07-16 07:16 ~ ali.shahbazi1372,
2018-07-16 07:17 ~ blackeyesf88,
2018-07-16 07:18 ~ jk_tattooing,
2018-07-16 07:28 ~ _mainly._.melanie_,
2018-07-16 07:28 ~ lucia_ph13,
2018-07-16 07:28 ~ david_risco,
2018-07-16 07:29 ~ javier_subiri,
2018-07-16 07:29 ~ pelufoastudillo,
2018-07-16 07:31 ~ syed.mohammadreza.fatemi,
2018-07-16 07:32 ~ kalantar._jojo,
2018-07-16 07:32 ~ husinix,
2018-07-16 07:33 ~ boobo.bbo,
2018-07-16 07:34 ~ mehdi.eragon,
2018-07-16 07:34 ~ f__jahan_,
2018-07-16 07:35 ~ kordiz1504,
2018-07-16 07:35 ~ elham_rashoud,
2018-07-16 07:35 ~ saeed_darvishi__,
2018-07-16 07:36 ~ 3642_l,
2018-07-16 07:36 ~ myl2267,
2018-07-16 07:36 ~ shokrihatef,
2018-07-16 07:37 ~ hamid68sh,
2018-07-16 07:37 ~ misam.44531,
2018-07-16 07:46 ~ milad.parchegan,
2018-07-16 07:51 ~ mohamad.noriiiiiiii,
2018-07-16 07:52 ~ adelkhanpor,
2018-07-16 07:52 ~ hamid_emami6111,
2018-07-16 07:53 ~ miladpicasso,
2018-07-16 07:54 ~ kazem4350,
2018-07-16 07:54 ~ samirajaberi1993,
2018-07-16 07:59 ~ jjariani,
2018-07-16 07:59 ~ nouri8817,
2018-07-16 08:04 ~ mojtaba_davoodi_music,
2018-07-16 08:04 ~ motahareh77,
2018-07-16 08:04 ~ dying_gull_,
2018-07-16 08:05 ~ amirhosein15250,
2018-07-16 08:05 ~ erfan.tattoo,
2018-07-16 08:05 ~ tattoo.ali_da1900,
2018-07-16 08:06 ~ tattoo_by_nsh,
2018-07-16 08:06 ~ ja.mal8043,
2018-07-16 08:16 ~ official.prancparham,
2018-07-16 08:18 ~ orkid.ttsupply,
2018-07-16 08:18 ~ ebrahim._.azimii2,
2018-07-16 08:18 ~ gosiaczek5196,
2018-07-16 08:21 ~ kamran_kapit,
2018-07-16 08:21 ~ omid_aal,
2018-07-16 08:21 ~ arashwwwaa2018,
2018-07-16 08:22 ~ jlylyn.mhmdmyn,
2018-07-16 08:22 ~ _sahar.hn_,
2018-07-16 08:22 ~ rahim_b_se7en,
2018-07-16 08:25 ~ kaspirov_n,
2018-07-16 08:25 ~ izaskun.sa,
2018-07-16 08:27 ~ amir_jafari6467,
2018-07-16 08:27 ~ mahmoudahmed8189,
2018-07-16 08:27 ~ ashkan_abdolvand,
2018-07-16 08:29 ~ antoniodesim1,
2018-07-16 08:30 ~ maribethklaartattoos,
2018-07-16 08:30 ~ makasfaccimm,
2018-07-16 08:39 ~ prettytoughtattoos,
2018-07-16 08:39 ~ harlequintattoo,
2018-07-16 08:40 ~ deborahmusollino,
2018-07-16 08:40 ~ saradiakkk,
2018-07-16 08:40 ~ steecarta,
2018-07-16 08:41 ~ untamed_tache,
2018-07-16 08:41 ~ iman.karimi7998,
2018-07-16 08:42 ~ shimachi0807,
2018-07-16 08:42 ~ lifeme_mr,
2018-07-16 08:45 ~ marilynbeautysalon,
2018-07-16 08:45 ~ behrangalavi.faaanpage,
2018-07-16 08:46 ~ baharehghaderi_pigmenter,
2018-07-16 09:03 ~ soria2292,
2018-07-16 09:03 ~ shereestockwell,
2018-07-16 09:04 ~ mohamadreza_vedadi,
2018-07-16 09:05 ~ mezon.fatemeh.taheri,
2018-07-16 09:05 ~ alirezavampaer000,
2018-07-16 09:06 ~ habibarya_official,
2018-07-16 09:07 ~ missmahi._zamani,
2018-07-16 09:07 ~ marziyeh_rasoliiii,
2018-07-16 09:08 ~ foad_rashidii,
2018-07-16 09:08 ~ oo___oo__oo___oo,
2018-07-16 09:20 ~ alireza_abdollahpoor,
2018-07-16 09:20 ~ vaqari,
2018-07-16 09:21 ~ lvasilkova24,
2018-07-16 09:21 ~ msw6708,
2018-07-16 09:22 ~ mahsanolove1,
2018-07-16 09:22 ~ ali002170,
2018-07-16 09:22 ~ alishadi7460,
2018-07-16 09:23 ~ qwertyuikazem5648,
2018-07-16 09:24 ~ houshangkhanzadeh,
2018-07-16 09:24 ~ nafarsaeedeh,
2018-07-16 09:25 ~ saeidehnayeri8175,
2018-07-16 09:25 ~ rezarobatian,
2018-07-16 09:25 ~ tiam.teymoorii,
2018-07-16 09:26 ~ saeed_8323,
2018-07-16 09:26 ~ alikalantari021,
2018-07-16 09:26 ~ mobin_ghanbari021,
2018-07-16 09:40 ~ bellaragni14,
2018-07-16 09:40 ~ amir_bagheryyy,
2018-07-16 09:41 ~ _angy_sm_,
2018-07-16 09:41 ~ mohammadasadi6766,
2018-07-16 09:42 ~ miladebrahimi12,
2018-07-16 09:42 ~ soltan.shekarchi,
2018-07-16 09:47 ~ ho3ein.garmabi,
2018-07-16 09:47 ~ peimanframarzi,
2018-07-16 09:48 ~ amir.81197,
2018-07-16 09:48 ~ _aldo_ir,
2018-07-16 09:49 ~ doktarkhob81,
2018-07-16 09:49 ~ ebrahim._.azimii,
2018-07-16 09:49 ~ arya.feyzolabeygi,
2018-07-16 09:50 ~ shiraztattoosaeed,
2018-07-16 09:50 ~ ali_jameh_,
2018-07-16 09:50 ~ mamad_piry,
2018-07-16 09:51 ~ aminzare4184,
2018-07-16 09:51 ~ sadeghi_nice,
2018-07-16 10:04 ~ hassan.fattahi8752,
2018-07-16 10:05 ~ baeenrahmani00,
2018-07-16 10:05 ~ ali_hatami4757,
2018-07-16 10:06 ~ aminkarimi.2761,
2018-07-16 10:07 ~ navidabbaspoor,
2018-07-16 10:07 ~ jahani637,
2018-07-16 10:08 ~ poya.lee.tattoo,
2018-07-16 11:08 ~ mohamad_hosein_1881,
2018-07-16 11:08 ~ ak.bar9276,
2018-07-16 11:08 ~ mohammad_rahimi1843,
2018-07-16 11:09 ~ nargesi2390,
2018-07-16 11:09 ~ 1515.mahdi,
2018-07-16 11:09 ~ farshid8070,
2018-07-16 11:11 ~ negin_reisy,
2018-07-16 11:11 ~ hakhamanesh0614,
2018-07-16 11:11 ~ pouya.8564,
2018-07-16 11:20 ~ ghazal02ir,
2018-07-16 11:20 ~ mehdiabbasi5749,
2018-07-16 11:20 ~ kapitan.a.m.noruzi,
2018-07-16 11:22 ~ idin_tattoo,
2018-07-16 11:23 ~ mohsen.heydarian,
2018-07-16 11:26 ~ lham.s.v.e,
2018-07-16 11:26 ~ uncciks,
2018-07-16 11:26 ~ hmr_xo,
2018-07-16 11:27 ~ hani____nafas____,
2018-07-16 11:28 ~ nadiaa_d88,
2018-07-16 11:31 ~ nurrapaoli,
2018-07-16 11:33 ~ eyup_can2727,
2018-07-16 11:47 ~ orginal_drink,
2018-07-16 11:47 ~ saeyd2023,
2018-07-16 11:47 ~ a3.irani_61,
2018-07-16 11:50 ~ angela0piscitelli,
2018-07-16 11:50 ~ omid_2268dj,
2018-07-16 11:50 ~ jessa.blxck,
2018-07-16 11:52 ~ sima.esf74,
2018-07-16 11:52 ~ razraziiii,
2018-07-16 11:52 ~ athlete.girlll,
2018-07-16 11:53 ~ mr.__.kurd,
2018-07-16 11:53 ~ dorhami.zoj,
2018-07-16 11:54 ~ poria6944,
2018-07-16 11:55 ~ kharid.lebas.dastedoo,
2018-07-16 11:55 ~ 07.24185,
2018-07-16 11:56 ~ br.hym6535,
2018-07-16 11:56 ~ hane.khedri,
2018-07-16 11:57 ~ melody_hair_makeup,
2018-07-16 11:57 ~ kajaltatoo,
2018-07-16 11:58 ~ hashemi.mansooreh,
2018-07-16 11:59 ~ miladshakouri22,
2018-07-16 11:59 ~ nimanekoii,
2018-07-16 12:03 ~ sajad_mousavi_9608,
2018-07-16 12:13 ~ rezastar135,
2018-07-16 12:14 ~ korebakhtiary,
2018-07-16 12:15 ~ mahdieslamiofficial,
2018-07-16 12:15 ~ hanaahwaz,
2018-07-16 12:16 ~ younes__rashidi,
2018-07-16 12:17 ~ arsham_rezvani,
2018-07-16 12:17 ~ hmz.llmny,
2018-07-16 12:18 ~ aliasgharrmz,
2018-07-16 12:18 ~ davood.1136,
2018-07-16 12:22 ~ bita.jahed,
2018-07-16 12:23 ~ kazemi.mohadese,
2018-07-16 12:23 ~ ghafari014,
2018-07-16 12:23 ~ bahram_oliabak,
2018-07-16 12:24 ~ akbar.khanza,
2018-07-16 12:24 ~ sarah.moustang.67,
2018-07-16 12:25 ~ tanaz_meson,
2018-07-16 12:25 ~ gold_beauty_salon_,
2018-07-16 12:26 ~ hamsarane_,
2018-07-16 12:28 ~ bnd.moj,
2018-07-16 12:28 ~ mortezamangri28gi,
2018-07-16 12:29 ~ mojtabamojtabaee_niaki,
2018-07-16 12:35 ~ mohammad_yashar,
2018-07-16 12:38 ~ mojtaba.pournorooz66,
2018-07-16 12:39 ~ hojat_hajmlk,
2018-07-16 12:39 ~ hoseinkiyeh,
2018-07-16 12:39 ~ mbynw.pv,
2018-07-16 12:40 ~ majidian.arash,
2018-07-16 12:40 ~ yasin83m,
2018-07-16 12:41 ~ mr_alireza_aftabi,
2018-07-16 12:42 ~ makan__barber,
2018-07-16 12:44 ~ saeid_za_73,
2018-07-16 12:44 ~ pardis_bhr,
2018-07-16 12:44 ~ mhmdhsm4868,
2018-07-16 12:47 ~ bita.rashidi,
2018-07-16 13:00 ~ amir_hossein_3519,
2018-07-16 13:01 ~ amir_nisan,
2018-07-16 13:01 ~ t.m.m.n1234,
2018-07-16 13:01 ~ sahwr_alipour,
2018-07-16 13:02 ~ hastiperakwww,
2018-07-16 13:02 ~ kiralythje,
2018-07-16 13:04 ~ fatemeh_alizade_2000,
2018-07-16 13:04 ~ rasolakhavan,
2018-07-16 13:05 ~ jeckl_n_hide,
2018-07-16 13:05 ~ mostafafiroze,
2018-07-16 13:05 ~ haj_khanom8948,
2018-07-16 13:06 ~ shqth9857,
2018-07-16 13:06 ~ mojtaba.azank,
2018-07-16 13:07 ~ alia_20_17,
2018-07-16 13:20 ~ naser_sh_36,
2018-07-16 13:20 ~ parastesh.karimi64,
2018-07-16 13:21 ~ darvid_vidal_reyes,
2018-07-16 13:21 ~ mikeysan_tattoo,
2018-07-16 13:21 ~ luis_84_sc,
2018-07-16 13:22 ~ simar_kudhail,
2018-07-16 13:22 ~ diogohoop,
2018-07-16 13:23 ~ jorsez__,
2018-07-16 13:23 ~ tsnym1257,
2018-07-16 13:38 ~ abedifarii,
2018-07-16 13:38 ~ nsai_thakor__,
2018-07-16 13:39 ~ elhamj5728,
2018-07-16 13:39 ~ sahandalamdarii_11,
2018-07-16 13:39 ~ mohammadhosein7459,
2018-07-16 13:40 ~ donyarashidi6975,
2018-07-16 13:41 ~ shahdoost_1382,
2018-07-16 13:41 ~ palliz._mhd,
2018-07-16 13:41 ~ shahin.nahavandi_,
2018-07-16 13:43 ~ amir.khan.1376,
2018-07-16 13:43 ~ zamanl52,
2018-07-16 13:43 ~ sajjadteymori123,
2018-07-16 13:44 ~ myn.hlfy,
2018-07-16 13:44 ~ mitra_hojati_,
2018-07-16 13:53 ~ _f.rafiei_76,
2018-07-16 13:57 ~ nouri8817,
2018-07-16 13:58 ~ mohammad.grg4475,
2018-07-16 13:58 ~ sydly3167,
2018-07-16 13:59 ~ amin__tatoo_xx,
2018-07-16 14:01 ~ mateos.tattoo,
2018-07-16 14:02 ~ hoseinkiarsi4,
2018-07-16 14:03 ~ eli_sepahani7839,
2018-07-16 14:03 ~ zohre.ehenzi,
2018-07-16 14:04 ~ jordanchin99,
2018-07-16 17:20 ~ sina_mll021,
2018-07-16 17:21 ~ iman.zalaqi,
2018-07-16 17:21 ~ curly_sheyda,
2018-07-16 17:22 ~ nadia_7314,
2018-07-16 17:22 ~ mohamadz2171,
2018-07-16 17:22 ~ ali.sadatiiii,
2018-07-16 17:24 ~ 013mohammd,
2018-07-16 17:35 ~ mohammad._.najf,
2018-07-16 17:36 ~ mohamad_93952821,
2018-07-16 17:36 ~ tattooshop7,
2018-07-16 17:36 ~ micro_aramisgorji,
2018-07-16 17:37 ~ maheasal.shop,
2018-07-16 17:40 ~ miss___elham6373,
2018-07-16 17:40 ~ hassann_salehi,
2018-07-16 17:48 ~ saeidesmaeili0030,
2018-07-16 17:51 ~ shex_syamand,
2018-07-16 17:52 ~ marymsilvah,
2018-07-16 17:52 ~ eli.hamze,
2018-07-16 17:53 ~ ehsan.arbabi.1528,
2018-07-16 17:54 ~ mohamadreza_smx,
2018-07-16 17:55 ~ nooritavakolli,
2018-07-16 17:55 ~ masuod.j67,
2018-07-16 18:05 ~ hamed_nasimi1,
2018-07-16 18:06 ~ ehsan.sadat75,
2018-07-16 18:06 ~ hadi__abdol,
2018-07-16 18:07 ~ 64.38213,
2018-07-16 18:07 ~ hasti.ab91,
2018-07-16 18:07 ~ alireza.hi_,
2018-07-16 18:08 ~ alfa22271,
2018-07-16 18:08 ~ aynoor.k,
2018-07-16 18:08 ~ mohammadamin9158,
2018-07-16 18:12 ~ beniabbasi1995,
2018-07-16 18:13 ~ mustafa.ostovari,
2018-07-16 18:14 ~ eli_tato,
2018-07-16 18:14 ~ m.rtattoo881,
2018-07-16 18:14 ~ apairon,
2018-07-16 18:15 ~ moussa___14,
2018-07-16 18:15 ~ sajadrezai105,
2018-07-16 18:15 ~ sara7890mr,
2018-07-16 18:17 ~ hamedsolhmirzaiee,
2018-07-16 18:17 ~ amir_hosseini.1,
2018-07-16 18:17 ~ diaktiv112457,
2018-07-16 18:20 ~ fahime.mi73,
2018-07-16 18:21 ~ sonya_mirzaei,
2018-07-16 18:21 ~ sir.bl4ck,
2018-07-16 18:22 ~ hadis.hh2,
2018-07-16 18:22 ~ azadezzzz,
2018-07-16 18:22 ~ sahar.khaghani5447,
2018-07-16 18:24 ~ amir.gh.1995,
2018-07-16 18:24 ~ mehrzad_81_zarei,
2018-07-16 23:51 ~ malena_tattoo,
2018-07-16 23:51 ~ alvaroblanco97,
2018-07-16 23:52 ~ bellaragni14,
2018-07-16 23:52 ~ mojtaba_chaman1984,
2018-07-16 23:52 ~ momo_1398,
2018-07-16 23:53 ~ ta8plkg,
2018-07-16 23:56 ~ sadeghbabaee66,
2018-07-16 23:57 ~ ramazanhematian,
2018-07-16 23:57 ~ 021.monster,
2018-07-16 23:59 ~ said.soltani55815,
2018-07-17 00:00 ~ amirreza_hajiii,
2018-07-17 00:06 ~ djshahin2017_fanpage,
2018-07-17 00:07 ~ zlkhyryzwn,
2018-07-17 00:07 ~ zrskhwyy,
2018-07-17 00:08 ~ alizadeh623,
2018-07-17 00:08 ~ vahid_bagheri_.69,
2018-07-17 00:08 ~ tayson_mohammad,
2018-07-17 00:09 ~ ayub.goldoust,
2018-07-17 00:09 ~ yosef00032,
2018-07-17 00:21 ~ babak00215461,
2018-07-17 00:21 ~ javadkhatib1370,
2018-07-17 00:22 ~ amirkhatib1987,
2018-07-17 00:22 ~ milad_banaei0032,
2018-07-17 00:22 ~ rezamirdar57,
2018-07-17 00:23 ~ sab4530,
2018-07-17 00:23 ~ shkhwhy34,
2018-07-17 00:23 ~ misssamira_76,
2018-07-17 00:24 ~ xhemajli_bytyqi,
2018-07-17 00:24 ~ samra1224,
2018-07-17 00:25 ~ behrooz_3ae_idi,
2018-07-17 00:25 ~ saman.sajedi.71,
2018-07-17 00:27 ~ shahin.safiyari,
2018-07-17 00:27 ~ shahram_shologh28,
2018-07-17 00:28 ~ hossein_babakhan,
2018-07-17 00:28 ~ armin_shah21,
2018-07-17 00:29 ~ rezadosti666,
2018-07-17 00:29 ~ likiwei,
2018-07-17 00:43 ~ roshanai5341,
2018-07-17 00:43 ~ aziiliiaa_n,
2018-07-17 00:44 ~ raha_rabeie,
2018-07-17 00:44 ~ mohamadkargar7477,
2018-07-17 00:44 ~ mehdi_rah_pour,
2018-07-17 00:45 ~ haditattoo.62,
2018-07-17 00:46 ~ _zahhra_._,
2018-07-17 00:47 ~ sahar_rahimi07,
2018-07-17 00:47 ~ schnatzelpambusika,
2018-07-17 00:47 ~ kiarash.aziziiii,
2018-07-17 00:48 ~ parcheh_online_saqqez,
2018-07-17 00:48 ~ rezadefalt,
2018-07-17 01:01 ~ antoine_tattoo,
2018-07-17 01:01 ~ quilianmc,
2018-07-17 01:02 ~ _just_madness_,
2018-07-17 01:02 ~ cnmp_145,
2018-07-17 01:03 ~ ar_nutricion,
2018-07-17 01:03 ~ jesseinstagraham,
2018-07-17 01:03 ~ sima.esf74,
2018-07-17 01:10 ~ miss_zahra7571,
2018-07-17 01:10 ~ zahra_allahbakhshi72,
2018-07-17 01:11 ~ khaniii___,
2018-07-17 01:11 ~ nasimeh.b67,
2018-07-17 01:11 ~ f.msh88,
2018-07-17 01:13 ~ the.faithir,
2018-07-17 01:13 ~ ayhan_arya7631,
2018-07-17 01:13 ~ yeganeh.alizadeeh,
2018-07-17 01:29 ~ isadellapicci,
2018-07-17 01:29 ~ r.javanmiri,
2018-07-17 01:29 ~ shirinsalimchehr,
2018-07-17 01:30 ~ zahraa.hasnnejad,
2018-07-17 01:30 ~ djtattooooo,
2018-07-17 01:34 ~ hanieh._.ps,
2018-07-17 01:35 ~ meloniteymoori,
2018-07-17 01:37 ~ mehdi.jafari.seven,
2018-07-17 01:37 ~ mojtabaheidari187,
2018-07-17 01:46 ~ ysrbdlwnd,
2018-07-17 01:47 ~ alikhodatalab,
2018-07-17 01:47 ~ asghar.1478,
2018-07-17 01:47 ~ _peyman_ch,
2018-07-17 01:48 ~ alireza_abdollahpoor,
2018-07-17 01:48 ~ paege_mavea_535,
2018-07-17 01:49 ~ pezhman_mz,
2018-07-17 01:50 ~ miss_hajiizade,
2018-07-17 01:50 ~ hossein_captian1,
2018-07-17 01:51 ~ bahram5589,
2018-07-17 01:51 ~ farhan231378,
2018-07-17 01:51 ~ broesandy,
2018-07-17 01:58 ~ ghazale__roshan,
2018-07-17 01:58 ~ armin_mohammadi_a3,
2018-07-17 02:01 ~ pouriam_pv,
2018-07-17 02:01 ~ mohamad72047821,
2018-07-17 02:01 ~ m.masoudi2505,
2018-07-17 02:04 ~ titboytattoo,
2018-07-17 02:04 ~ 5394.ly,
2018-07-17 02:04 ~ ramin.h25,
2018-07-17 02:05 ~ iman.zalaqi,
2018-07-17 02:05 ~ amir.h.qmi,
2018-07-17 02:06 ~ davod9869,
2018-07-17 02:08 ~ ehs2086,
2018-07-17 02:09 ~ shayan73432017,
2018-07-17 02:09 ~ arash.1821,
2018-07-17 02:09 ~ shima_tatoo96karaj,
2018-07-17 02:12 ~ do_nt_mind,
2018-07-17 02:12 ~ sogand.9310,
2018-07-17 02:12 ~ mohammadahmadi55,
2018-07-17 02:13 ~ kambiz.sh_7,
2018-07-17 02:13 ~ mohammad_aer2017,
2018-07-17 02:26 ~ mina.16.4.69,
2018-07-17 02:29 ~ mohamad.b9885,
2018-07-17 02:29 ~ borhan.rahimi22,
2018-07-17 02:30 ~ masod_gholamiii,
2018-07-17 02:31 ~ mohammad_kiyokoshin,
2018-07-17 02:31 ~ sina_na1380,
2018-07-17 02:32 ~ ali._.marofi98,
2018-07-17 02:36 ~ kenshloo_78,
2018-07-17 02:36 ~ amirad2461,
2018-07-17 02:36 ~ vahid13673602,
2018-07-17 02:39 ~ abolravi1373,
2018-07-17 02:39 ~ imohnet,
2018-07-17 02:39 ~ jay_jayrusso,
2018-07-17 02:41 ~ rezvane_saleh_official,
2018-07-17 02:41 ~ abasrahmati8651,
2018-07-17 02:41 ~ farnush._.r,
2018-07-17 02:42 ~ sanysalehi,
2018-07-17 02:50 ~ mahdiehrostamii,
2018-07-17 02:51 ~ __shr_____thr,
2018-07-17 02:51 ~ niloofar.sh722,
2018-07-17 02:51 ~ sara.1989.gh,
2018-07-17 02:52 ~ zynab5125,
2018-07-17 02:54 ~ ahmad_tatoo__2018,
2018-07-17 02:54 ~ tina___adi,
2018-07-17 02:54 ~ lyrdkhrymy2,
2018-07-17 02:55 ~ tato_lil_iden,
2018-07-17 02:55 ~ talahaghnazar,
2018-07-17 02:55 ~ mariahmtdf90,
2018-07-17 02:58 ~ amir77234,
2018-07-17 02:58 ~ badretale,
2018-07-17 02:58 ~ mohamadwrestling6,
2018-07-17 03:01 ~ errrfan7,
2018-07-17 03:02 ~ jason.desel530,
2018-07-17 03:02 ~ mohammad.dindar.3503,
2018-07-17 03:04 ~ saeed.krmt,
2018-07-17 03:05 ~ farhad_b.r.n1313,
2018-07-17 03:05 ~ shahab_4gooshe,
2018-07-17 03:07 ~ luhbisph,
2018-07-17 03:07 ~ abedifarii,
2018-07-17 03:08 ~ javad344,
2018-07-17 03:08 ~ shadimsv,
2018-07-17 03:09 ~ minabahadori6208,
2018-07-17 03:09 ~ _sarah.far,
2018-07-17 03:09 ~ karimiihosein07,
2018-07-17 03:19 ~ om_id6310,
2018-07-17 03:19 ~ hadi.amereh,
2018-07-17 03:20 ~ mamad._74.79,
2018-07-17 03:20 ~ mohamaddehshat_org,
2018-07-17 03:20 ~ mohammad.abbasifar,
2018-07-17 10:35 ~ erk3.0,
2018-07-17 10:35 ~ masseguidores_es,
2018-07-17 10:36 ~ fr_hd190,
2018-07-17 10:36 ~ galeri_tablo110,
2018-07-17 10:37 ~ alidashty2299,
2018-07-17 10:39 ~ mohsen_bakhit,
2018-07-17 10:39 ~ mohebi7331,
2018-07-17 10:40 ~ sa_eed4763,
2018-07-17 10:41 ~ farasati.alireza,
2018-07-17 10:41 ~ rasolshohani24,
2018-07-17 10:41 ~ iran_hack_id,
2018-07-17 10:42 ~ ma.sood5974,
2018-07-17 10:44 ~ ali9455m,
2018-07-17 10:44 ~ hoj2875,
2018-07-17 10:44 ~ aliakbr552,
2018-07-17 10:46 ~ tina__adi,
2018-07-17 10:46 ~ amirfrouzan21,
2018-07-17 10:47 ~ mojtaba__sheybani,
2018-07-17 10:48 ~ saeed_tatoooo,
2018-07-17 10:49 ~ srasool.moosavi,
2018-07-17 10:49 ~ sajad_seyd_,
2018-07-17 10:50 ~ mehrab_mousavi1,
2018-07-17 10:50 ~ shahintattoo_69,
2018-07-17 10:51 ~ mhamad_jalili,
2018-07-17 10:51 ~ mehdi.jafari.seven,
2018-07-17 11:02 ~ nesar7074,
2018-07-17 11:03 ~ alializadeh7,
2018-07-17 11:03 ~ ___miss_j___,
2018-07-17 11:03 ~ danialasiri2,
2018-07-17 11:05 ~ m59_kh,
2018-07-17 11:05 ~ zareali_,
2018-07-17 11:05 ~ roshajjjjjn,
2018-07-17 11:09 ~ sa.man542,
2018-07-17 11:11 ~ matin.tattoo,
2018-07-17 11:12 ~ noah.m.araujo,
2018-07-17 11:16 ~ nikraveshalireza,
2018-07-17 11:16 ~ alizangened4316,
2018-07-17 11:18 ~ _.haniii._.2b,
2018-07-17 11:18 ~ alireza_s1991,
2018-07-17 11:19 ~ mahsa.khalilpoorsalar,
2018-07-17 11:19 ~ mehr.arabkhani,
2018-07-17 11:19 ~ sa_mira289,
2018-07-17 11:20 ~ raheleh_shahriari,
2018-07-17 11:20 ~ mahmood___1987,
2018-07-17 11:20 ~ amin.punisher_95.12.17,
2018-07-17 11:21 ~ hossein.a4402,
2018-07-17 11:21 ~ mohammadreza_20178,
2018-07-17 11:22 ~ ehsan_sarabii,
2018-07-17 11:33 ~ m.nozari8583,
2018-07-17 11:35 ~ abzarsadra5050,
2018-07-17 11:35 ~ shahpoorbazr,
2018-07-17 11:38 ~ bashir_niy,
2018-07-17 11:38 ~ reza.0604,
2018-07-17 11:38 ~ xhwlsox,
2018-07-17 11:39 ~ mohsen.trafik,
2018-07-17 11:39 ~ rasool.sh0021,
2018-07-17 11:39 ~ majid.samea,
2018-07-17 11:40 ~ mehdi.p.z,
2018-07-17 11:40 ~ danielkh0sravi,
2018-07-17 11:51 ~ a___rjb19,
2018-07-17 11:53 ~ sinaa.asgarii,
2018-07-17 11:53 ~ amiir.pi,
2018-07-17 11:53 ~ mahdi_jahanjoo,
2018-07-17 11:58 ~ sarasamani_micropigmentation,
2018-07-17 11:58 ~ hanieh_akbarinezhad75,
2018-07-17 11:58 ~ elnaz.sajadi,
2018-07-17 11:59 ~ kopol663,
2018-07-17 11:59 ~ aidaalipour63,
2018-07-17 11:59 ~ __mischief__,
2018-07-17 12:00 ~ kk610446,
2018-07-17 12:00 ~ yoosefi_fariborz,
2018-07-17 12:11 ~ alireza.7471,
2018-07-17 12:12 ~ mohamad524reza,
2018-07-17 12:13 ~ shyn_cj,
2018-07-17 14:01 ~ lallense,
2018-07-17 14:01 ~ pimientanegra_tattoo,
2018-07-17 14:01 ~ mr__alireza.a,
2018-07-17 14:02 ~ fhymh9575,
2018-07-17 14:02 ~ rh6276,
2018-07-17 14:02 ~ farasati.alireza,
2018-07-17 14:03 ~ sa_ha_r.jpg,
2018-07-17 14:03 ~ frzdbyws,
2018-07-17 14:14 ~ soheil86002,
2018-07-17 14:14 ~ _mischievous_.girl,
2018-07-17 14:15 ~ shyrlrstn,
2018-07-17 14:15 ~ a.rahnema1995,
2018-07-17 14:18 ~ jordi_caruso16,
2018-07-17 14:19 ~ alessio1987a,
2018-07-17 14:19 ~ gottink_tattoo,
2018-07-17 14:20 ~ reza_salehi2212,
2018-07-17 14:21 ~ diaktiv112457,
2018-07-17 14:21 ~ ehsan_vkll,
2018-07-17 14:21 ~ aminahankhai,
2018-07-17 14:22 ~ aneya_,
2018-07-17 14:23 ~ niloofarghasemi3835,
2018-07-17 14:23 ~ nazanin.bala2015gm,
2018-07-17 14:24 ~ art_sayeh,
2018-07-17 14:26 ~ alireza._.8088,
2018-07-17 14:26 ~ ebi0k,
2018-07-17 14:36 ~ amir_rezaabdi,
2018-07-17 14:37 ~ mosighi_khorasan_,
2018-07-17 14:41 ~ amirrmahmoudi,
2018-07-17 14:45 ~ mehrab__av,
2018-07-17 14:45 ~ sureshdinkarjadhav,
2018-07-17 14:45 ~ bizhan.s76,
2018-07-17 14:47 ~ mr_sajad.mousavi,
2018-07-17 14:47 ~ gabsolu_,
2018-07-17 14:49 ~ 6ahan_d_a,
2018-07-17 14:49 ~ fakhrikhana,
2018-07-17 14:49 ~ alitalaeiii,
2018-07-17 14:50 ~ faryad9415,
2018-07-17 14:51 ~ milad_ahadpoor,
2018-07-17 14:53 ~ kambizahmdy,
2018-07-17 14:53 ~ alrznzri,
2018-07-17 15:03 ~ suntra.hood,
2018-07-17 15:04 ~ kazemiii007,
2018-07-17 15:05 ~ shervin_shii,
2018-07-17 15:05 ~ h.a.000000,
2018-07-17 15:09 ~ r.o.y.a_bb,
2018-07-17 15:09 ~ ali.reza.ahmadiii,
2018-07-17 15:09 ~ reza.mogh6199,
2018-07-17 15:10 ~ praveennn_rao,
2018-07-17 15:11 ~ imansabokkhiz,
2018-07-17 15:12 ~ dksncbkxm,
2018-07-17 15:13 ~ mitra.563648,
2018-07-17 15:13 ~ peyman_pmc,
2018-07-17 15:23 ~ fari.zmni,
2018-07-17 15:23 ~ nagacompany,
2018-07-17 15:23 ~ faezehjamali.1370,
2018-07-17 15:24 ~ amin_saberi,
2018-07-17 15:25 ~ hamid9320,
2018-07-17 15:25 ~ farshid_mirhosseini_architect,
2018-07-17 15:27 ~ sdz_tattoo,
2018-07-17 15:27 ~ zahrakhojase,
2018-07-17 15:28 ~ hamed.salmaniii,
2018-07-17 15:28 ~ sasy.mk.1998,
2018-07-17 15:29 ~ _ahmad_15,
2018-07-17 15:29 ~ abolfazl__pk,
2018-07-17 15:31 ~ hamsaryabiiiiiiiiiiiii,
2018-07-17 15:31 ~ vahidgahani,
2018-07-17 15:32 ~ mr_alireza12256,
2018-07-17 15:32 ~ danyal._.sl77,
2018-07-17 15:33 ~ yashar_tattoo420,
2018-07-17 15:37 ~ sm13600630sm,
2018-07-17 15:51 ~ morteza.h.n.011,
2018-07-17 15:54 ~ mgzh3634,
2018-07-17 15:55 ~ soheil_1o,
2018-07-17 15:55 ~ hossyn.lan.city,
2018-07-17 15:56 ~ seyd_ali__,
2018-07-17 15:57 ~ hadis.arabi.hzh,
2018-07-17 15:57 ~ _erfannikzaman_,
2018-07-17 15:57 ~ zizishahram6969,
2018-07-17 15:58 ~ mohammad_abolhassani118,
2018-07-17 15:58 ~ baharghoreyshi72,
2018-07-17 15:59 ~ donyarashidi6975,
2018-07-17 16:09 ~ alimahdiyan1400,
2018-07-17 16:10 ~ pwry886,
2018-07-17 16:10 ~ soheil_qasemii,
2018-07-17 16:10 ~ shahin_tattoo,
2018-07-17 16:11 ~ mjydy8878,
2018-07-17 16:12 ~ mahdi_tiger_114,
2018-07-17 16:12 ~ kheyri276,
2018-07-17 16:13 ~ pesareshik_,
2018-07-17 16:15 ~ hempmagazine,
2018-07-17 16:15 ~ giuseppe_carriero98,
2018-07-17 16:18 ~ karimiihosein07,
2018-07-17 16:18 ~ mohsen_11d,
2018-07-17 16:18 ~ fardin12222,
2018-07-17 16:20 ~ fardin._.moradi,
2018-07-17 16:21 ~ yas.2317,
2018-07-17 16:21 ~ mohammadamin8403,
2018-07-17 16:21 ~ amino99259925,
2018-07-17 16:22 ~ caffee_marakeshi,
2018-07-17 16:22 ~ _mainly._.melanie_,
2018-07-17 16:22 ~ noelvis_gl10,
2018-07-17 16:23 ~ ruina.art,
2018-07-17 16:34 ~ majidhasanlou34,
2018-07-17 16:34 ~ mahdii_8181,
2018-07-17 16:34 ~ hasanyaghobi0096,
2018-07-17 16:39 ~ haniye_shiri1375,
2018-07-17 16:39 ~ 50bhzad,
2018-07-17 16:40 ~ m0ozhdeh_sh,
2018-07-17 16:49 ~ __shr_____thr,
2018-07-17 16:53 ~ hasiba_em,
2018-07-17 16:56 ~ panahiisaba,
2018-07-17 17:13 ~ sajad_bay,
2018-07-17 18:18 ~ nooritavakolli,
2018-07-17 18:21 ~ amin_rahimi8433,
2018-07-17 18:25 ~ ruholah_gholami,
2018-07-17 20:51 ~ nikzadamini1370,
2018-07-17 20:52 ~ beniabbasi1995,
2018-07-17 20:55 ~ mohammad_ansari.e,
2018-07-17 20:55 ~ hadi.manzari.71,
2018-07-17 20:56 ~ amiramini86,
2018-07-17 20:56 ~ arshiabaqeri78,
2018-07-17 20:56 ~ shahpax00,
2018-07-17 20:57 ~ aliakbar_babazade_1,
2018-07-17 20:59 ~ reza__9509,
2018-07-17 21:00 ~ pezhman_kanani,
2018-07-17 21:00 ~ vahidmehrali68,
2018-07-17 21:05 ~ shahin.mohebi1987,
2018-07-17 21:05 ~ mehdi.bemani17,
2018-07-17 21:06 ~ saray77_official,
2018-07-17 21:10 ~ amir_montazer_2,
2018-07-17 21:11 ~ fartaaak,
2018-07-17 21:11 ~ sara_cosmetic_dentistry,
2018-07-17 21:11 ~ tablighyaar,
2018-07-17 21:13 ~ mohamadt.1332,
2018-07-17 21:13 ~ roholah_hoseini0,
2018-07-17 21:13 ~ niha7685,
2018-07-17 21:16 ~ armin__jabbari,
2018-07-17 21:16 ~ mahmoodlarimi,
2018-07-17 21:16 ~ z.sh_55,
2018-07-17 21:18 ~ mahan.ghasemzade,
2018-07-17 21:18 ~ sm13600630sm,
2018-07-17 21:18 ~ elenaniyakan,
2018-07-17 21:19 ~ barkhordari.mohsen,
2018-07-17 21:19 ~ fateme_hji,
2018-07-17 21:19 ~ sirvanrezaee,
2018-07-17 21:22 ~ sadegh720,
2018-07-17 21:22 ~ ali_sahmani,
2018-07-17 21:23 ~ kazemi_ghasem53,
2018-07-17 21:35 ~ refatgorban17,
2018-07-17 21:35 ~ yasin399,
2018-07-17 21:35 ~ hamid_mosaavii,
2018-07-17 21:36 ~ yakuza_tattoo2003,
2018-07-17 21:36 ~ martiainstallation,
2018-07-17 21:36 ~ _k_i_a__f_a_t_e_h_i_,
2018-07-17 21:37 ~ tik.tak79,
2018-07-17 21:37 ~ amirhossein.abiri,
2018-07-17 21:48 ~ alla4n__,
2018-07-17 21:49 ~ mr_rajabiam,
2018-07-17 21:50 ~ hossin.armand2642,
2018-07-17 21:51 ~ alighahremani57,
2018-07-17 21:51 ~ shahram.gholame,
2018-07-17 21:51 ~ arman_mostafaeii,
2018-07-17 21:52 ~ behnam.andalibi,
2018-07-17 21:53 ~ kivan5594,
2018-07-17 21:53 ~ _mainly._.melanie_,
2018-07-17 21:54 ~ luis_84_sc,
2018-07-17 21:54 ~ gabostattoo,
2018-07-17 21:54 ~ darvid_vidal_reyes,
2018-07-17 21:58 ~ __maryamalizadeh__,
2018-07-17 21:59 ~ soorin_ml,
2018-07-17 21:59 ~ awli_moly,
2018-07-17 21:59 ~ nasii1160,
2018-07-17 22:00 ~ _miiss_shadii,
2018-07-17 22:07 ~ abedifarii,
2018-07-17 22:07 ~ hadi__abdol,
2018-07-17 22:08 ~ amirhossein_org_,
2018-07-17 22:09 ~ mld8520,
2018-07-17 22:09 ~ falah9505,
2018-07-17 22:09 ~ abtinkalantariii,
2018-07-17 22:11 ~ hoseinhojabri,
2018-07-17 22:11 ~ farhad_imsb,
2018-07-17 22:11 ~ javad____rezaei,
2018-07-17 22:13 ~ sinahosainpanahi,
2018-07-17 22:13 ~ ft_mh9780,
2018-07-17 22:13 ~ hasan_barzegary353,
2018-07-17 22:16 ~ amir_beheshti_,
2018-07-17 22:16 ~ vandad_mnsr,
2018-07-17 22:16 ~ hamid_reza46661,
2018-07-17 22:17 ~ payam._.majed,
2018-07-17 22:17 ~ mohammadamooy00,
2018-07-17 22:17 ~ omidkoorosh,
2018-07-17 22:18 ~ essin_bot,
2018-07-17 22:18 ~ koorosh.z.4159854,
2018-07-17 22:27 ~ alii_blv,
2018-07-17 22:30 ~ nikash1572,
2018-07-17 22:30 ~ poyan__karimi,
2018-07-17 22:30 ~ morteza60081,
2018-07-17 22:32 ~ mojtaba.paliz,
2018-07-17 22:32 ~ mohamadnazoki,
2018-07-17 22:32 ~ viviink,
2018-07-17 22:34 ~ shahin_afandak,
2018-07-17 22:34 ~ rasoul8058,
2018-07-17 22:38 ~ mmad.fazli,
2018-07-17 22:38 ~ sobhn._,
2018-07-17 22:50 ~ vahid13_68,
2018-07-17 22:54 ~ habib_khamse,
2018-07-17 22:54 ~ sss__rrr2020,
2018-07-17 22:54 ~ sina_knoxville,
2018-07-17 22:55 ~ saaaaaangggggg,
2018-07-17 22:56 ~ maleksima3304,
2018-07-17 22:57 ~ shahab166,
2018-07-17 22:58 ~ ali.farkhonde,
2018-07-17 23:00 ~ best_girl_tattoo,
2018-07-17 23:01 ~ dina.behboodi,
2018-07-17 23:01 ~ cipairport,
2018-07-17 23:01 ~ amin_bh44,
2018-07-17 23:02 ~ ieman4009,
2018-07-17 23:02 ~ hadiiiniliigmail.com7054,
2018-07-17 23:03 ~ clip_cadeh2018,
2018-07-17 23:14 ~ hosseinmoradi1720,
2018-07-17 23:18 ~ miladzarei163,
2018-07-17 23:18 ~ yashar_noshin7164,
2018-07-17 23:20 ~ raha__tattoo,
2018-07-17 23:20 ~ mosaye1995shiraz,
2018-07-17 23:23 ~ toughluckdelaware,
2018-07-17 23:24 ~ mc_tattooo,
2018-07-17 23:24 ~ lahiji.ali,
2018-07-17 23:24 ~ hamedsamii_7,
2018-07-17 23:25 ~ armin.bala9275,
2018-07-17 23:36 ~ ali.ighani74,
2018-07-17 23:37 ~ ho3inyafia18,
2018-07-17 23:37 ~ byjn.wfayy,
2018-07-17 23:38 ~ anahitanazeri6044,
2018-07-17 23:41 ~ niloofar.sh722,
2018-07-17 23:42 ~ __shr_____thr,
2018-07-17 23:42 ~ alhrbewed,
2018-07-17 23:42 ~ m_.narges._,
2018-07-17 23:43 ~ negar.moghiseh,
2018-07-17 23:43 ~ yousef_zayanii,
2018-07-17 23:44 ~ ramonrezend,
2018-07-17 23:45 ~ amirreza.nz1368,
2018-07-17 23:53 ~ mojtaba_jelvehpoor,
2018-07-17 23:53 ~ hamed.rad1335,
2018-07-17 23:54 ~ baharr244,
2018-07-17 23:54 ~ trench.sf,
2018-07-17 23:54 ~ friba_mgz,
2018-07-17 23:55 ~ abdollah.79ahmadi,
2018-07-17 23:55 ~ galeri_post_va_zibaiye_parsiss,
2018-07-17 23:55 ~ nadia_7314,
2018-07-17 23:56 ~ mohamadhatami195,
2018-07-17 23:56 ~ sasan_h.pv,
2018-07-18 00:06 ~ davood.yousefi,
2018-07-18 00:08 ~ mehdi_ro_ro,
2018-07-18 00:09 ~ ali.hidde,
2018-07-18 00:09 ~ abolfazl.zolfaghari80,
2018-07-18 00:10 ~ miad__ch,
2018-07-18 00:11 ~ mojtaba__sheybani,
2018-07-18 00:11 ~ ehsan_azaaaad,
2018-07-18 00:24 ~ abolfazl.0106,
2018-07-18 00:26 ~ mersad.ghadimi,
2018-07-18 00:26 ~ reza.rasei,
2018-07-18 00:27 ~ banuforootan,
2018-07-18 00:28 ~ arameshe_zendegi,
2018-07-18 00:34 ~ mahdiar_kik,
2018-07-18 00:35 ~ militattoo,
2018-07-18 00:35 ~ nicoll3559,
2018-07-18 00:36 ~ arman_m_sh_n,
2018-07-18 00:37 ~ amirhosein_58,
2018-07-18 00:37 ~ m.r.z2332,
2018-07-18 00:37 ~ narges_btr,
2018-07-18 00:38 ~ m00051,
2018-07-18 00:38 ~ panahiisaba,
2018-07-18 00:41 ~ cgmiguel84,
2018-07-18 00:43 ~ hesam_bahrmi,
2018-07-18 00:44 ~ nastaran.nassiii,
2018-07-18 00:45 ~ sickblackink,
2018-07-18 00:47 ~ mohsen.tattoo66,
2018-07-18 00:48 ~ mojtaba_roostaa,
2018-07-18 00:48 ~ mahdehabibi,
2018-07-18 00:49 ~ amir66588216,
2018-07-18 00:49 ~ idin_72,
2018-07-18 00:49 ~ sahar.haddad.zand,
2018-07-18 00:50 ~ soliman_afshar2393,
2018-07-18 00:50 ~ soli_132,
2018-07-18 00:51 ~ s_kh_f_f,
2018-07-18 00:59 ~ mr.mohammad_valizade,
2018-07-18 00:59 ~ ba_har600,
2018-07-18 01:01 ~ dr_fateme_rajaee,
2018-07-18 01:02 ~ karimpourhaji,
2018-07-18 01:03 ~ parsa.madah,
2018-07-18 01:03 ~ hamidrezamzs,
2018-07-18 01:05 ~ itskailabitch,
2018-07-18 01:05 ~ lolo_basool,
2018-07-18 01:05 ~ angelcomingup,
2018-07-18 01:06 ~ frbheshmati,
2018-07-18 01:06 ~ sarakakoi,
2018-07-18 01:06 ~ culin.nina,
2018-07-18 01:11 ~ yeganeh.alizadeeh,
2018-07-18 01:12 ~ hadi.07070,
2018-07-18 01:12 ~ ali.ghorbani.jajarm.tato,
2018-07-18 01:13 ~ sanysalehi,
2018-07-18 01:13 ~ naghmehnahali,
2018-07-18 01:15 ~ saeiddemon_music,
2018-07-18 01:17 ~ tatoo_azna,
2018-07-18 01:18 ~ sadegh_sedeghi,
2018-07-18 01:19 ~ hakan_af98,
2018-07-18 01:19 ~ amin_avaze,
2018-07-18 01:20 ~ extension_elaahe,
2018-07-18 01:27 ~ hatred_bitter,
2018-07-18 01:28 ~ thereallqueennnn,
2018-07-18 01:28 ~ iraj.felegarei,
2018-07-18 01:30 ~ massage_arya102,
2018-07-18 01:32 ~ sahar_lavasany,
2018-07-18 01:32 ~ hsynhsyn6728,
2018-07-18 01:32 ~ arash_alb_,
2018-07-18 01:33 ~ shakila_oveysi,
2018-07-18 01:33 ~ nym.6311,
2018-07-18 01:33 ~ nazaninnaz1376,
2018-07-18 01:34 ~ leannas_spammss03,
2018-07-18 01:34 ~ nailart.eliw.f,
2018-07-18 01:34 ~ aysan4148,
2018-07-18 01:48 ~ morvarid_kk,
2018-07-18 01:48 ~ annkathringeorge,
2018-07-18 01:48 ~ irfwn_,
2018-07-18 01:49 ~ alirostami.5635,
2018-07-18 01:50 ~ mohamadrostami1,
2018-07-18 01:54 ~ dl.wnd,
2018-07-18 01:54 ~ komijani9358,
2018-07-18 01:54 ~ hoseinfariadi,
2018-07-18 01:55 ~ kader_.68,
2018-07-18 01:55 ~ reza_aref_2,
2018-07-18 01:55 ~ arsalan.mokhtarii,
2018-07-18 02:00 ~ restaurantesgrupolamadrena,
2018-07-18 02:00 ~ gemixtry,
2018-07-18 02:00 ~ davidelucia28,
2018-07-18 02:01 ~ albertobalboatattoo,
2018-07-18 02:02 ~ shokri976,
2018-07-18 02:03 ~ tatooforest,
2018-07-18 02:04 ~ kyoo_tattoo,
2018-07-18 02:05 ~ victormpg27,
2018-07-18 02:05 ~ rasool.rmzani,
2018-07-18 02:06 ~ ma_hsa1333,
2018-07-18 02:06 ~ mostafa.savaedi,
2018-07-18 02:08 ~ ali_pasha_privet,
2018-07-18 02:08 ~ arvinghorbani7,
2018-07-18 02:09 ~ milad.kolol22,
2018-07-18 02:10 ~ amir_khodroo,
2018-07-18 02:10 ~ reza_kelich78,
2018-07-18 02:16 ~ dr_inktattoo,
2018-07-18 02:17 ~ tattoovinnie,
2018-07-18 02:17 ~ gabrielkubrick,
2018-07-18 02:18 ~ _cornllaa,
2018-07-18 02:19 ~ ehsan.sadat75,
2018-07-18 02:21 ~ ava_ahmadzadeh,
2018-07-18 02:21 ~ siyavash.barber,
2018-07-18 02:31 ~ sajadzangishe1986,
2018-07-18 02:31 ~ sheri_7005,
2018-07-18 02:32 ~ saber34349533,
2018-07-18 02:32 ~ alimodarsi7,
2018-07-18 02:33 ~ ali_ghorbanii,
2018-07-18 02:33 ~ g_amir_g,
2018-07-18 02:35 ~ sara__4702,
2018-07-18 02:35 ~ rez759,
2018-07-18 02:36 ~ tattoo.roya.urmiyeh13,
2018-07-18 02:39 ~ 1804scorpion,
2018-07-18 02:39 ~ jonas.ernsti,
2018-07-18 02:39 ~ abolfazll.elyasi,
2018-07-18 02:49 ~ samaneh___rs,
2018-07-18 02:50 ~ mbynw.pv,
2018-07-18 02:50 ~ awirhossin1586,
2018-07-18 02:51 ~ amiri7083g,
2018-07-18 02:51 ~ omid_t_r_o_m,
2018-07-18 02:54 ~ ghafari9750,
2018-07-18 02:55 ~ solran123,
2018-07-18 02:56 ~ aryajilani,
2018-07-18 03:00 ~ __mar._.mar__,
2018-07-18 03:00 ~ sahar_maleki00,
2018-07-18 03:01 ~ shayanviyan,
2018-07-18 03:02 ~ hasan672017,
2018-07-18 03:02 ~ ehsanfathi3,
2018-07-18 03:03 ~ moohamad_1995,
2018-07-18 03:04 ~ radman_rex,
2018-07-18 03:04 ~ gorg8262,
2018-07-18 03:05 ~ _kiomars_k,
2018-07-18 03:05 ~ tehrantabloo,
2018-07-18 03:06 ~ goodboy_barber,
2018-07-18 03:09 ~ nimarahimi88,
2018-07-18 03:13 ~ tattoomxmag,
2018-07-18 03:13 ~ n.b9827,
2018-07-18 03:14 ~ goligh_,
2018-07-18 03:14 ~ goldishalavat,
2018-07-18 03:14 ~ dlineatattoo,
2018-07-18 03:15 ~ 321eliii,
2018-07-18 04:37 ~ moqadameh,
2018-07-18 04:37 ~ mamadali_khan001,
2018-07-18 04:37 ~ aminshsavari,
2018-07-18 04:39 ~ shahram9673,
2018-07-18 04:39 ~ amir_barabass,
2018-07-18 04:40 ~ nail_art_roxana,
2018-07-18 04:42 ~ vahiid7029,
2018-07-18 04:42 ~ ali_shams_baby,
2018-07-18 04:43 ~ safari5112,
2018-07-18 04:43 ~ tavana8124,
2018-07-18 04:50 ~ luis_84_sc,
2018-07-18 04:50 ~ _mr.chegini_,
2018-07-18 04:50 ~ _mainly._.melanie_,
2018-07-18 04:53 ~ hosine_gili,
2018-07-18 04:53 ~ saraaee_pv,
2018-07-18 04:54 ~ rezaalex61,
2018-07-18 04:54 ~ abdeluahebhamed,
2018-07-18 04:54 ~ esmael_zeynali,
2018-07-18 04:55 ~ ryhn_taji4,
2018-07-18 05:13 ~ syaifuliman2446,
2018-07-18 05:13 ~ tanjavanessajenifer,
2018-07-18 05:14 ~ ali.sadatiiii,
2018-07-18 05:14 ~ erfan7522,
2018-07-18 05:15 ~ rezayar1364,
2018-07-18 05:21 ~ hashemi.mansooreh,
2018-07-18 05:22 ~ amir_montazer_2,
2018-07-18 05:26 ~ mostafa_gholamlo,
2018-07-18 05:27 ~ jfr663,
2018-07-18 05:31 ~ zamani.388,
2018-07-18 05:31 ~ frhad_la,
2018-07-18 05:31 ~ mohamadwrestling6,
2018-07-18 05:32 ~ omiidghanbarii,
2018-07-18 05:33 ~ tehranmod_number1,
2018-07-18 05:41 ~ mosavimilad377,
2018-07-18 05:42 ~ nadia_7314,
2018-07-18 05:43 ~ d.r_morteza,
2018-07-18 05:45 ~ as4elfor,
2018-07-18 05:45 ~ lili.hejazi,
2018-07-18 05:47 ~ rafer_tato,
2018-07-18 05:47 ~ alireza.ezati77,
2018-07-18 05:47 ~ miladmoradi2993,
2018-07-18 05:48 ~ milad__kerman,
2018-07-18 05:48 ~ hamid_reza.maryam,
2018-07-18 05:49 ~ reza_nargesi79,
2018-07-18 05:50 ~ blalmalah,
2018-07-18 05:52 ~ arash.tatoo1375,
2018-07-18 05:53 ~ majid.adashi,
2018-07-18 06:03 ~ niloo.hairstyle.sooma,
2018-07-18 06:04 ~ mismailmilo,
2018-07-18 06:05 ~ hossein_mola74,
2018-07-18 06:07 ~ j.tattoo,
2018-07-18 06:09 ~ amirchicharitoo,
2018-07-18 06:09 ~ porya.akbari96,
2018-07-18 06:09 ~ iman_tbrai,
2018-07-18 06:12 ~ rozbeh_p,
2018-07-18 06:13 ~ amin_parsa2015,
2018-07-18 06:14 ~ sdybhrmrskh,
2018-07-18 06:14 ~ miladmirzaei53,
2018-07-18 06:25 ~ mahyarmoshfeghi,
2018-07-18 06:27 ~ abedifarii,
2018-07-18 06:27 ~ sadeghi__60,
2018-07-18 06:27 ~ naghmehnahali,
2018-07-18 06:28 ~ __shr_____thr,
2018-07-18 06:33 ~ 2244saeid,
2018-07-18 06:33 ~ alirezaafroz11,
2018-07-18 06:35 ~ _ahmadreza_5800,
2018-07-18 06:35 ~ shadicecream_sisangan,
2018-07-18 06:36 ~ h____d_shojaee,
2018-07-18 06:37 ~ davod136,
2018-07-18 06:38 ~ vahid_1871,
2018-07-18 06:38 ~ alirezarezaii79,
2018-07-18 06:39 ~ eyal_barkat,
2018-07-18 06:48 ~ ahmad.mustafaee71,
2018-07-18 06:48 ~ mahmoodrad73,
2018-07-18 06:48 ~ majedkhalag1313,
2018-07-18 06:53 ~ mahdi.bashang12,
2018-07-18 06:55 ~ yeganeh._.md,
2018-07-18 06:55 ~ alirezakhazaei1.3.7.6,
2018-07-18 06:56 ~ ahmadusefi5593,
2018-07-18 06:59 ~ sootclip,
2018-07-18 06:59 ~ ak.tattooartist,
2018-07-18 06:59 ~ armanditoflores15,
2018-07-18 07:00 ~ lgzly7349,
2018-07-18 07:00 ~ i_.mehri_x,
2018-07-18 07:10 ~ 9alikoshki,
2018-07-18 07:12 ~ saman.zakeri.76,
2018-07-18 07:13 ~ _cornllaa,
2018-07-18 07:14 ~ danyl.zwl,
2018-07-18 07:14 ~ irajebrahimii,
2018-07-18 07:15 ~ samankolivand19,
2018-07-18 07:20 ~ farshid_zullfeghari7511,
2018-07-18 07:21 ~ mi_fadaei,
2018-07-18 07:21 ~ hamid.reza4566,
2018-07-18 07:22 ~ atabak.bi,
2018-07-18 07:24 ~ sheri_7005,
2018-07-18 07:25 ~ babakhaniadel,
2018-07-18 07:25 ~ mohammad.mtz,
2018-07-18 07:30 ~ arman.danesh.ss,
2018-07-18 07:30 ~ mahdi_mahmoudi13,
2018-07-18 07:30 ~ yeganeh.alizadeeh,
2018-07-18 07:31 ~ hossein.keyvanlu,
2018-07-18 07:31 ~ zhr463125,
2018-07-18 07:32 ~ negar.ziadzadeh,
2018-07-18 07:32 ~ aliazadbakht_70,
2018-07-18 07:32 ~ salari.davood,
2018-07-18 07:33 ~ leila.ramzanpoor,
2018-07-18 07:40 ~ pariyaraddd,
2018-07-18 07:41 ~ veenu_singh143,
2018-07-18 07:52 ~ karen_janikhah,
2018-07-18 07:52 ~ liana_ocean,
2018-07-18 07:53 ~ mohammad_mashhadi1369,
2018-07-18 07:54 ~ russo.fedele,
2018-07-18 07:56 ~ sajad_m6404,
2018-07-18 07:56 ~ saeidparhizkar,
2018-07-18 07:56 ~ ma.sa2589,
2018-07-18 08:00 ~ hossein18.25.28_osali,
2018-07-18 08:01 ~ _ali._.ab._,
2018-07-18 08:01 ~ mehrdaddarvishi30,
2018-07-18 08:09 ~ gholizademahdiye,
2018-07-18 08:10 ~ maryam_marzban1986,
2018-07-18 08:10 ~ sep.msh,
2018-07-18 08:10 ~ hasiba_em,
2018-07-18 08:13 ~ salahi1379,
2018-07-18 08:13 ~ kiasha.veysi,
2018-07-18 08:13 ~ somayeh.7918,
2018-07-18 08:14 ~ adel_sabz_66_bahman,
2018-07-18 08:14 ~ maryamitannhaa,
2018-07-18 08:14 ~ meysool,
2018-07-18 08:20 ~ hoosinsamany,
2018-07-18 08:20 ~ mohsen._14,
2018-07-18 08:21 ~ alaminsa5,
2018-07-18 08:29 ~ hel_maw,
2018-07-18 08:30 ~ fatemhe.tatoo,
2018-07-18 08:30 ~ 1zdaddy1,
2018-07-18 08:31 ~ asllkyl,
2018-07-18 08:31 ~ razraziiii,
2018-07-18 08:33 ~ ramona.70.m,
2018-07-18 08:34 ~ mamali1380am,
2018-07-18 08:45 ~ shahram_.68,
2018-07-18 08:45 ~ rezaparviz51,
2018-07-18 08:45 ~ roham5209,
2018-07-18 08:53 ~ amirabasghasemiii,
2018-07-18 08:53 ~ mamadkaleshagh,
2018-07-18 09:00 ~ masoudhaghani4812,
2018-07-18 09:00 ~ khoorshid1366,
2018-07-18 09:01 ~ behnam.niazi,
2018-07-18 09:02 ~ avaaaaa.1376,
2018-07-18 09:02 ~ raheleh_mz60,
2018-07-18 09:10 ~ mohammadyousefii.76b,
2018-07-18 09:11 ~ ali_shoja964,
2018-07-18 09:22 ~ _a.rp_,
2018-07-18 09:22 ~ bahman3559,
2018-07-18 09:22 ~ arshia.0761,
2018-07-18 09:24 ~ im.an2487,
2018-07-18 09:25 ~ amirhossein.abiri,
2018-07-18 09:25 ~ 1234ostorhe,
2018-07-18 09:25 ~ ghafar3423,
2018-07-18 09:28 ~ mahdi.rasoli.71,
2018-07-18 09:30 ~ harleyrider74,
2018-07-18 09:30 ~ hossein_m1132,
2018-07-18 09:31 ~ milad_5605,
2018-07-18 09:31 ~ rs_tattoos2,
2018-07-18 09:32 ~ ebrahimmosavi333,
2018-07-18 09:33 ~ mehdiasgari.1234,
2018-07-18 09:46 ~ aghasy8,
2018-07-18 09:46 ~ sd.gryb.sd.gryb,
2018-07-18 09:46 ~ ali.abasi4150,
2018-07-18 09:47 ~ parhamtooti,
2018-07-18 09:47 ~ sogand__mrz,
2018-07-18 09:47 ~ msaodbrahoa,
2018-07-18 09:48 ~ zare2006gmilc,
2018-07-18 09:48 ~ ard_fardin_turk,
2018-07-18 09:50 ~ piman3661,
2018-07-18 09:50 ~ aghaiekhasss,
2018-07-18 09:50 ~ mahin.heydari,
2018-07-18 09:51 ~ baharak_hey,
2018-07-18 09:59 ~ sanysalehi,
2018-07-18 10:02 ~ ramirogallegocesteros,
2018-07-18 10:02 ~ maytecritical,
2018-07-18 10:13 ~ behrooz.6861,
2018-07-18 10:13 ~ andre_jooste_tattoo,
2018-07-18 10:14 ~ arvin_jpr,
2018-07-18 10:14 ~ hosseinr1141,
2018-07-18 10:14 ~ afgboy_det,
2018-07-18 10:15 ~ mazaher225303,
2018-07-18 10:21 ~ fashion.1378,
2018-07-18 10:22 ~ wikiwiki3665nao,
2018-07-18 10:22 ~ asi.parsai1406,
2018-07-18 10:30 ~ seyedmohammadreaz,
2018-07-18 10:31 ~ fatemeh84049209,
2018-07-18 10:36 ~ mehdi.jafari.seven,
2018-07-18 10:38 ~ reza_rsh_81,
2018-07-18 10:39 ~ mrdh.1991,
2018-07-18 10:44 ~ da_niel8348,
2018-07-18 10:44 ~ ba.hram5254,
2018-07-18 10:44 ~ mohsen7k_pv,
2018-07-18 10:45 ~ jamal.sh2189,
2018-07-18 10:45 ~ saeedjahani_,
2018-07-18 10:45 ~ bhram_ahmdie,
2018-07-18 10:49 ~ my.ld8034,
2018-07-18 10:53 ~ wdy467,
2018-07-18 10:53 ~ 2925.syd,
2018-07-18 10:54 ~ mirzaiy7352,
2018-07-18 10:54 ~ alishokri19,
2018-07-18 10:55 ~ ali.__salari.1369,
2018-07-18 11:05 ~ parviz____jamali,
2018-07-18 11:06 ~ tanhaee935,
2018-07-18 11:06 ~ gapar3,
2018-07-18 11:09 ~ a.gh7577,
2018-07-18 11:09 ~ farshadfarnam21,
2018-07-18 11:10 ~ behzad137323,
2018-07-18 11:12 ~ hadis.eb375,
2018-07-18 11:12 ~ razie_gholami61,
2018-07-18 11:13 ~ _czechxx,
2018-07-18 11:14 ~ goligh_,
2018-07-18 11:29 ~ tattooist_ati,
2018-07-18 11:33 ~ atefeh.habibi27yaho5259,
2018-07-18 11:33 ~ mahirahi.74,
2018-07-18 11:34 ~ mina.mirzaie73gmail.c,
2018-07-18 11:35 ~ miss_nz300,
2018-07-18 11:35 ~ samira.vahid72,
2018-07-18 11:39 ~ re_za_arfaei,
2018-07-18 11:39 ~ ze.ynab9956,
2018-07-18 11:39 ~ kurd178,
2018-07-18 11:49 ~ poorriiyya,
2018-07-18 11:49 ~ navid000000000019,
2018-07-18 11:49 ~ alirzaw_mansouri,
2018-07-18 11:50 ~ 3100.mohamad,
2018-07-18 11:50 ~ erfan__________efi,
2018-07-18 11:51 ~ maral_1369_mara,
2018-07-18 11:51 ~ nima.pourabbasi79,
2018-07-18 11:51 ~ fardin.tak.z,
2018-07-18 11:52 ~ aref.m.28,
2018-07-18 11:54 ~ rafiki.tattoo,
2018-07-18 11:54 ~ nahid.banooooooo,
2018-07-18 11:54 ~ amir______ali____________95,
2018-07-18 11:55 ~ m.hezarehfar.76,
2018-07-18 11:55 ~ theketomiss,
2018-07-18 12:05 ~ ho3ein_bidel,
2018-07-18 12:06 ~ pic_art5,
2018-07-18 12:07 ~ reza_aref_2,
2018-07-18 12:08 ~ _abbas.mokhtari_,
2018-07-18 12:08 ~ boyka.bahar,
2018-07-18 12:09 ~ aliiiii4312,
2018-07-18 12:11 ~ rezaiamir594,
2018-07-18 12:11 ~ alirezahr.7878,
2018-07-18 12:12 ~ sohel_fazle,
2018-07-18 12:13 ~ alireza_kheyri_tabrizzzz,
2018-07-18 12:14 ~ samane6036,
2018-07-18 12:14 ~ sadeq.__.mhd,
2018-07-18 12:14 ~ eli_k9079,
2018-07-18 12:15 ~ qazalehthri,
2018-07-18 12:24 ~ queensarh_,
2018-07-18 12:26 ~ hamidm1958,
2018-07-18 12:26 ~ fardinsahlabadi,
2018-07-18 12:27 ~ nazlii.mkh,
2018-07-18 12:27 ~ zekikuru17,
2018-07-18 12:27 ~ _pooria_mz,
2018-07-18 12:28 ~ sergio_arbaboun,
2018-07-18 12:30 ~ vahid_musavi32,
2018-07-18 12:31 ~ sezavar_alii,
2018-07-18 12:31 ~ v_4lw,
2018-07-18 12:46 ~ dokhtare_paiiz.69,
2018-07-18 12:47 ~ saber.m.irani,
2018-07-18 12:48 ~ khzm2662,
2018-07-18 12:49 ~ fsabr5320,
2018-07-18 12:52 ~ ali_khaksar9504,
2018-07-18 12:52 ~ radin.bayat91,
2018-07-18 12:52 ~ _shahin_rej,
2018-07-18 12:58 ~ purya_godarzi_,
2018-07-18 12:58 ~ amir.javadiyeh,
2018-07-18 12:58 ~ mohanad_abbasi,
2018-07-18 13:01 ~ maryam.sp1366,
2018-07-18 13:02 ~ hamedyaghubi6815,
2018-07-18 13:03 ~ hadi_mosavi3309,
2018-07-18 13:04 ~ ho3in_zamanii,
2018-07-18 13:04 ~ hasan_shayesteh7,
2018-07-18 13:05 ~ atliye_tandis,
2018-07-18 13:08 ~ abolfazlhassanpor,
2018-07-18 13:09 ~ abb_ss171760,
2018-07-18 13:09 ~ laura_poss,
2018-07-18 13:10 ~ u_r__,
2018-07-18 13:10 ~ mahdiehrostamii,
2018-07-18 13:13 ~ jerryjun_tattooer,
2018-07-18 13:15 ~ faraz_zino,
2018-07-18 13:15 ~ seyed5mehdi,
2018-07-18 13:26 ~ hadi.kordi2031,
2018-07-18 13:26 ~ khashkhash._.xrxsrs,
2018-07-18 13:26 ~ poriya.brz,
2018-07-18 13:27 ~ annkathringeorge,
2018-07-18 13:28 ~ miss_zahra7571,
2018-07-18 13:30 ~ kamran_ghasemi2687,
2018-07-18 13:30 ~ _s.rah__,
2018-07-18 13:30 ~ emadtkd4561,
2018-07-18 13:31 ~ saeed.2082,
2018-07-18 13:43 ~ hmid._.ba,
2018-07-18 13:47 ~ amirosein__,
2018-07-18 13:47 ~ auob.gh5268,
2018-07-18 13:47 ~ robinannsain,
2018-07-18 13:56 ~ hadi__abdol,
2018-07-18 13:57 ~ deniznailart,
2018-07-18 13:57 ~ mooriss.hji777,
2018-07-18 13:57 ~ milad._1377_,
2018-07-18 13:59 ~ amirhosein.exe,
2018-07-18 13:59 ~ farzane_s_m,
2018-07-18 14:01 ~ neda_daniar14a,
2018-07-18 14:01 ~ h_a_d_i_s2467,
2018-07-18 14:02 ~ nilliiiiiiiii,
2018-07-18 14:11 ~ sogandahmadi71,
2018-07-18 14:12 ~ yasemajidi,
2018-07-18 14:13 ~ donyarashidi6975,
2018-07-18 14:15 ~ yassin_allahham,
2018-07-18 14:19 ~ mr_e.s.n,
2018-07-18 14:20 ~ ramin.r2020,
2018-07-18 14:21 ~ shahin_delavar,
2018-07-18 14:21 ~ sinamahdavi4,
2018-07-18 14:22 ~ iali00513,
2018-07-18 14:23 ~ amirhossein_ahp,
2018-07-18 14:23 ~ karfidovdenis,
2018-07-18 14:23 ~ saramalekmo,
2018-07-18 14:24 ~ 5087.y,
2018-07-18 14:24 ~ safkar_semnan,
2018-07-18 14:25 ~ nailghazalbanooo,
2018-07-18 14:25 ~ majidk90,
2018-07-18 14:28 ~ milad.dr70,
2018-07-18 14:29 ~ mohsenjamali0,
2018-07-18 14:39 ~ sahar.zeynali1360,
2018-07-18 14:39 ~ rkhshnyhkhym,
2018-07-18 14:40 ~ ali_zareee2973,
2018-07-18 14:40 ~ ayansarmad,
2018-07-18 14:40 ~ salone_parizad,
2018-07-18 14:42 ~ tatoo_shoopp,
2018-07-18 14:42 ~ kourosh_arya012,
2018-07-18 14:42 ~ r.ramezani8,
2018-07-18 14:47 ~ 1.amingh,
2018-07-18 14:47 ~ mohamad.badramii,
2018-07-18 14:47 ~ shahryar0861,
2018-07-18 14:49 ~ mmirgafariii,
2018-07-18 14:49 ~ 3605_myr,
2018-07-18 14:49 ~ hdden___prwt,
2018-07-18 14:50 ~ hedi._.seyfi,
2018-07-18 14:50 ~ doonya_davood,
2018-07-18 14:51 ~ s.azariiii,
2018-07-18 14:51 ~ komocholoo,
2018-07-18 14:51 ~ mina_vahdaty,
2018-07-18 14:54 ~ damon_conklin,
2018-07-18 14:55 ~ masoudk_shams7276,
2018-07-18 15:04 ~ mohsengtb,
2018-07-18 15:05 ~ nadelwaldt,
2018-07-18 15:06 ~ sara_karami_68,
2018-07-18 15:07 ~ arashmahdavi1376,
2018-07-18 15:07 ~ mehdi_farsi1981,
2018-07-18 15:08 ~ hoseinzafari8,
2018-07-18 15:08 ~ shobstar22,
2018-07-18 15:08 ~ cristiina0431,
2018-07-18 15:17 ~ 559marmar,
2018-07-18 15:17 ~ aliakbari7112,
2018-07-18 15:17 ~ gharibe156,
2018-07-18 15:19 ~ myhakel,
2018-07-18 15:20 ~ milad1998gm,
2018-07-18 15:22 ~ afshin.khalilinasab,
2018-07-18 15:23 ~ shahin.aq,
2018-07-18 15:23 ~ shayan76007,
2018-07-18 15:24 ~ yas.2317,
2018-07-18 15:25 ~ ali.jadidi68,
2018-07-18 15:25 ~ ab.bas475,
2018-07-18 15:25 ~ salar_roshani75,
2018-07-18 15:27 ~ zahra_yousefali77,
2018-07-18 15:27 ~ gallery_honary_zaya,
2018-07-18 15:27 ~ fatemeh.2149,
2018-07-18 15:28 ~ alireza_abdollahpoor,
2018-07-18 15:28 ~ sajjad.jafari.9824,
2018-07-18 15:41 ~ quilianmc,
2018-07-18 15:44 ~ naderi1884,
2018-07-18 15:45 ~ matin.kips6281,
2018-07-18 15:46 ~ babak.official_,
2018-07-18 15:46 ~ __hossein.t__,
2018-07-18 15:46 ~ moh3n_keykha_,
2018-07-18 15:47 ~ amirhoosein52,
2018-07-18 15:56 ~ vahid_6890,
2018-07-18 15:56 ~ shadi.2.7,
2018-07-18 15:57 ~ sisolii,
2018-07-18 15:58 ~ ali.farkhonde,
2018-07-18 15:59 ~ mochtba3404,
2018-07-18 16:01 ~ sahar_.a.j._,
2018-07-18 16:01 ~ h2.ho3ein,
2018-07-18 16:02 ~ amir_nolove_mehrabi,
2018-07-18 16:03 ~ hossein.mahmoodi7847,
2018-07-18 16:03 ~ hossein.ganjiii,
2018-07-18 16:07 ~ nima_azizi1985,
2018-07-18 16:08 ~ alina_vax,
2018-07-18 16:16 ~ kalbi47887,
2018-07-18 16:18 ~ porya684,
2018-07-18 16:19 ~ mohammad_hashemzadee,
2018-07-18 16:19 ~ tina_21581181,
2018-07-18 16:20 ~ araste6142936,
2018-07-18 16:22 ~ parisa_khorrammanesh,
2018-07-18 16:23 ~ baharalikhani10,
2018-07-18 16:25 ~ mohammad_ferferi,
2018-07-18 16:26 ~ peranses_aylin96,
2018-07-18 16:26 ~ behzad.holako,
2018-07-18 16:35 ~ sokotlab,
2018-07-18 16:36 ~ talahaghnazar,
2018-07-18 16:49 ~ ho3ein.dodangeh,
2018-07-18 16:50 ~ ali_davoudiiii,
2018-07-18 16:57 ~ matinpuma,
2018-07-18 16:57 ~ fafariii78,
2018-07-18 16:58 ~ mohammad.brh1988,
2018-07-18 17:00 ~ iceboyh.20azhak,
2018-07-18 17:00 ~ ali.f_1010,
2018-07-18 17:04 ~ arminaghayi.official,
2018-07-18 17:05 ~ alikbarkarimi,
2018-07-18 17:05 ~ omiduw,
2018-07-18 17:05 ~ sina2015s,
2018-07-18 17:06 ~ mehran.sh72sh.z,
2018-07-18 17:16 ~ imanbatis,
2018-07-18 17:17 ~ abdoli.sheyton,
2018-07-18 17:17 ~ zahracffs,
2018-07-18 17:18 ~ hossein_farrokh_,
2018-07-18 17:18 ~ hamed.mohammadi.69,
2018-07-18 17:27 ~ e.r.f.a.n.97,
2018-07-18 17:27 ~ davood_jaluli,
2018-07-18 17:28 ~ _behzadd.hz4444,
2018-07-18 17:29 ~ mohammad.035.tak_pesar,
2018-07-18 17:30 ~ dandanpezeshkitiamm,
2018-07-18 17:31 ~ amin.73.13,
2018-07-18 17:31 ~ masoud1083,
2018-07-18 17:32 ~ fateme.nasiri.392111,
2018-07-18 17:44 ~ ali_mirdar_99,
2018-07-18 17:49 ~ nooshin_shamoradi73,
2018-07-18 17:49 ~ lili.rahnama.25,
2018-07-18 17:50 ~ hadith_99,
2018-07-18 17:50 ~ shiva_iix,
2018-07-18 17:51 ~ safieghafari,
2018-07-18 17:51 ~ faraz.soheyli,
2018-07-18 17:55 ~ karimiihosein07,
2018-07-18 18:01 ~ nouri8817,
2018-07-18 18:03 ~ erfan_a__k,
2018-07-18 18:04 ~ mina_radii_13799,
2018-07-18 18:05 ~ mohsenrahimi55,
2018-07-18 18:05 ~ dr.ywsh2579,
2018-07-18 18:07 ~ mohii33,
2018-07-18 18:09 ~ owaiz_khan_m_d_v,
2018-07-18 18:09 ~ nozar1113,
2018-07-18 18:11 ~ omid_taromi_,
2018-07-18 18:12 ~ shivegar,
2018-07-18 18:14 ~ klaketbox,
2018-07-18 18:15 ~ miss.ehtshm,
2018-07-18 18:23 ~ ctst_tattoos,
2018-07-18 18:24 ~ noori6941,
2018-07-18 18:25 ~ goyo_mini,
2018-07-18 18:26 ~ _mahoor_69,
2018-07-18 18:27 ~ eraj.5851,
2018-07-18 18:28 ~ hesam_nejati_021,
2018-07-18 18:28 ~ pari___137474,
2018-07-18 18:30 ~ ali.migozaradd,
2018-07-18 18:30 ~ mortza2585,
2018-07-18 18:41 ~ saeed.6657,
2018-07-18 18:44 ~ mehdi_jahed13,
2018-07-18 18:44 ~ hessaam_steps,
2018-07-18 18:51 ~ pouya.8564,
2018-07-18 18:52 ~ mahdi0_o18,
2018-07-18 19:00 ~ sasan_si_1249,
2018-07-18 19:02 ~ amirhosein_reyhaniii,
2018-07-18 19:02 ~ saeed_y_1991,
2018-07-18 19:02 ~ makhdoom7306,
2018-07-18 19:03 ~ masoudrezamand2018,
2018-07-18 19:27 ~ reza_taro0omiii72,
2018-07-18 19:28 ~ snz.hd,
2018-07-18 19:28 ~ hajipour_jj,
2018-07-18 19:28 ~ _fifi_n1368,
2018-07-18 19:29 ~ sinaa.313,
2018-07-18 19:29 ~ _fh.nazarian,
2018-07-18 19:36 ~ nima_sparrow,
2018-07-18 19:36 ~ ali.seidi.7,
2018-07-18 19:38 ~ fatemewrad,
2018-07-18 19:38 ~ stern.kgh19,
2018-07-18 19:38 ~ _fahime_taheri,
2018-07-18 19:39 ~ mz_eddie_,
2018-07-18 19:39 ~ makdashooshtary,
2018-07-18 19:39 ~ mohamad.mohamadzade021,
2018-07-18 19:40 ~ _mohammadbalaei,
2018-07-18 19:40 ~ amirarabani0013,
2018-07-18 19:42 ~ 12.3452600,
2018-07-18 19:53 ~ ja.mal8043,
2018-07-18 20:04 ~ amirhossin13763639,
2018-07-18 20:05 ~ yashar_sahrai,
2018-07-18 20:05 ~ sina_slipper,
2018-07-18 20:11 ~ farangis.kind,
2018-07-18 20:11 ~ _ale_wonder_,
2018-07-18 20:11 ~ nojanstudio,
2018-07-18 20:12 ~ re.5964,
2018-07-18 20:14 ~ reza.sheybany,
2018-07-18 20:14 ~ ami.9460,
2018-07-18 20:15 ~ nyz797,
2018-07-18 20:15 ~ soltan.kvir.1372,
2018-07-18 20:15 ~ sfndyr32,
2018-07-18 20:16 ~ 73mariii,
2018-07-18 20:17 ~ amir23742686,
2018-07-18 20:18 ~ danielgraytattoos,
2018-07-18 20:21 ~ miladdargahii,
2018-07-18 20:22 ~ erf.420,
2018-07-18 20:23 ~ shahabariyana021,
2018-07-18 20:23 ~ mohamadj000kar2018,
2018-07-18 20:27 ~ parsa.r1998,
2018-07-18 20:33 ~ 1408as.me,
2018-07-18 20:33 ~ matunga_cessi,
2018-07-18 20:34 ~ _rafieisaghar_,
2018-07-18 20:34 ~ negarbavaqar,
2018-07-18 20:35 ~ manijheh_t,
2018-07-18 20:35 ~ hengameh.omidi327,
2018-07-18 20:35 ~ bap262,
2018-07-18 20:36 ~ mohamad_motlagh4,
2018-07-18 20:36 ~ hamidsharifihamid,
2018-07-18 20:36 ~ hassan.samii1365,
2018-07-18 20:37 ~ hadi.johari71,
2018-07-18 20:37 ~ samurai24.9.21,
2018-07-18 20:46 ~ ariyan.ahmadian,
2018-07-18 20:46 ~ karem.702321,
2018-07-18 20:46 ~ amirsalehi8614,
2018-07-18 20:51 ~ j.moh3n,
2018-07-18 20:51 ~ asedi0340,
2018-07-18 20:51 ~ milad114altog,
2018-07-18 20:52 ~ hamed_vahidi65,
2018-07-18 20:52 ~ leyla.hoseyniii,
2018-07-18 20:53 ~ sh.shabanpoor8284,
2018-07-18 20:53 ~ mehdi_faaaaar,
2018-07-18 20:53 ~ miranjamal172yoo.com1829,
2018-07-18 20:54 ~ behnam.fakhimi9,
2018-07-18 21:00 ~ amirfrouzan21,
2018-07-18 21:00 ~ mohamad.dj_,
2018-07-18 21:13 ~ nasii1160,
2018-07-18 21:14 ~ aidaalipour63,
2018-07-18 21:20 ~ mohsen.jahanbakhsh.info,
2018-07-18 21:29 ~ aliasghar_dn_,
2018-07-18 21:29 ~ mehrnoosh.abbasi,
2018-07-18 21:31 ~ farzad_kouhestani,
2018-07-18 21:34 ~ armane_tam,
2018-07-18 21:34 ~ me.me9930,
2018-07-18 21:35 ~ mhmdhsyny466,
2018-07-18 21:35 ~ himn.zand,
2018-07-18 21:35 ~ farshad1.3.6.9,
2018-07-18 21:36 ~ meysam______hajihosinlo,
2018-07-18 22:23 ~ isabeau1086,
2018-07-19 08:35 ~ amir_montazer_2,
2018-07-19 23:40 ~ amir_montazer_2,
2018-07-20 03:36 ~ fabiana_mirra96,
2018-07-20 03:47 ~ mariyanasirian_nail,
2018-07-21 17:02 ~ amir_montazer_2,
2018-07-22 04:53 ~ blackeyesf88,
