prbrows_nasrinkamandloo,
amir_montazer_2,
afrina6565,
nini_shop1,
h_ensieh,
maneli__meson,
lena.tattoo,
rasool.r.b,
miss_afroz1,
samanpoonaki,
tatuajeriacosmica,
milad.bozorgani,
amir_aghakhani021,
mohamad_khadami6605,
midas_secret,
tattoo_art_man,
erfan_design021,
mahdi.r3355,
hrymdywn,
behrozakbary,
mahdi_karimi7,
sakettaghi,
mehdi.manesh,
omid.art.tattoo,
bahador.namdar,
ramin_bashiri766,
g07e1,
farzaneh.golmohamadi2898,
be_to_che64,
toniii.tattoo77,
karimpourhaji,
reza_aref_2,
bdll864,
1508.alireza,
shahrokh7197,
qtemkin6,
n.i.mar.mar,
ya30_30j7,
omid_fanayi1367,
adviser_khoshraj,
bnw45010__vhidvlqoooor,
masoud.0.21,
saeednikabadi,
_behnam1451,
alishirvan6709,
banok_dokhi,
shahin_fm_8168,
ashkan.tatto,
maryam_.6854,
mafakhery_milad,
cab_maurii,
meyssamkhanderoo,
ebitattoo2000,
hamed.elyasi1372,
__kiaw__babaii,
shiva_mohammadi75,
hasan.mohseni452,
saeedhaji_w,
_sadrayazdani_,
reza_shariat021,
hasrat_1375,
tattoo.behnam,
yunos44bnd,
namdari3890,
fm164123,
neda6star,
yashar.torkiyan,
sofiyatahani,
banaiym,
saeed_jaffari_,
rad_mehr_ganji,
ashkantatto,
lamitec.ir,
setarephibrows.4507,
sama_ariyamehr,
bahar.beauty.academy,
khunome_aydaw9939,
zmz8517,
tkhwsspr,
sultan_alsafran2018,
sia_blackmak,
seyed_morteza_nosrat,
seyed_mohammad.s,
aliperspolise1964,
saeidzw,
lukeyboii78,
restaurantes_la_almazara,
gema_myp,
silvana_almaakd39,
nuriagm89,
mariia_talavera,
mehdiredaii,
satrap_adv,
arefalipor42018,
hoseinkheiri1369,
tattoo.mardin,
mehdi_tattoo_esf,
fsagheb1990,
tandis.haghighats,
reza.74z,
hamidh_8269,
susy_lalala_,
errer88,
benedettagrasso,
kekkoespi,
alexdigiulio,
argotattoo,
taraaaa2024,
mahdi.karimiyan_0111_,
milad1144a,
mitraaa_es,
ati.m230,
amirhosseinrahimi_78,
katjatorkko,
rezahastam_,
90mori90,
mohammad.javadamm,
ali_.dousti,
arashesii,
ashix1634,
amirmohamad_janati,
mojtabw870,
hamidreza_bafgh5080,
ardatatto,
tattoonegarin2,
amirbagheri2001,
sahari670,
mehrnaz.gh6977,
niloofar.sh.b,
mahla_abd313.art,
marco_10_25_,
mattia_furlan,
and_digio,
elelollipop_,
dariomatrone_,
immaesposito71,
mohamad_mirzaii021,
moein76az9,
mohamadramezani9,
micropigment_yalda_gohari,
parmisbeauty,
micropigmentation_shiraz,
parmis_beauty.salon,
mano_manoooooo,
salon_gandoom,
ali_solgi315,
miss_sara_1489,
namet021,
thmsby83,
mhmwdyasfndarnyjwad,
mehdinabati71,
muh.gunawan5758,
yas178738,
farzad_3078,
tattoo_babak,
sm13600630sm,
hosein.gorgani,
mohsen.f2263,
irezat,
atri.ln,
annamaria.diporzio,
kojacche,
becienzz,
marzio_orzano,
salvatoresaru,
saeide.shiri1,
mahdyew,
saha_fazeli,
afsanehsafarimoaser,
zeynivand_kamran,
tattoos_mhrdd,
majid_brzgr,
shayan_bahmei,
alirezamohseni22,
hosein_kezi,
somayeh.so86,
hoss3in.omrani,
taraneh.trn,
ali.alisanji_76,
daryosh9917,
shirazi_ali57,
hadi_afshari_18,
tatto_golbahar,
nyw1568,
shali396,
veeeerrrooon,
farshidboxer3332,
mohamadbayat229,
alireza_basaabr,
rezasharifi7361,
mr_m.o.s.t.a.f.a,
mey_masti,
kazitattoo2020,
ma.jid9123,
merriesmelodytattooshop,
factory_tattoo,
dovidenacc,
bea_rodriguez_alvarez,
jotamvp7,
argo_tattoo,
barrelbrands,
_garridoo_,
mokra.lapa,
dxnv_2,
737driv3r,
lore_moreno2790,
alisistani_55,
marad339,
mamd_gandabiii,
mitra.9043,
nima.mehdipor,
mojt4667,
nima_f_054,
sl.8395,
amir.mohammad289,
miladpannahi,
marjanmstt,
kendymusic,
bhr.sdty,
sabaaaa71,
zahramehrani70794784,
fardin.karimi_90,
tattoo_shanty,
dorfak46_group,
sepform,
tattoo_rejuvi,
mahboobemohamadi_micro,
mahmuodkarrabi,
hale_fattahi_photography,
juliia_talavera10,
lolasorrowstattoo,
carloslm_rm1,
urbina_7,
luis_84_sc,
barbis86,
tina_f_7982,
ali.tnti,
elnaz.j.h90,
alihezaryan1362,
shahparr_tattoo,
tattooboss876,
maryamakbari81,
wood.metal.design_by.mahyar.az,
sherry_brz,
vida__hashemiii,
zahra__rajaeian,
reta_ahdey,
maryalobyta,
brooklyn66666,
cesargalindo1931,
srta.wolf,
sevenstarstatto,
filmeth,
mahmood_89754,
saleh.torabi9658,
moeinzand0990,
farhad.motalebi,
_mohammad0043,
mohamad_alizadeh00,
ali_ahmadiyan75,
bar.an8313,
ali.hoseiny.seven,
nazaniiin_haaashemiii,
balloonland_mashhad_,
_miss_neginjoon1232_,
ali_haghani72,
moolitattoo,
donya.sheeykhi,
s.m.2147,
m.khosravi.7578,
_t_a_r_aaaa,
genaantounios,
neda__779,
rezabigleri72,
ebiiiiiiiiii.i,
hafez.k2.68,
aleex.moorena,
ruubiioo07,
juanjojueves,
moli_maty,
rockandcolor_tattoo,
jorgelaceratattoo,
indo1394,
clinic_poost_va_moo,
witting_ir,
davod136,
bardia.9292,
aliabadan3557552,
ghafar3423,
mohsen_forghany,
amirhossein.abiri,
gabrieldoge,
nicolamiscia,
antoniofada,
hadi.k4013,
__amirtz__,
farzad_z_a,
georgianadulgherescu,
mr.abl_1,
javad_homayoon1380,
millad_obodan0061,
m._.taher._ch,
ablfz_1895,
mozhgan.m74,
mohamadgr75,
mohammad.azm7,
mehdi_mozooni,
shahin_abdolvand_azna,
ssn5433,
carrotowersd,
danielevarriale,
gianlucafiore77,
michelejoshfiore,
michelerinaldi88,
supersalzan,
juliakanuta,
thecloverhousemadrid,
inkapustin,
migueltallista,
ancient_fantasy,
athertonmia,
ww.w.bhicyyffyuf,
jmydzymy,
_the_winchester_15,
savage__1993,
ebijokeram,
reza.bahar755,
a_sadeghzade1364,
arshiya1665,
x92x.d,
jariya_seechompoo,
niloofar.sh722,
rahiiim.jz1,
atefe_nail.artist,
yasin.salhzada5,
fariba_tattoo_444,
mohammad_beglari_68_,
me.ysam2533,
mo.4652,
moosewithalionheart,
miss_spring93,
mhakarimi,
f.r3470,
_ashkan_hatami_music,
alireza._.tahran.78,
ali.abasi70,
s.mokhtari2344,
same_._69,
fazell_7588,
amir.mliii,
imanabdi308,
___ghazaleh.mousavi.pv__,
masoud_njjjj,
donyaa.azadiii,
ab_olfazl9680,
sina_khalvat,
mahishemi,
nievesea10,
ruben_cachondez,
seni.tattoo,
saaaradj,
jorgedm84,
morgue_monstr,
ghasrekajal_beauty_salon,
reyhanesoleimani,
afarinesheno_mehrshahr,
sileryh,
alexiszuni,
lucavettoretti_,
dondosanchez,
halo.creativeshop,
happym_,
farzad_tattoo,
hesambarbermusic,
mohamdghobeyshavi,
nilooooo3842,
hamidrezaa_soheyli,
lk._.moriii,
mr_babak_mojarad,
mehdi_rezaei6055,
reza.kolivanddd,
raffye95,
heyzeeo,
tortoradanilo,
m.hosseinzadeh_1370,
mehdi.jafari.seven,
hadi_rohi66,
s_a.j.a.d79,
ali_vahdati72,
kavorobi7,
69kazem,
iraj.hoosyni79,
tattoonarenji2,
kaveh.haghdoost,
dariatroshkina,
baharink_tattoo,
nurrapaoli,
cordadebora,
sammypetracco,
rob_trakk,
promagicer1371,
iraj_hendi,
keyhan__1359,
sima_mohammadi88,
mohsentattoo66,
m.sadr11,
pourya.godarzi00,
navid_abbasi1365,
ghazaleh.nazershahi,
royaes24,
mm_3884,
shadiizand,
moslem.z.4244,
karami_abc,
mr__mamik,
daniyalpirhadi1011,
mohammad_anari75,
nima_azizi1985,
ioszy,
nima_wwn,
shahin_tm2121,
mrt1025,
om_id4831,
ghorbaniyadegar,
kamran_barazande,
mahdiiibonyani,
silvana.beauty.supplier,
tb_al.enzi9,
ddonia137777,
eb.1370,
ava._.mehrabi,
marya66_amiri,
rezalatifi_kia,
alz_mohammadreza6617,
masiiiii_73,
mohamadjafari_50,
matin_hanifei.eternal,
rooholla.hassanii,
morteza.jamali_8,
mitchelmonster,
rociioo_vm,
alexherranz94,
life4family,
khorshidi2199,
esi_khaziravi,
n.gh_1368_,
mosivand_31,
yaya_novello,
nesar_khan0om,
bahar._mohsenii,
a__bayat__,
peymaneh_rahmani,
neda_nikfar,
alireza.duber,
omidbardi1988,
paragraph_group,
fateme_7676__,
reza_naderkhani98,
mohamad.mosaferi,
iarash_96,
tatoo_armin,
hjy8356,
parishaaaa_tattoo,
sohail.tattoo,
annkathringeorge,
d.y.r.ebrahimi,
_hamidreza.alipour,
mehrdad.nj6177,
zana4393,
hadii_khorasani23,
argo.tattoo,
ag203233,
rezaperspolis.cr7,
omid_niazz,
mohadesa95,
romin_khsh,
sedighi76811,
alireza_ef13,
_.elnaz.m_,
masiiiiii1396,
shahyad2929,
hoseinkarami1402,
myl6376,
mitraziyaee6,
shahin_kt,
tomoustache_,
domuspinsa_alberone,
max.vitiello,
gabrieleskia,
_jeko0o0o_,
i.garavand,
mohamadamirahmadiii,
shahab_soizy.007,
aminsheiki,
fatima__saallmanii,
amir._.325,
a_account_b,
vahudnorozpor13755,
mohammad_saymoooon,
masoud_tayebi3281,
samii_parsa,
nailart_mitra,
razzibaii123,
nooshin_jeibar_mua,
mozhgan.7279,
behnam.sport1,
angypeluche,
abian_lamotta,
falecomgeovanesilva,
merinohilario,
joseph_b_93,
antoniovitiello93,
lucrezia.tkuma,
_ashkan.qanbari_,
mohamadasgari137008900,
vahidpourebrahim,
karen.chap,
josevega_tattoo,
7evenmag,
cgmiguel84,
panahiisaba,
photographybahar,
iman___.pv,
majidbeygi78,
soorin_ml,
sarakakoi,
francescovisciano,
biggiemoments,
milla.febbraio,
hhamidariya,
aref12121,
parviz1597,
khanoom_moshtaghi,
naghmehnahali,
shoobeirmahdikhanii,
a.n.ii.s77,
moonhair_color,
s__a__m__a__n__e__h__,
ahmad_sayarfrd,
milado.haqiqt3215,
ghader998,
mr_dehghani2681,
omid_kamaliiiii,
yaki__boy,
omidomidi89,
mr_tattoo.tehran,
akbarebrahimpur,
gabrielmotlagh,
seyedmohammadreaz,
mh.mdmhdy6602,
pouya.ghasmi76,
rahaiiii6645,
danial_barzegar84,
elhamsohrabinice,
hiba98hama,
__maryamalizadeh__,
__shr_____thr,
mahsann_shabani,
marrrr69,
klikatattoo,
cherrypecas,
koningtattoo,
milad.sh9658,
yazdan.ktm,
mhmd____615,
shiraz.ink,
ali_h889,
meysamnekoeyan_0611,
mehrdad.najafzadeh02,
hesam_bahrmi,
wsn248,
arash.s1372s,
zhila4609,
jaime_kno,
soroush534,
wens333,
soveyzi.amirhessam,
amir_bz0,
salmanhamidavi,
ali.mohammadihaaaa,
__mehdii__hz,
mohamadmoghadam_,
alisoleymani78music1,
abolfazl.sh.m,
sajad_rfp,
fateme_hji,
mohamadali.charakh,
solmaz_2169,
_moslem_tattoo,
hadi__abdol,
hadissii9,
panteeeer,
ali.shahbazi1372,
blackeyesf88,
jk_tattooing,
_mainly._.melanie_,
lucia_ph13,
david_risco,
javier_subiri,
pelufoastudillo,
syed.mohammadreza.fatemi,
kalantar._jojo,
husinix,
boobo.bbo,
mehdi.eragon,
f__jahan_,
kordiz1504,
elham_rashoud,
saeed_darvishi__,
3642_l,
myl2267,
shokrihatef,
hamid68sh,
misam.44531,
milad.parchegan,
mohamad.noriiiiiiii,
adelkhanpor,
hamid_emami6111,
miladpicasso,
kazem4350,
samirajaberi1993,
jjariani,
nouri8817,
mojtaba_davoodi_music,
motahareh77,
dying_gull_,
amirhosein15250,
erfan.tattoo,
tattoo.ali_da1900,
tattoo_by_nsh,
ja.mal8043,
official.prancparham,
orkid.ttsupply,
ebrahim._.azimii2,
gosiaczek5196,
kamran_kapit,
omid_aal,
arashwwwaa2018,
jlylyn.mhmdmyn,
_sahar.hn_,
rahim_b_se7en,
kaspirov_n,
izaskun.sa,
amir_jafari6467,
mahmoudahmed8189,
ashkan_abdolvand,
antoniodesim1,
maribethklaartattoos,
makasfaccimm,
prettytoughtattoos,
harlequintattoo,
deborahmusollino,
saradiakkk,
steecarta,
untamed_tache,
iman.karimi7998,
shimachi0807,
lifeme_mr,
marilynbeautysalon,
behrangalavi.faaanpage,
baharehghaderi_pigmenter,
soria2292,
shereestockwell,
mohamadreza_vedadi,
mezon.fatemeh.taheri,
alirezavampaer000,
habibarya_official,
missmahi._zamani,
marziyeh_rasoliiii,
foad_rashidii,
oo___oo__oo___oo,
alireza_abdollahpoor,
vaqari,
lvasilkova24,
msw6708,
mahsanolove1,
ali002170,
alishadi7460,
qwertyuikazem5648,
houshangkhanzadeh,
nafarsaeedeh,
saeidehnayeri8175,
rezarobatian,
tiam.teymoorii,
saeed_8323,
alikalantari021,
mobin_ghanbari021,
bellaragni14,
amir_bagheryyy,
_angy_sm_,
mohammadasadi6766,
miladebrahimi12,
soltan.shekarchi,
ho3ein.garmabi,
peimanframarzi,
amir.81197,
_aldo_ir,
doktarkhob81,
ebrahim._.azimii,
arya.feyzolabeygi,
shiraztattoosaeed,
ali_jameh_,
mamad_piry,
aminzare4184,
sadeghi_nice,
hassan.fattahi8752,
baeenrahmani00,
ali_hatami4757,
aminkarimi.2761,
navidabbaspoor,
jahani637,
poya.lee.tattoo,
mohamad_hosein_1881,
ak.bar9276,
mohammad_rahimi1843,
nargesi2390,
1515.mahdi,
farshid8070,
negin_reisy,
hakhamanesh0614,
pouya.8564,
ghazal02ir,
mehdiabbasi5749,
kapitan.a.m.noruzi,
idin_tattoo,
mohsen.heydarian,
lham.s.v.e,
uncciks,
hmr_xo,
hani____nafas____,
nadiaa_d88,
nurrapaoli,
eyup_can2727,
orginal_drink,
saeyd2023,
a3.irani_61,
angela0piscitelli,
omid_2268dj,
jessa.blxck,
sima.esf74,
razraziiii,
athlete.girlll,
mr.__.kurd,
dorhami.zoj,
poria6944,
kharid.lebas.dastedoo,
07.24185,
br.hym6535,
hane.khedri,
melody_hair_makeup,
kajaltatoo,
hashemi.mansooreh,
miladshakouri22,
nimanekoii,
sajad_mousavi_9608,
rezastar135,
korebakhtiary,
mahdieslamiofficial,
hanaahwaz,
younes__rashidi,
arsham_rezvani,
hmz.llmny,
aliasgharrmz,
davood.1136,
bita.jahed,
kazemi.mohadese,
ghafari014,
bahram_oliabak,
akbar.khanza,
sarah.moustang.67,
tanaz_meson,
gold_beauty_salon_,
hamsarane_,
bnd.moj,
mortezamangri28gi,
mojtabamojtabaee_niaki,
mohammad_yashar,
mojtaba.pournorooz66,
hojat_hajmlk,
hoseinkiyeh,
mbynw.pv,
majidian.arash,
yasin83m,
mr_alireza_aftabi,
makan__barber,
saeid_za_73,
pardis_bhr,
mhmdhsm4868,
bita.rashidi,
amir_hossein_3519,
amir_nisan,
t.m.m.n1234,
sahwr_alipour,
hastiperakwww,
kiralythje,
fatemeh_alizade_2000,
rasolakhavan,
jeckl_n_hide,
mostafafiroze,
haj_khanom8948,
shqth9857,
mojtaba.azank,
alia_20_17,
naser_sh_36,
parastesh.karimi64,
darvid_vidal_reyes,
mikeysan_tattoo,
luis_84_sc,
simar_kudhail,
diogohoop,
jorsez__,
tsnym1257,
abedifarii,
nsai_thakor__,
elhamj5728,
sahandalamdarii_11,
mohammadhosein7459,
donyarashidi6975,
shahdoost_1382,
palliz._mhd,
shahin.nahavandi_,
amir.khan.1376,
zamanl52,
sajjadteymori123,
myn.hlfy,
mitra_hojati_,
_f.rafiei_76,
nouri8817,
mohammad.grg4475,
sydly3167,
amin__tatoo_xx,
mateos.tattoo,
hoseinkiarsi4,
eli_sepahani7839,
zohre.ehenzi,
jordanchin99,
sina_mll021,
iman.zalaqi,
curly_sheyda,
nadia_7314,
mohamadz2171,
ali.sadatiiii,
013mohammd,
mohammad._.najf,
mohamad_93952821,
tattooshop7,
micro_aramisgorji,
maheasal.shop,
miss___elham6373,
hassann_salehi,
saeidesmaeili0030,
shex_syamand,
marymsilvah,
eli.hamze,
ehsan.arbabi.1528,
mohamadreza_smx,
nooritavakolli,
masuod.j67,
hamed_nasimi1,
ehsan.sadat75,
hadi__abdol,
64.38213,
hasti.ab91,
alireza.hi_,
alfa22271,
aynoor.k,
mohammadamin9158,
beniabbasi1995,
mustafa.ostovari,
eli_tato,
m.rtattoo881,
apairon,
moussa___14,
sajadrezai105,
sara7890mr,
hamedsolhmirzaiee,
amir_hosseini.1,
diaktiv112457,
fahime.mi73,
sonya_mirzaei,
sir.bl4ck,
hadis.hh2,
azadezzzz,
sahar.khaghani5447,
amir.gh.1995,
mehrzad_81_zarei,
malena_tattoo,
alvaroblanco97,
bellaragni14,
mojtaba_chaman1984,
momo_1398,
ta8plkg,
sadeghbabaee66,
ramazanhematian,
021.monster,
said.soltani55815,
amirreza_hajiii,
djshahin2017_fanpage,
zlkhyryzwn,
zrskhwyy,
alizadeh623,
vahid_bagheri_.69,
tayson_mohammad,
ayub.goldoust,
yosef00032,
babak00215461,
javadkhatib1370,
amirkhatib1987,
milad_banaei0032,
rezamirdar57,
sab4530,
shkhwhy34,
misssamira_76,
xhemajli_bytyqi,
samra1224,
behrooz_3ae_idi,
saman.sajedi.71,
shahin.safiyari,
shahram_shologh28,
hossein_babakhan,
armin_shah21,
rezadosti666,
likiwei,
roshanai5341,
aziiliiaa_n,
raha_rabeie,
mohamadkargar7477,
mehdi_rah_pour,
haditattoo.62,
_zahhra_._,
sahar_rahimi07,
schnatzelpambusika,
kiarash.aziziiii,
parcheh_online_saqqez,
rezadefalt,
antoine_tattoo,
quilianmc,
_just_madness_,
cnmp_145,
ar_nutricion,
jesseinstagraham,
sima.esf74,
miss_zahra7571,
zahra_allahbakhshi72,
khaniii___,
nasimeh.b67,
f.msh88,
the.faithir,
ayhan_arya7631,
yeganeh.alizadeeh,
isadellapicci,
r.javanmiri,
shirinsalimchehr,
zahraa.hasnnejad,
djtattooooo,
hanieh._.ps,
meloniteymoori,
mehdi.jafari.seven,
mojtabaheidari187,
ysrbdlwnd,
alikhodatalab,
asghar.1478,
_peyman_ch,
alireza_abdollahpoor,
paege_mavea_535,
pezhman_mz,
miss_hajiizade,
hossein_captian1,
bahram5589,
farhan231378,
broesandy,
ghazale__roshan,
armin_mohammadi_a3,
pouriam_pv,
mohamad72047821,
m.masoudi2505,
titboytattoo,
5394.ly,
ramin.h25,
iman.zalaqi,
amir.h.qmi,
davod9869,
ehs2086,
shayan73432017,
arash.1821,
shima_tatoo96karaj,
do_nt_mind,
sogand.9310,
mohammadahmadi55,
kambiz.sh_7,
mohammad_aer2017,
mina.16.4.69,
mohamad.b9885,
borhan.rahimi22,
masod_gholamiii,
mohammad_kiyokoshin,
sina_na1380,
ali._.marofi98,
kenshloo_78,
amirad2461,
vahid13673602,
abolravi1373,
imohnet,
jay_jayrusso,
rezvane_saleh_official,
abasrahmati8651,
farnush._.r,
sanysalehi,
mahdiehrostamii,
__shr_____thr,
niloofar.sh722,
sara.1989.gh,
zynab5125,
ahmad_tatoo__2018,
tina___adi,
lyrdkhrymy2,
tato_lil_iden,
talahaghnazar,
mariahmtdf90,
amir77234,
badretale,
mohamadwrestling6,
errrfan7,
jason.desel530,
mohammad.dindar.3503,
saeed.krmt,
farhad_b.r.n1313,
shahab_4gooshe,
luhbisph,
abedifarii,
javad344,
shadimsv,
minabahadori6208,
_sarah.far,
karimiihosein07,
om_id6310,
hadi.amereh,
mamad._74.79,
mohamaddehshat_org,
mohammad.abbasifar,
erk3.0,
masseguidores_es,
fr_hd190,
galeri_tablo110,
alidashty2299,
mohsen_bakhit,
mohebi7331,
sa_eed4763,
farasati.alireza,
rasolshohani24,
iran_hack_id,
ma.sood5974,
ali9455m,
hoj2875,
aliakbr552,
tina__adi,
amirfrouzan21,
mojtaba__sheybani,
saeed_tatoooo,
srasool.moosavi,
sajad_seyd_,
mehrab_mousavi1,
shahintattoo_69,
mhamad_jalili,
mehdi.jafari.seven,
nesar7074,
alializadeh7,
___miss_j___,
danialasiri2,
m59_kh,
zareali_,
roshajjjjjn,
sa.man542,
matin.tattoo,
noah.m.araujo,
nikraveshalireza,
alizangened4316,
_.haniii._.2b,
alireza_s1991,
mahsa.khalilpoorsalar,
mehr.arabkhani,
sa_mira289,
raheleh_shahriari,
mahmood___1987,
amin.punisher_95.12.17,
hossein.a4402,
mohammadreza_20178,
ehsan_sarabii,
m.nozari8583,
abzarsadra5050,
shahpoorbazr,
bashir_niy,
reza.0604,
xhwlsox,
mohsen.trafik,
rasool.sh0021,
majid.samea,
mehdi.p.z,
danielkh0sravi,
a___rjb19,
sinaa.asgarii,
amiir.pi,
mahdi_jahanjoo,
sarasamani_micropigmentation,
hanieh_akbarinezhad75,
elnaz.sajadi,
kopol663,
aidaalipour63,
__mischief__,
kk610446,
yoosefi_fariborz,
alireza.7471,
mohamad524reza,
shyn_cj,
lallense,
pimientanegra_tattoo,
mr__alireza.a,
fhymh9575,
rh6276,
farasati.alireza,
sa_ha_r.jpg,
frzdbyws,
soheil86002,
_mischievous_.girl,
shyrlrstn,
a.rahnema1995,
jordi_caruso16,
alessio1987a,
gottink_tattoo,
reza_salehi2212,
diaktiv112457,
ehsan_vkll,
aminahankhai,
aneya_,
niloofarghasemi3835,
nazanin.bala2015gm,
art_sayeh,
alireza._.8088,
ebi0k,
amir_rezaabdi,
mosighi_khorasan_,
amirrmahmoudi,
mehrab__av,
sureshdinkarjadhav,
bizhan.s76,
mr_sajad.mousavi,
gabsolu_,
6ahan_d_a,
fakhrikhana,
alitalaeiii,
faryad9415,
milad_ahadpoor,
kambizahmdy,
alrznzri,
suntra.hood,
kazemiii007,
shervin_shii,
h.a.000000,
r.o.y.a_bb,
ali.reza.ahmadiii,
reza.mogh6199,
praveennn_rao,
imansabokkhiz,
dksncbkxm,
mitra.563648,
peyman_pmc,
fari.zmni,
nagacompany,
faezehjamali.1370,
amin_saberi,
hamid9320,
farshid_mirhosseini_architect,
sdz_tattoo,
zahrakhojase,
hamed.salmaniii,
sasy.mk.1998,
_ahmad_15,
abolfazl__pk,
hamsaryabiiiiiiiiiiiii,
vahidgahani,
mr_alireza12256,
danyal._.sl77,
yashar_tattoo420,
sm13600630sm,
morteza.h.n.011,
mgzh3634,
soheil_1o,
hossyn.lan.city,
seyd_ali__,
hadis.arabi.hzh,
_erfannikzaman_,
zizishahram6969,
mohammad_abolhassani118,
baharghoreyshi72,
donyarashidi6975,
alimahdiyan1400,
pwry886,
soheil_qasemii,
shahin_tattoo,
mjydy8878,
mahdi_tiger_114,
kheyri276,
pesareshik_,
hempmagazine,
giuseppe_carriero98,
karimiihosein07,
mohsen_11d,
fardin12222,
fardin._.moradi,
yas.2317,
mohammadamin8403,
amino99259925,
caffee_marakeshi,
_mainly._.melanie_,
noelvis_gl10,
ruina.art,
majidhasanlou34,
mahdii_8181,
hasanyaghobi0096,
haniye_shiri1375,
50bhzad,
m0ozhdeh_sh,
__shr_____thr,
hasiba_em,
panahiisaba,
sajad_bay,
nooritavakolli,
amin_rahimi8433,
ruholah_gholami,
nikzadamini1370,
beniabbasi1995,
mohammad_ansari.e,
hadi.manzari.71,
amiramini86,
arshiabaqeri78,
shahpax00,
aliakbar_babazade_1,
reza__9509,
pezhman_kanani,
vahidmehrali68,
shahin.mohebi1987,
mehdi.bemani17,
saray77_official,
amir_montazer_2,
fartaaak,
sara_cosmetic_dentistry,
tablighyaar,
mohamadt.1332,
roholah_hoseini0,
niha7685,
armin__jabbari,
mahmoodlarimi,
z.sh_55,
mahan.ghasemzade,
sm13600630sm,
elenaniyakan,
barkhordari.mohsen,
fateme_hji,
sirvanrezaee,
sadegh720,
ali_sahmani,
kazemi_ghasem53,
refatgorban17,
yasin399,
hamid_mosaavii,
yakuza_tattoo2003,
martiainstallation,
_k_i_a__f_a_t_e_h_i_,
tik.tak79,
amirhossein.abiri,
alla4n__,
mr_rajabiam,
hossin.armand2642,
alighahremani57,
shahram.gholame,
arman_mostafaeii,
behnam.andalibi,
kivan5594,
_mainly._.melanie_,
luis_84_sc,
gabostattoo,
darvid_vidal_reyes,
__maryamalizadeh__,
soorin_ml,
awli_moly,
nasii1160,
_miiss_shadii,
abedifarii,
hadi__abdol,
amirhossein_org_,
mld8520,
falah9505,
abtinkalantariii,
hoseinhojabri,
farhad_imsb,
javad____rezaei,
sinahosainpanahi,
ft_mh9780,
hasan_barzegary353,
amir_beheshti_,
vandad_mnsr,
hamid_reza46661,
payam._.majed,
mohammadamooy00,
omidkoorosh,
essin_bot,
koorosh.z.4159854,
alii_blv,
nikash1572,
poyan__karimi,
morteza60081,
mojtaba.paliz,
mohamadnazoki,
viviink,
shahin_afandak,
rasoul8058,
mmad.fazli,
sobhn._,
vahid13_68,
habib_khamse,
sss__rrr2020,
sina_knoxville,
saaaaaangggggg,
maleksima3304,
shahab166,
ali.farkhonde,
best_girl_tattoo,
dina.behboodi,
cipairport,
amin_bh44,
ieman4009,
hadiiiniliigmail.com7054,
clip_cadeh2018,
hosseinmoradi1720,
miladzarei163,
yashar_noshin7164,
raha__tattoo,
mosaye1995shiraz,
toughluckdelaware,
mc_tattooo,
lahiji.ali,
hamedsamii_7,
armin.bala9275,
ali.ighani74,
ho3inyafia18,
byjn.wfayy,
anahitanazeri6044,
niloofar.sh722,
__shr_____thr,
alhrbewed,
m_.narges._,
negar.moghiseh,
yousef_zayanii,
ramonrezend,
amirreza.nz1368,
mojtaba_jelvehpoor,
hamed.rad1335,
baharr244,
trench.sf,
friba_mgz,
abdollah.79ahmadi,
galeri_post_va_zibaiye_parsiss,
nadia_7314,
mohamadhatami195,
sasan_h.pv,
davood.yousefi,
mehdi_ro_ro,
ali.hidde,
abolfazl.zolfaghari80,
miad__ch,
mojtaba__sheybani,
ehsan_azaaaad,
abolfazl.0106,
mersad.ghadimi,
reza.rasei,
banuforootan,
arameshe_zendegi,
mahdiar_kik,
militattoo,
nicoll3559,
arman_m_sh_n,
amirhosein_58,
m.r.z2332,
narges_btr,
m00051,
panahiisaba,
cgmiguel84,
hesam_bahrmi,
nastaran.nassiii,
sickblackink,
mohsen.tattoo66,
mojtaba_roostaa,
mahdehabibi,
amir66588216,
idin_72,
sahar.haddad.zand,
soliman_afshar2393,
soli_132,
s_kh_f_f,
mr.mohammad_valizade,
ba_har600,
dr_fateme_rajaee,
karimpourhaji,
parsa.madah,
hamidrezamzs,
itskailabitch,
lolo_basool,
angelcomingup,
frbheshmati,
sarakakoi,
culin.nina,
yeganeh.alizadeeh,
hadi.07070,
ali.ghorbani.jajarm.tato,
sanysalehi,
naghmehnahali,
saeiddemon_music,
tatoo_azna,
sadegh_sedeghi,
hakan_af98,
amin_avaze,
extension_elaahe,
hatred_bitter,
thereallqueennnn,
iraj.felegarei,
massage_arya102,
sahar_lavasany,
hsynhsyn6728,
arash_alb_,
shakila_oveysi,
nym.6311,
nazaninnaz1376,
leannas_spammss03,
nailart.eliw.f,
aysan4148,
morvarid_kk,
annkathringeorge,
irfwn_,
alirostami.5635,
mohamadrostami1,
dl.wnd,
komijani9358,
hoseinfariadi,
kader_.68,
reza_aref_2,
arsalan.mokhtarii,
restaurantesgrupolamadrena,
gemixtry,
davidelucia28,
albertobalboatattoo,
shokri976,
tatooforest,
kyoo_tattoo,
victormpg27,
rasool.rmzani,
ma_hsa1333,
mostafa.savaedi,
ali_pasha_privet,
arvinghorbani7,
milad.kolol22,
amir_khodroo,
reza_kelich78,
dr_inktattoo,
tattoovinnie,
gabrielkubrick,
_cornllaa,
ehsan.sadat75,
ava_ahmadzadeh,
siyavash.barber,
sajadzangishe1986,
sheri_7005,
saber34349533,
alimodarsi7,
ali_ghorbanii,
g_amir_g,
sara__4702,
rez759,
tattoo.roya.urmiyeh13,
1804scorpion,
jonas.ernsti,
abolfazll.elyasi,
samaneh___rs,
mbynw.pv,
awirhossin1586,
amiri7083g,
omid_t_r_o_m,
ghafari9750,
solran123,
aryajilani,
__mar._.mar__,
sahar_maleki00,
shayanviyan,
hasan672017,
ehsanfathi3,
moohamad_1995,
radman_rex,
gorg8262,
_kiomars_k,
tehrantabloo,
goodboy_barber,
nimarahimi88,
tattoomxmag,
n.b9827,
goligh_,
goldishalavat,
dlineatattoo,
321eliii,
moqadameh,
mamadali_khan001,
aminshsavari,
shahram9673,
amir_barabass,
nail_art_roxana,
vahiid7029,
ali_shams_baby,
safari5112,
tavana8124,
luis_84_sc,
_mr.chegini_,
_mainly._.melanie_,
hosine_gili,
saraaee_pv,
rezaalex61,
abdeluahebhamed,
esmael_zeynali,
ryhn_taji4,
syaifuliman2446,
tanjavanessajenifer,
ali.sadatiiii,
erfan7522,
rezayar1364,
hashemi.mansooreh,
amir_montazer_2,
mostafa_gholamlo,
jfr663,
zamani.388,
frhad_la,
mohamadwrestling6,
omiidghanbarii,
tehranmod_number1,
mosavimilad377,
nadia_7314,
d.r_morteza,
as4elfor,
lili.hejazi,
rafer_tato,
alireza.ezati77,
miladmoradi2993,
milad__kerman,
hamid_reza.maryam,
reza_nargesi79,
blalmalah,
arash.tatoo1375,
majid.adashi,
niloo.hairstyle.sooma,
mismailmilo,
hossein_mola74,
j.tattoo,
amirchicharitoo,
porya.akbari96,
iman_tbrai,
rozbeh_p,
amin_parsa2015,
sdybhrmrskh,
miladmirzaei53,
mahyarmoshfeghi,
abedifarii,
sadeghi__60,
naghmehnahali,
__shr_____thr,
2244saeid,
alirezaafroz11,
_ahmadreza_5800,
shadicecream_sisangan,
h____d_shojaee,
davod136,
vahid_1871,
alirezarezaii79,
eyal_barkat,
ahmad.mustafaee71,
mahmoodrad73,
majedkhalag1313,
mahdi.bashang12,
yeganeh._.md,
alirezakhazaei1.3.7.6,
ahmadusefi5593,
sootclip,
ak.tattooartist,
armanditoflores15,
lgzly7349,
i_.mehri_x,
9alikoshki,
saman.zakeri.76,
_cornllaa,
danyl.zwl,
irajebrahimii,
samankolivand19,
farshid_zullfeghari7511,
mi_fadaei,
hamid.reza4566,
atabak.bi,
sheri_7005,
babakhaniadel,
mohammad.mtz,
arman.danesh.ss,
mahdi_mahmoudi13,
yeganeh.alizadeeh,
hossein.keyvanlu,
zhr463125,
negar.ziadzadeh,
aliazadbakht_70,
salari.davood,
leila.ramzanpoor,
pariyaraddd,
veenu_singh143,
karen_janikhah,
liana_ocean,
mohammad_mashhadi1369,
russo.fedele,
sajad_m6404,
saeidparhizkar,
ma.sa2589,
hossein18.25.28_osali,
_ali._.ab._,
mehrdaddarvishi30,
gholizademahdiye,
maryam_marzban1986,
sep.msh,
hasiba_em,
salahi1379,
kiasha.veysi,
somayeh.7918,
adel_sabz_66_bahman,
maryamitannhaa,
meysool,
hoosinsamany,
mohsen._14,
alaminsa5,
hel_maw,
fatemhe.tatoo,
1zdaddy1,
asllkyl,
razraziiii,
ramona.70.m,
mamali1380am,
shahram_.68,
rezaparviz51,
roham5209,
amirabasghasemiii,
mamadkaleshagh,
masoudhaghani4812,
khoorshid1366,
behnam.niazi,
avaaaaa.1376,
raheleh_mz60,
mohammadyousefii.76b,
ali_shoja964,
_a.rp_,
bahman3559,
arshia.0761,
im.an2487,
amirhossein.abiri,
1234ostorhe,
ghafar3423,
mahdi.rasoli.71,
harleyrider74,
hossein_m1132,
milad_5605,
rs_tattoos2,
ebrahimmosavi333,
mehdiasgari.1234,
aghasy8,
sd.gryb.sd.gryb,
ali.abasi4150,
parhamtooti,
sogand__mrz,
msaodbrahoa,
zare2006gmilc,
ard_fardin_turk,
piman3661,
aghaiekhasss,
mahin.heydari,
baharak_hey,
sanysalehi,
ramirogallegocesteros,
maytecritical,
behrooz.6861,
andre_jooste_tattoo,
arvin_jpr,
hosseinr1141,
afgboy_det,
mazaher225303,
fashion.1378,
wikiwiki3665nao,
asi.parsai1406,
seyedmohammadreaz,
fatemeh84049209,
mehdi.jafari.seven,
reza_rsh_81,
mrdh.1991,
da_niel8348,
ba.hram5254,
mohsen7k_pv,
jamal.sh2189,
saeedjahani_,
bhram_ahmdie,
my.ld8034,
wdy467,
2925.syd,
mirzaiy7352,
alishokri19,
ali.__salari.1369,
parviz____jamali,
tanhaee935,
gapar3,
a.gh7577,
farshadfarnam21,
behzad137323,
hadis.eb375,
razie_gholami61,
_czechxx,
goligh_,
tattooist_ati,
atefeh.habibi27yaho5259,
mahirahi.74,
mina.mirzaie73gmail.c,
miss_nz300,
samira.vahid72,
re_za_arfaei,
ze.ynab9956,
kurd178,
poorriiyya,
navid000000000019,
alirzaw_mansouri,
3100.mohamad,
erfan__________efi,
maral_1369_mara,
nima.pourabbasi79,
fardin.tak.z,
aref.m.28,
rafiki.tattoo,
nahid.banooooooo,
amir______ali____________95,
m.hezarehfar.76,
theketomiss,
ho3ein_bidel,
pic_art5,
reza_aref_2,
_abbas.mokhtari_,
boyka.bahar,
aliiiii4312,
rezaiamir594,
alirezahr.7878,
sohel_fazle,
alireza_kheyri_tabrizzzz,
samane6036,
sadeq.__.mhd,
eli_k9079,
qazalehthri,
queensarh_,
hamidm1958,
fardinsahlabadi,
nazlii.mkh,
zekikuru17,
_pooria_mz,
sergio_arbaboun,
vahid_musavi32,
sezavar_alii,
v_4lw,
dokhtare_paiiz.69,
saber.m.irani,
khzm2662,
fsabr5320,
ali_khaksar9504,
radin.bayat91,
_shahin_rej,
purya_godarzi_,
amir.javadiyeh,
mohanad_abbasi,
maryam.sp1366,
hamedyaghubi6815,
hadi_mosavi3309,
ho3in_zamanii,
hasan_shayesteh7,
atliye_tandis,
abolfazlhassanpor,
abb_ss171760,
laura_poss,
u_r__,
mahdiehrostamii,
jerryjun_tattooer,
faraz_zino,
seyed5mehdi,
hadi.kordi2031,
khashkhash._.xrxsrs,
poriya.brz,
annkathringeorge,
miss_zahra7571,
kamran_ghasemi2687,
_s.rah__,
emadtkd4561,
saeed.2082,
hmid._.ba,
amirosein__,
auob.gh5268,
robinannsain,
hadi__abdol,
deniznailart,
mooriss.hji777,
milad._1377_,
amirhosein.exe,
farzane_s_m,
neda_daniar14a,
h_a_d_i_s2467,
nilliiiiiiiii,
sogandahmadi71,
yasemajidi,
donyarashidi6975,
yassin_allahham,
mr_e.s.n,
ramin.r2020,
shahin_delavar,
sinamahdavi4,
iali00513,
amirhossein_ahp,
karfidovdenis,
saramalekmo,
5087.y,
safkar_semnan,
nailghazalbanooo,
majidk90,
milad.dr70,
mohsenjamali0,
sahar.zeynali1360,
rkhshnyhkhym,
ali_zareee2973,
ayansarmad,
salone_parizad,
tatoo_shoopp,
kourosh_arya012,
r.ramezani8,
1.amingh,
mohamad.badramii,
shahryar0861,
mmirgafariii,
3605_myr,
hdden___prwt,
hedi._.seyfi,
doonya_davood,
s.azariiii,
komocholoo,
mina_vahdaty,
damon_conklin,
masoudk_shams7276,
mohsengtb,
nadelwaldt,
sara_karami_68,
arashmahdavi1376,
mehdi_farsi1981,
hoseinzafari8,
shobstar22,
cristiina0431,
559marmar,
aliakbari7112,
gharibe156,
myhakel,
milad1998gm,
afshin.khalilinasab,
shahin.aq,
shayan76007,
yas.2317,
ali.jadidi68,
ab.bas475,
salar_roshani75,
zahra_yousefali77,
gallery_honary_zaya,
fatemeh.2149,
alireza_abdollahpoor,
sajjad.jafari.9824,
quilianmc,
naderi1884,
matin.kips6281,
babak.official_,
__hossein.t__,
moh3n_keykha_,
amirhoosein52,
vahid_6890,
shadi.2.7,
sisolii,
ali.farkhonde,
mochtba3404,
sahar_.a.j._,
h2.ho3ein,
amir_nolove_mehrabi,
hossein.mahmoodi7847,
hossein.ganjiii,
nima_azizi1985,
alina_vax,
kalbi47887,
porya684,
mohammad_hashemzadee,
tina_21581181,
araste6142936,
parisa_khorrammanesh,
baharalikhani10,
mohammad_ferferi,
peranses_aylin96,
behzad.holako,
sokotlab,
talahaghnazar,
ho3ein.dodangeh,
ali_davoudiiii,
matinpuma,
fafariii78,
mohammad.brh1988,
iceboyh.20azhak,
ali.f_1010,
arminaghayi.official,
alikbarkarimi,
omiduw,
sina2015s,
mehran.sh72sh.z,
imanbatis,
abdoli.sheyton,
zahracffs,
hossein_farrokh_,
hamed.mohammadi.69,
e.r.f.a.n.97,
davood_jaluli,
_behzadd.hz4444,
mohammad.035.tak_pesar,
dandanpezeshkitiamm,
amin.73.13,
masoud1083,
fateme.nasiri.392111,
ali_mirdar_99,
nooshin_shamoradi73,
lili.rahnama.25,
hadith_99,
shiva_iix,
safieghafari,
faraz.soheyli,
karimiihosein07,
nouri8817,
erfan_a__k,
mina_radii_13799,
mohsenrahimi55,
dr.ywsh2579,
mohii33,
owaiz_khan_m_d_v,
nozar1113,
omid_taromi_,
shivegar,
klaketbox,
miss.ehtshm,
ctst_tattoos,
noori6941,
goyo_mini,
_mahoor_69,
eraj.5851,
hesam_nejati_021,
pari___137474,
ali.migozaradd,
mortza2585,
saeed.6657,
mehdi_jahed13,
hessaam_steps,
pouya.8564,
mahdi0_o18,
sasan_si_1249,
amirhosein_reyhaniii,
saeed_y_1991,
makhdoom7306,
masoudrezamand2018,
reza_taro0omiii72,
snz.hd,
hajipour_jj,
_fifi_n1368,
sinaa.313,
_fh.nazarian,
nima_sparrow,
ali.seidi.7,
fatemewrad,
stern.kgh19,
_fahime_taheri,
mz_eddie_,
makdashooshtary,
mohamad.mohamadzade021,
_mohammadbalaei,
amirarabani0013,
12.3452600,
ja.mal8043,
amirhossin13763639,
yashar_sahrai,
sina_slipper,
farangis.kind,
_ale_wonder_,
nojanstudio,
re.5964,
reza.sheybany,
ami.9460,
nyz797,
soltan.kvir.1372,
sfndyr32,
73mariii,
amir23742686,
danielgraytattoos,
miladdargahii,
erf.420,
shahabariyana021,
mohamadj000kar2018,
parsa.r1998,
1408as.me,
matunga_cessi,
_rafieisaghar_,
negarbavaqar,
manijheh_t,
hengameh.omidi327,
bap262,
mohamad_motlagh4,
hamidsharifihamid,
hassan.samii1365,
hadi.johari71,
samurai24.9.21,
ariyan.ahmadian,
karem.702321,
amirsalehi8614,
j.moh3n,
asedi0340,
milad114altog,
hamed_vahidi65,
leyla.hoseyniii,
sh.shabanpoor8284,
mehdi_faaaaar,
miranjamal172yoo.com1829,
behnam.fakhimi9,
amirfrouzan21,
mohamad.dj_,
nasii1160,
aidaalipour63,
mohsen.jahanbakhsh.info,
aliasghar_dn_,
mehrnoosh.abbasi,
farzad_kouhestani,
armane_tam,
me.me9930,
mhmdhsyny466,
himn.zand,
farshad1.3.6.9,
meysam______hajihosinlo,
isabeau1086,
amir_montazer_2,
amir_montazer_2,
fabiana_mirra96,
mariyanasirian_nail,
amir_montazer_2,
blackeyesf88,
